ticker,shares_outstanding,shares_asof
AA,263909445.0,2026-07-27
AAOI,80242767.0,2026-05-05
AAME,20397228.0,2025-10-31
A,282431944.0,2026-05-27
AAL,661969951.0,2027-07-17
AAP,60300000.0,2026-05-18
AAPL,14594180000.0,2026-07-17
AAPG,373322192.0,2026-04-01
ABAT,136414409.0,2026-05-08
AAON,81911710.0,2026-05-05
ABEO,56995144.0,2026-05-08
ABCL,305375393.0,2026-05-07
ABBV,1767117285.0,2026-07-27
AARD,21816385.0,2026-04-30
ABSI,155905056.0,2026-04-30
ABT,1741812429.0,2026-03-31
ABUS,197537710.0,2026-05-11
ABVC,26000442.0,2026-05-14
ABTC,82802406.0,2025-08-14
ABG,17951917.0,2026-07-29
ABTS,2369995.0,2025-12-31
ACDC,180920753.0,2026-05-01
ACFN,2508258.0,2026-05-05
ACCL,12500000.0,2025-06-30
ACET,9348236.0,2026-05-19
ABOS,72227580.0,2026-05-07
ACI,485325683.0,2026-07-24
ACB,56234231.0,2025-03-31
ACHC,92211777.0,2026-02-25
ACHV,102659057.0,2026-05-12
ACAD,171235870.0,2026-04-29
ACIU,101742231.0,2025-12-31
ACGL,349389588.0,2026-05-01
ACIC,48464047.0,2026-05-01
ACIW,101661570.0,2026-05-04
ACM,128522920.0,2026-05-08
ACMR,14176690.0,2019-03-08
ACON,2462250.0,2026-05-11
ACNT,9038215.0,2026-05-04
ACRV,42801729.0,2026-05-08
ACLS,30733897.0,2026-05-05
ACOG,21774104.0,2026-05-14
ACN,637016143.0,2010-03-19
ACT,139600745.0,2026-05-04
ACTG,96589132.0,2026-05-04
ACXP,4297738.0,2026-05-11
ACTU,23925852.0,2026-05-13
ACNB,10212044.0,2026-04-30
ADGM,22210459.0,2026-05-08
ADAG,59231993.0,2025-12-31
ADAM,89879786.0,2026-07-24
ADEA,110293749.0,2026-04-24
ADBE,397500000.0,2026-06-11
ACRS,139663680.0,2026-04-30
ADI,487087040.0,2026-05-02
ADP,399734282.0,2026-04-27
ADSK,211000000.0,2026-05-21
ADSE,60436227.0,2025-12-31
ADM,481956527.0,2026-04-30
ADPT,160044392.0,2026-04-30
ADTN,81481407.0,2026-08-03
ADUS,18664776.0,2026-04-28
ADUR,29613178.0,2025-05-31
AEBI,77506125.0,2026-05-08
AEE,276843251.0,2026-07-30
ADMA,231772715.0,2026-05-01
AEHR,32620450.0,2026-07-20
ADVB,1382133.0,2026-03-31
AEHL,4580547.0,2025-09-30
ADIL,2143621.0,2026-05-06
AEIS,40050442.0,2026-07-29
AEMD,2370560.0,2026-06-08
AEI,38895830.0,2026-05-14
AEP,544104955.0,2026-05-05
ADV,13295280.0,2026-05-05
AFCG,23528844.0,2026-05-01
AENT,50930770.0,2024-05-09
AEYE,12438294.0,2026-04-30
AES,713157713.0,2026-05-01
AFJK,3166332.0,2026-06-16
AERT,47152626.0,2025-07-01
AEVA,63040821.0,2026-04-30
AGIO,59701882.0,2026-07-24
AGMB,34167168.0,2025-12-31
AFL,508984904.0,2026-04-28
AFRI,26917597.0,2025-12-31
AGRZ,20423485.0,2024-12-31
AGYS,28205788.0,2026-07-17
AGPU,10404641.0,2026-05-11
AGEN,41642431.0,2026-05-07
AGNC,1185481447.0,2026-07-30
AIAI,70313990.0,2026-06-22
AGNT,164323924.0,2026-03-31
AIDX,10611528.0,2026-05-19
AIFF,15571780.0,2026-05-08
AIFU,1134236184.0,2023-12-31
AHCO,136054152.0,2026-05-01
AIFC,139836511.0,2026-05-12
AIHS,14557489.0,2026-06-26
AIFA,6377521.0,2026-06-12
AIP,46171982.0,2026-05-05
AIRE,134118789.0,2026-04-27
AIRJ,68472740.0,2026-05-01
AIOT,134180878.0,2026-06-12
AIMD,7384073.0,2026-08-03
AIOS,14695347.0,2017-12-31
AIRT,2696509.0,2026-05-31
AIRO,31445644.0,2026-05-12
AIRG,12675780.0,2026-04-29
AIG,530206221.0,2026-04-24
AISP,34439562.0,2026-05-08
AIXC,20234993.0,2026-05-11
AJG,256900000.0,2026-03-31
AKBA,268258243.0,2026-05-04
AIZ,49547637.0,2026-05-01
ALAB,171407939.0,2026-04-30
AIRTP,2696509.0,2026-05-31
AKAN,1983546.0,2025-12-31
ALB,117934651.0,2026-04-29
ALEC,111025187.0,2026-05-01
ALDX,60321068.0,2026-05-05
ALDF,29868214.0,2025-10-27
ALCO,7416327.0,2026-05-07
AKAM,145385451.0,2026-05-04
ALGM,186402046.0,2026-07-27
ALIS,8427500.0,2026-05-15
ALGN,71618127.0,2026-05-01
AIRS,70545681.0,2026-05-07
ALGS,42608792.0,2021-08-04
ALHC,207435149.0,2026-07-27
ALKT,106941980.0,2026-06-30
ALL,257420930.0,2026-04-13
ALLE,85036786.0,2026-07-20
ALGT,18437290.0,2026-04-29
ALKS,167763272.0,2026-07-23
ALLR,15910724.0,2026-05-15
ALLT,48645282.0,2025-12-31
ALM,262776228.0,2025-12-31
ALMR,69311186.0,2026-04-30
ALK,111428978.0,2026-04-30
ALMU,18305335.0,2026-05-08
ALNY,133809118.0,2026-07-24
ALOT,7747772.0,2026-06-04
ALNT,16996512.0,2026-05-06
ALOY,61213498.0,2026-05-15
ALLY,304199693.0,2026-07-21
ALLO,345154561.0,2026-05-11
ALRM,49460583.0,2026-04-30
ALP,23470877.0,2026-03-31
ALVO,312021375.0,2025-12-31
ALTO,77485153.0,2026-05-07
ALT,194474154.0,2026-05-08
ALZN,4791525.0,2026-07-22
ALRS,24903238.0,2026-07-30
ALXO,134562917.0,2026-05-01
ALV,73237217.0,2026-07-10
AMAL,29900147.0,2026-08-03
AMCR,462345690.0,2026-05-05
AMD,1630600639.0,2026-04-29
AMCI,22600363.0,2026-05-18
AME,229261244.0,2026-07-28
AMIX,11409344.0,2026-06-10
AMAT,793959430.0,2026-04-26
AMBA,43868185.0,2026-05-28
AMOD,54169609.0,2026-05-14
AMGN,539708274.0,2026-04-27
AMLX,111186317.0,2026-04-27
AMP,89897084.0,2026-04-24
AMKR,247872518.0,2026-04-21
AMPG,25338799.0,2026-05-11
AMPH,44092919.0,2026-05-01
AMRX,319022792.0,2026-04-30
AMPGZ,25338799.0,2026-05-11
AMSF,18536058.0,2026-07-17
AMST,5852985.0,2026-05-18
AMSS,11424315.0,2026-06-26
AMZN,10786313572.0,2026-07-22
AN,33060806.0,2026-07-29
AMSC,47694445.0,2026-05-22
AMTX,70366477.0,2026-04-30
AMT,465893069.0,2026-04-21
ANDE,34054056.0,2026-04-24
ANGO,41332389.0,2026-07-10
ANGH,9064808.0,2025-12-31
ANAB,29100902.0,2026-05-07
ANIX,34023063.0,2026-06-10
ANPA,12500000.0,2025-09-30
ANNX,38563565.0,2022-05-02
ANNA,4589913.0,2024-11-08
ANTX,36016161.0,2026-05-07
ANET,1259202593.0,2026-04-30
ANIK,13382966.0,2026-07-24
AOS,75732188.0,2015-08-05
ANY,4243822.0,2026-05-08
AON,212125434.0,2026-07-28
APC,12570223.0,2026-05-08
APA,353470227.0,2026-04-30
APD,222685530.0,2026-06-30
AOUT,12507120.0,2026-06-18
ANIP,24422240.0,2013-02-28
APLD,291469112.0,2026-07-28
APEI,18343488.0,2026-05-07
APH,1232983457.0,2026-07-28
AOSL,29929578.0,2026-04-30
APO,576517513.0,2026-05-05
APPS,120661979.0,2026-05-21
APRE,12382776.0,2026-05-13
APTV,211620527.0,2026-05-01
APWC,20616227.0,2025-12-31
APVO,1246105.0,2026-05-13
APLM,2196052.0,2026-04-24
AQST,125450119.0,2026-05-11
APYX,41873951.0,2026-05-06
ARAI,51859347.0,2026-05-15
APOG,20868294.0,2026-06-25
ARAY,118963696.0,2026-04-30
ARBE,122649743.0,2026-03-01
ARCI,35262000.0,2026-05-14
AQMS,3563531.0,2026-07-24
ARCB,22351354.0,2026-07-28
AQB,5147204.0,2026-05-05
ARCT,28423069.0,2026-05-05
ARE,174247570.0,2026-07-15
ARCC,718022845.0,2026-04-23
ARDX,247029387.0,2026-04-23
ARBB,1765256.0,2025-06-30
ARKO,112185721.0,2026-05-05
ARHS,136946392.0,2021-12-01
ARLP,128658801.0,2026-05-08
ARES,103332418.0,2019-04-29
ARKR,3606157.0,2026-05-08
ARQT,125083374.0,2026-04-30
ARMK,262953564.0,2026-05-01
ARQQ,11545354.0,2024-09-30
ARRY,153826378.0,2026-05-04
AROW,16529019.0,2026-04-30
ARTL,2333540.0,2026-05-13
ARVN,64521198.0,2026-05-07
ARTNA,7761699.0,2012-05-02
AREC,106971272.0,2026-05-19
ARTW,5201386.0,2026-06-22
ARW,51133946.0,2026-04-30
ARTV,24716672.0,2026-04-30
ARWR,140857021.0,2026-05-01
ASMB,15892608.0,2026-05-01
ASND,61977408.0,2025-12-31
ARQ,42926258.0,2026-05-04
ASO,62018371.0,2026-06-03
ASPS,11420206.0,2026-07-17
ASBP,1295234.0,2026-05-13
ASML,385417665.0,2025-12-31
ASLE,52990947.0,2034-03-05
ASPI,125903447.0,2026-05-20
AVBP,46574928.0,2026-05-08
AVBH,10955167.0,2026-04-30
AVLN,44333095.0,2026-06-02
AURE,9150000.0,2023-09-30
AVPT,212017196.0,2026-05-06
AVR,97342203.0,2026-05-11
AVTR,682755402.0,2026-04-24
AVT,82024081.0,2026-04-25
AVO,88319807.0,2026-06-03
AVNW,12939463.0,2026-04-30
AVTX,52565572.0,2026-05-08
AVGO,4757580198.0,2026-05-29
AVY,76490385.0,2026-05-02
AWRE,21812637.0,2026-07-27
AXGN,53761513.0,2026-07-27
AWK,198728989.0,2026-07-20
AVXL,92671758.0,2026-02-09
AXSM,51459766.0,2026-04-27
AVX,92441312.0,2026-05-14
AXP,675309833.0,2026-07-14
AXTI,65423184.0,2026-05-04
AXON,80602077.0,2026-04-30
AZ,43888042.0,2025-12-31
AZIO,12930719.0,2026-05-18
AXG,15500000.0,2024-03-31
AYTU,10733208.0,2026-04-30
BAER,57637641.0,2026-05-04
BAC,6992748365.0,2026-07-30
AZTA,46092804.0,2026-05-04
BALL,264703357.0,2026-07-31
AZO,16325355.0,2026-06-05
BAH,120284973.0,2026-07-20
BAFN,4108072.0,2026-05-05
BANL,27500000.0,2024-12-31
BANR,33967943.0,2026-04-30
BANFP,33586387.0,2026-04-30
BBCP,50393420.0,2026-05-29
BANF,33586387.0,2026-04-30
BBBY,73938495.0,2026-04-24
BAOS,1534487.0,2025-12-31
BBOT,80107104.0,2026-05-07
BBLG,1795260.0,2026-05-14
BA,790370020.0,2026-07-21
BBSI,24559649.0,2026-04-22
BBWI,201561812.0,2026-05-22
BAX,516995999.0,2026-07-23
BCAL,32164824.0,2026-05-05
BCAX,65703866.0,2026-05-05
BBIO,195861242.0,2026-04-30
BBNX,44989688.0,2026-07-27
BCAB,32315301.0,2021-08-13
BCIC,12377481.0,2026-05-04
BCG,16810131.0,2026-05-15
BCBP,17363157.0,2026-05-01
BCDA,11374724.0,2026-05-13
BCML,10909317.0,2026-05-06
BCPC,31878021.0,2026-07-23
BCRX,254162660.0,2026-04-30
BBY,210767126.0,2026-06-03
BDMD,40979382.0,2025-12-31
BDSX,10108580.0,2026-04-29
BEAM,103287665.0,2026-07-28
BDTX,57301774.0,2026-05-01
BCC,34891351.0,2026-07-31
BDX,275540427.0,2026-03-31
BEEP,41200000.0,2026-05-01
BEAT,55506835.0,2026-05-11
BELFB,2174912.0,2011-08-01
BELFA,2174912.0,2011-08-01
BEEM,22201586.0,2026-05-12
BFC,11163169.0,2026-05-11
BFRG,18541651.0,2026-05-13
BEN,508076910.0,2026-07-22
BCTX,8699787.0,2026-06-09
BG,194018115.0,2026-04-27
BGDE,5521252.0,2026-05-07
BFST,32549883.0,2026-07-24
BGLC,2417314.0,2026-05-15
BGIN,113135941.0,2025-12-31
BGM,35750000.0,2023-09-30
BGMS,5519456.0,2026-05-13
BFRI,12803344.0,2026-05-13
BHST,22666842.0,2025-12-31
BIOA,44452734.0,2026-05-01
BIOX,63228239.0,2025-06-30
BIIB,147637117.0,2026-04-27
BHF,57445785.0,2026-05-01
BJ,127693987.0,2026-05-21
BJDX,1034715.0,2026-05-04
BIAF,4534906.0,2026-05-04
BKHA,4153577.0,2026-07-15
BKR,992674071.0,2026-07-23
BKNG,774878436.0,2026-04-20
BKYI,1085360.0,2026-06-19
BIYA,1185835.0,2025-12-31
BIVI,7541839.0,2026-05-11
BLDP,300784816.0,2025-12-31
BJRI,21273765.0,2026-07-28
BL,58660917.0,2026-04-30
BLFS,48857415.0,2026-04-30
BHRB,20149806.0,2026-05-05
BLIN,12599879.0,2026-05-14
BLIV,10864802.0,2025-12-31
BLBD,31646589.0,2026-05-01
BLNE,31178713.0,2026-05-15
BLDR,107596457.0,2026-07-23
BLNK,143682259.0,2026-05-08
BLK,154926181.0,2025-04-30
BLMN,85614287.0,2026-05-04
BMEA,72299440.0,2026-05-02
BLKB,45390097.0,2026-07-27
BLZE,61900000.0,2026-07-27
BMR,15529854.0,2025-12-31
BMGL,18785750.0,2025-06-30
BMRA,3090269.0,2026-04-13
BMRC,16189707.0,2026-04-30
BNAI,6507687.0,2026-05-15
BMHL,25000000.0,2026-03-31
BMRN,193284438.0,2026-04-23
BMBL,119799036.0,2021-07-31
BNGO,11475000.0,2026-05-06
BNTC,34354334.0,2026-05-04
BMY,2042714656.0,2026-07-22
BNC,41263850.0,2026-06-15
BNY,678504142.0,2026-06-30
BOKF,60766867.0,2026-06-30
BOLT,1921567.0,2026-05-05
BNRG,715852.0,2025-12-31
BNKK,8000940.0,2026-05-13
BON,3970558.0,2024-09-30
BOOM,20540949.0,2026-07-22
BOTJ,4543338.0,2026-05-13
BOLD,22464111.0,2026-05-05
BOF,15316030.0,2026-05-14
BPOPM,64537709.0,2026-05-05
BPOP,64537709.0,2026-05-05
BPYPM,435979195.0,2020-12-31
BPYPN,435979195.0,2020-12-31
BR,114021798.0,2026-07-31
BPYPO,435979195.0,2020-12-31
BOXL,4001707.0,2026-05-11
BPRN,6811150.0,2026-05-05
BRAG,25553293.0,2025-12-31
BRBI,200546184.0,2025-12-31
BPYPP,435979195.0,2020-12-31
BRFH,16143501.0,2026-05-11
BRLS,21463306.0,2026-07-28
BRK-B,941481.0,2011-04-29
BOSC,7028934.0,2025-12-31
BRR,90573524.0,2026-05-13
BRTX,25478170.0,2026-05-14
BRO,334610357.0,2026-07-24
BRLT,9583332.0,2021-11-09
BSBK,12854400.0,2026-05-11
BRRWW,90573524.0,2026-05-13
BRKR,151719365.0,2025-07-29
BRID,9076832.0,2026-06-01
BSIN,52320429.0,2026-05-04
BSET,8658269.0,2026-06-26
BSVN,9519335.0,2026-05-11
BRZE,112631669.0,2026-05-20
BSX,1449229526.0,2026-07-30
BTCT,9516975.0,2025-12-31
BSRR,12963397.0,2026-07-27
BTAI,30877605.0,2026-05-14
BTCS,49775371.0,2026-05-14
BTOC,45443079.0,2026-05-12
BTSG,197864241.0,2026-07-28
BTSGU,197864241.0,2026-07-28
BTBD,6184724.0,2026-05-18
BTBT,349190420.0,2026-05-11
BURL,62942206.0,2026-05-02
BVC,159750000.0,2025-06-30
BTDR,235552084.0,2025-12-31
BTTC,7723620.0,2025-11-28
BUSE,84577160.0,2026-05-07
BTOG,58211111.0,2025-06-30
BWA,205114941.0,2026-05-01
BWIN,33988164.0,2020-11-06
BWMN,17507734.0,2026-05-01
BVFL,8658965.0,2026-05-07
BX,742879807.0,2026-05-01
BWEN,23404116.0,2026-05-07
BYAH,25000000.0,2024-10-31
BWFG,7973180.0,2026-04-29
BXP,159477391.0,2026-05-01
BWB,27883823.0,2026-07-28
BYSI,41119820.0,2026-04-30
BYND,515342392.0,2026-05-06
BZAI,142299461.0,2026-05-14
BYFC,6145451.0,2013-11-05
CAAS,30170702.0,2025-12-31
CABA,163054796.0,2026-05-07
CABR,9091506.0,2026-05-11
C,1749319009.0,2026-01-31
BXBL,10295800.0,2026-05-14
CADL,73270239.0,2026-05-07
BYRN,22693356.0,2026-07-09
CAH,235316016.0,2026-01-31
CAC,16914680.0,2026-04-30
CACC,10460071.0,2026-04-23
CAE,320265108.0,2025-03-31
CAG,478565642.0,2026-06-28
CALM,46917080.0,2026-07-22
CAMT,45828133.0,2025-12-31
CAPN,5288092.0,2026-05-15
CAMP,51925800.0,2026-05-06
CAKE,49760634.0,2026-07-27
CALC,15798031.0,2026-05-07
CAPR,57911893.0,2026-05-11
CAPS,12625905.0,2026-05-19
CAR,35324986.0,2026-04-22
CARE,22222010.0,2026-05-01
CAI,282680695.0,2026-05-05
CART,235029814.0,2026-04-30
CARL,27184933.0,2026-05-01
CASY,37004914.0,2026-06-16
CAT,460637026.0,2026-03-31
CASH,21110034.0,2026-04-29
CARR,830580423.0,2026-04-15
CBC,239768162.0,2026-05-10
CATY,67035475.0,2026-04-30
CBLL,37942700.0,2026-05-07
CBIO,37143940.0,2026-07-27
CBFV,5072611.0,2026-05-06
CBK,13701269.0,2026-05-13
CASS,12871149.0,2026-05-01
CBOE,104431019.0,2026-07-24
CBNK,16288055.0,2026-05-06
CBRL,22351460.0,2026-06-01
CCAP,36845952.0,2026-05-13
CBUS,4973687.0,2023-04-28
CB,387860106.0,2026-04-21
CBRE,289575298.0,2026-07-27
CCCC,110567222.0,2026-05-01
CCC,588994704.0,2026-07-28
CCBG,17101409.0,2026-04-27
CBSH,145777158.0,2026-05-05
CCEC,59487853.0,2025-12-31
CFG,421176788.0,2026-07-24
CELU,28945961.0,2026-04-28
CFFN,126769827.0,2026-05-01
CEVA,27859369.0,2026-05-05
CG,359974427.0,2026-05-05
CGBD,69497128.0,2026-05-08
CGC,422154892.0,2026-06-11
CGEN,94553191.0,2025-12-31
CFFI,3254362.0,2026-05-07
CGEM,61458046.0,2026-04-30
CFBK,5316573.0,2020-05-01
CGTL,21437500.0,2024-09-30
CHAI,19922402.0,2025-12-31
CGTX,89498015.0,2026-05-05
CHCI,8296212.0,2021-03-26
CGNT,73078376.0,2026-01-31
CHD,237203907.0,2026-07-29
CHCO,14111166.0,2026-05-04
CHEF,40777629.0,2026-04-24
CHKP,105596035.0,2025-12-31
CGNX,166419451.0,2026-05-03
CHDN,69700243.0,2026-07-22
CHR,10070012.0,2023-12-31
CHGA,12047651.0,2026-05-11
CHNR,1256388.0,2025-12-31
CHRN,3563381.0,2026-04-27
CGON,88202473.0,2026-05-06
CHRS,154249900.0,2026-04-30
CHRW,116851258.0,2026-07-29
CHTR,270927828.0,2016-06-30
CHMG,4819820.0,2026-05-01
CI,264240486.0,2026-07-24
CIEN,141552922.0,2026-05-29
CIGI,30070104.0,2012-12-31
CHRD,56299183.0,2026-05-04
CINF,153478045.0,2026-07-22
CING,13276022.0,2026-05-12
CIRC,81293032.0,2026-06-12
CISO,45313337.0,2026-05-13
CIIT,9673907.0,2026-06-22
CIFR,415030722.0,2026-08-03
CIVB,20783348.0,2026-05-01
CL,797172829.0,2026-06-30
CLAR,38441486.0,2026-04-30
CLDX,78492072.0,2026-04-29
CLBT,249439817.0,2026-02-23
CLBK,100.0,2026-03-31
CLFD,13589460.0,2026-05-01
CLGN,12803006.0,2025-12-31
CJMB,5646118.0,2026-05-14
CLIR,5412633.0,2026-05-11
CLMB,18660639.0,2026-07-30
CLNN,12778307.0,2026-05-11
CLF,570540047.0,2026-07-23
CLMT,87147147.0,2026-05-08
CLPS,29743452.0,2025-10-06
CLSK,256608606.0,2026-05-07
CLNE,220224634.0,2026-04-30
CLRO,2675412.0,2026-05-15
CLX,120921351.0,2026-04-16
CLRB,7991812.0,2026-05-12
CMCO,28864244.0,2026-07-27
CLST,4051896.0,2026-05-12
CMCSA,2063073161.0,2009-12-31
CLPT,30504227.0,2026-07-27
CMC,110624335.0,2026-06-25
CMI,137664487.0,2026-06-30
CLWT,7447012.0,2025-12-31
CMCT,2639158.0,2026-05-01
CME,66643583.0,2010-02-17
CLYM,57260523.0,2026-04-30
CMPR,24232090.0,2026-04-27
CMND,158076.0,2026-01-19
CMPX,180087915.0,2026-04-30
CMTV,5591253.0,2026-05-05
CMS,313577136.0,2026-07-13
CMTL,29961431.0,2026-06-11
CNC,493995000.0,2026-07-24
CMG,1265418000.0,2026-07-24
CNCK,162983725.0,2026-03-31
CNDT,155096814.0,2026-05-07
CNP,654169480.0,2026-04-15
CNSP,1461449.0,2026-05-13
CNEY,4988337.0,2025-09-30
CNTB,62963853.0,2026-04-30
CNET,3668429.0,2026-05-15
CMPS,134949320.0,2026-05-06
CNTN,69804880.0,2026-05-11
CNOB,54295380.0,2026-08-04
CNXC,61018350.0,2026-06-30
CNXU,26758330.0,2026-06-10
CNXN,25238099.0,2026-07-22
COAG,46705410.0,2026-05-08
CNTX,91879177.0,2026-05-04
COCH,76881110.0,2026-05-11
CNVS,23417021.0,2026-06-19
CNTY,28171856.0,2026-05-04
CODX,3602465.0,2026-05-12
COCO,57397082.0,2026-07-21
CMRC,82512244.0,2026-05-05
COHR,195639321.0,2026-05-04
COF,622292783.0,2026-04-30
CODA,11280754.0,2026-06-15
COKE,7141447.0,2016-03-04
COCP,13787453.0,2026-05-15
COHU,47338433.0,2026-07-21
COLA,4494439.0,2026-05-15
COGT,170868004.0,2026-05-01
COFS,14975035.0,2026-04-30
COLM,51140792.0,2026-04-24
COP,1218294007.0,2026-03-31
COLB,289490366.0,2026-04-30
COLL,32433779.0,2026-04-30
CORT,108098397.0,2026-07-22
COR,194561060.0,2026-04-30
CORZZ,321340441.0,2026-07-23
CORZ,321340441.0,2026-07-23
COST,443478804.0,2026-05-27
COO,195030630.0,2026-06-01
COOT,27898538.0,2025-06-30
COYA,23457183.0,2026-05-08
CORZW,321340441.0,2026-07-23
CPBI,4182777.0,2026-06-18
CPAY,65361919.0,2026-05-01
CPIX,14983107.0,2026-05-05
CPSH,18006963.0,2026-04-28
CPB,298206243.0,2026-06-02
CPSS,21698565.0,2026-04-24
CPT,100539350.0,2026-07-24
COSM,54428491.0,2026-05-18
CPRT,925811482.0,2026-05-27
CPHC,5150334.0,2026-05-11
CRAI,6463038.0,2026-05-01
CRDL,100257009.0,2025-12-31
CREX,10567268.0,2026-05-13
CRBP,18527795.0,2026-05-08
CRBU,99180575.0,2026-04-30
CRH,665284511.0,2026-07-20
CRIS,38978693.0,2026-05-08
CRDO,186477898.0,2026-06-08
CRL,48167730.0,2026-04-24
CRGO,51376890.0,2025-12-31
CRMD,78451891.0,2026-05-11
CRM,819000000.0,2026-05-21
CRML,104912853.0,2025-06-30
CRDF,68369896.0,2026-04-30
CRNT,88392925.0,2025-12-31
CRON,373662039.0,2026-05-06
CRSP,96692653.0,2026-07-31
CROX,47945075.0,2026-07-23
CRSR,106882211.0,2026-04-24
CRNX,106065229.0,2026-07-22
CRVL,50691185.0,2026-05-19
CRTO,50244527.0,2026-05-01
CRMT,8327329.0,2026-07-14
CRUS,50582893.0,2026-05-19
CRVO,9258719.0,2026-05-06
CRVS,84090424.0,2026-05-07
CRWD,254564820.0,2026-05-28
CSCO,3941434665.0,2026-05-14
CRNC,45187809.0,2026-04-30
CRWS,10760287.0,2026-05-31
CSHR,131780209.0,2026-04-30
CSIQ,67810136.0,2025-12-31
CSTE,34573899.0,2025-12-31
CSBR,13893569.0,2026-07-23
CSX,1852474917.0,2026-06-30
CSPI,10071847.0,2026-05-04
CSWC,63733867.0,2026-07-30
CTAS,400087119.0,2026-03-31
CTAA,12515000.0,2026-03-30
CSGP,405197588.0,2026-07-27
CSTL,30549507.0,2026-07-23
CTNM,23099173.0,2025-10-27
CTNT,36177712.0,2026-03-19
CTBI,18163721.0,2026-04-30
CTRN,8329848.0,2026-05-29
CTMX,217702919.0,2026-04-30
CTKB,129142587.0,2026-04-30
CTSH,473869469.0,2026-04-24
CTVA,667196000.0,2026-07-24
CTXR,27452570.0,2026-05-14
CTRM,9662354.0,2025-12-31
CTOR,92981204.0,2026-05-14
CUE,4045701.0,2026-05-12
CULP,12662784.0,2026-07-15
CURI,59287600.0,2026-05-08
CURR,76611444.0,2025-12-31
CVBF,176455196.0,2026-05-01
CV,49963586.0,2026-05-12
CVCO,7689402.0,2026-07-23
CURX,28364812.0,2026-05-14
CVKD,2868247.0,2026-05-06
CVS,1275927307.0,2026-04-29
CVGI,40632682.0,2026-08-03
CUPR,7365000.0,2026-04-27
CVV,6940509.0,2026-05-13
CTSO,62794748.0,2026-05-07
CVLT,41250627.0,2026-05-07
CWCO,16000190.0,2026-05-06
CXAI,70089277.0,2026-05-11
CVRX,26535944.0,2026-05-05
CWBC,27134206.0,2026-05-07
CYAB,14064191.0,2026-05-14
CXDO,32415373.0,2026-04-30
CVX,1991597732.0,2026-03-31
CYPH,106464482.0,2026-05-12
CYCN,4330314.0,2026-05-08
CYH,141009357.0,2026-07-16
CYN,14423281.0,2026-05-14
CYTK,124432565.0,2026-05-04
CYRX,50402313.0,2026-04-28
CZNC,17916586.0,2026-05-04
CYCU,10709032.0,2026-06-05
CZFS,4804936.0,2026-04-29
CZR,203676930.0,2026-04-23
DAKT,48284844.0,2026-06-15
DAIO,9394422.0,2026-04-30
DAN,108235699.0,2026-05-01
D,879455403.0,2026-04-24
DARE,14979502.0,2026-05-13
CZWI,9644112.0,2026-05-06
DBGI,22985558.0,2026-05-20
DCGO,98778413.0,2026-05-06
DAL,657623030.0,2026-06-30
DCX,19560823.0,2025-12-31
DCOY,531968.0,2026-05-07
DCTH,34521647.0,2026-04-30
DCBO,28747289.0,2025-12-31
DD,135042975.0,2026-07-31
DE,269937425.0,2026-05-03
DECK,136414227.0,2026-07-09
DAIC,30259579.0,2026-05-11
DFDV,30118205.0,2026-05-19
DFSC,1579174.0,2024-09-30
DEFT,385827975.0,2025-12-31
DDI,2477672.0,2025-12-31
DG,220586647.0,2026-05-29
DGII,37702199.0,2026-04-30
DFTX,109066783.0,2026-04-30
DH,105524238.0,2026-05-04
DGNX,22993763.0,2025-03-31
DHI,279701267.0,2026-07-16
DFLI,12815340.0,2026-05-12
DHR,702986054.0,2026-07-16
DFNS,60270525.0,2026-05-20
DINO,177783849.0,2026-07-24
DIOD,45944734.0,2026-05-04
DGXX,90420824.0,2026-05-15
DIBS,35333511.0,2026-04-30
DJT,276953828.0,2026-05-06
DK,61287542.0,2026-04-23
DIS,1736511424.0,2026-04-29
DHC,242128988.0,2026-07-31
DTCX,38873626.0,2026-05-14
DSGR,46195165.0,2026-04-24
DSGN,62581651.0,2026-07-29
DTE,208028313.0,2026-03-31
DSGX,86024747.0,2026-01-31
DSY,86972928.0,2025-06-30
DTI,35139094.0,2026-05-03
DTIL,25802247.0,2026-04-30
DTSQ,3653409.0,2026-06-30
DTST,2167138.0,2026-05-14
DUKR,3407977.0,2026-05-19
DVLT,855561995.0,2026-05-11
DVN,621400000.0,2026-04-22
DUOT,29323469.0,2026-05-06
DVA,64200000.0,2026-05-05
DXCM,377360765.0,2026-07-23
DXC,159778689.0,2026-07-20
DXLG,55273092.0,2026-05-15
DXPE,15505312.0,2026-05-03
DWSN,31052840.0,2026-05-13
DXST,15000000.0,2024-10-31
DYAI,36438703.0,2026-05-12
DWTX,33629553.0,2026-05-13
EA,252387410.0,2026-07-29
EBAY,444000000.0,2026-04-24
DYN,186746431.0,2026-07-24
EBC,231143099.0,2026-04-30
ECBK,8753970.0,2026-05-07
DUK,779596217.0,2026-04-30
DXR,4196182.0,2012-03-22
ECOR,8295707.0,2026-05-01
ED,368529705.0,2026-04-30
EDHL,26660000.0,2025-12-31
EDBL,5469314.0,2026-05-05
ECPG,21440412.0,2026-04-29
EDIT,97906282.0,2026-04-29
ECL,281437502.0,2026-03-31
EDSA,8891951.0,2026-05-13
EDTK,15929451.0,2025-03-31
EBMT,7965431.0,2026-04-30
EDUC,8524964.0,2026-07-05
EEFT,38075094.0,2026-05-05
EEIQ,23396667.0,2025-09-30
EFX,117484896.0,2026-07-10
EFSC,36192520.0,2026-07-29
EFSI,5412376.0,2026-05-06
EFOI,6303433.0,2026-05-12
EDRY,2890547.0,2025-12-31
EGHT,141189769.0,2026-05-08
EG,38342734.0,2026-07-27
EHLD,2816615.0,2025-12-31
EGAN,27450081.0,2026-05-11
EGBN,30495616.0,2026-05-01
EIX,384793941.0,2026-04-21
EHTH,31741018.0,2026-05-01
EIKN,54138628.0,2026-05-01
ELDN,77187823.0,2026-05-07
EJH,4003859.0,2025-06-30
ELOX,7573935.0,2026-05-01
ELBM,103738330.0,2025-12-31
ELAB,4543751.0,2026-05-14
ELMT,29979863.0,2026-05-26
ELTK,6719827.0,2025-12-31
ELOG,12832000.0,2026-03-31
ELPW,58056099.0,2025-09-19
ELTX,19086081.0,2026-05-08
ELVA,34137665.0,2024-09-30
ELVR,11543296014.0,2025-06-30
EMBC,59327677.0,2026-04-28
ELWT,6619796.0,2026-05-08
EMAT,593349852.0,2026-05-21
ELV,216869290.0,2026-07-10
EMPD,28110111.0,2026-05-07
ELVN,60904946.0,2026-04-28
EMN,114377421.0,2026-06-30
ENGS,14250000.0,2025-06-30
EML,6030914.0,2026-04-04
EME,44109901.0,2026-07-24
ENPH,131798220.0,2026-04-20
ENLT,132133899.0,2025-12-31
ENLV,237381498.0,2025-12-31
EMR,560100000.0,2026-03-31
ENSC,14694492.0,2026-05-14
ENTA,29078380.0,2026-05-05
ENVX,218153440.0,2026-05-08
ENVB,3681884.0,2026-05-13
ENGN,66989466.0,2026-06-09
EOG,532628530.0,2026-04-28
ENSG,58282434.0,2026-07-23
ENTG,152500000.0,2026-04-27
EOSE,339514027.0,2026-05-11
EOLS,65854751.0,2026-04-30
EPSN,30248617.0,2026-05-11
EPOW,25361550.0,2022-12-31
EPRX,35641603.0,2024-12-31
EQH,281519390.0,2026-05-05
EQIX,98671686.0,2026-07-28
EPSM,12000534.0,2024-12-31
ENTX,49225321.0,2026-05-04
ERAS,310984542.0,2026-05-05
EQ,63226556.0,2026-05-08
ERNA,1166333.0,2026-05-08
ES,376674754.0,2026-07-31
ESCA,13766074.0,2026-07-29
EQR,374944409.0,2026-07-24
ESLA,43034228.0,2026-05-11
ERII,51545259.0,2026-04-30
ESLT,46442352.0,2025-12-31
ESOA,18659679.0,2026-05-08
ESQ,8639431.0,2026-05-01
ESTA,29430390.0,2026-05-07
ET,3441159277.0,2026-05-01
ETON,27392358.0,2026-05-12
ETS,48716672.0,2026-07-14
ETN,388400000.0,2026-06-30
ESEA,7055881.0,2025-12-31
EU,194233004.0,2026-05-12
ETR,457832070.0,2026-03-31
EVCM,176950701.0,2026-05-05
ESS,64268439.0,2026-07-23
EUDA,1890375.0,2025-12-31
EVRG,230513025.0,2026-04-30
EVLV,179871410.0,2026-05-05
EW,575800000.0,2026-04-30
EWBC,136996262.0,2026-04-30
EXE,239228849.0,2026-04-24
EWTX,107593006.0,2026-04-30
EQT,625516000.0,2026-07-14
EXPD,130791133.0,2026-05-01
EXC,1023208142.0,2026-03-31
EVGN,8718193.0,2025-12-31
EXOZ,8478992.0,2026-05-14
EXR,211269558.0,2026-07-24
EXEL,251355083.0,2026-04-27
EXTR,130778088.0,2026-04-24
EZGO,5675172.0,2025-01-17
EXYN,7953957.0,2026-06-29
EZRA,1002998.0,2026-07-30
EXPO,48511629.0,2026-05-01
EYPT,83841298.0,2026-05-01
EXLS,152782931.0,2026-04-24
EYE,80116665.0,2026-05-01
FAMI,5481874.0,2025-09-30
F,3727332952.0,2011-04-28
FAF,102100000.0,2026-07-20
FA,171537047.0,2026-05-01
FANG,281313297.0,2026-05-01
FATE,116559186.0,2026-05-07
FABC,4856079.0,2026-05-14
FAST,1147497573.0,2026-07-10
FBLA,161489.0,2026-05-13
FBGL,13500000.0,2025-12-31
FBIN,119293417.0,2026-04-17
FBIO,82474127.0,2020-05-07
FBLG,6658193.0,2026-07-31
FBRX,13885668.0,2026-03-27
FBNC,41375413.0,2026-04-30
FBIZ,8368320.0,2026-07-27
FATN,14128468.0,2026-07-30
FCEL,67608173.0,2026-06-04
FCHL,17000000.0,2025-12-31
FCCO,9397960.0,2026-05-15
FCAP,3345531.0,2026-04-30
FCX,1437559865.0,2026-04-30
FCUV,2069781.0,2026-05-12
FCFS,43371800.0,2026-07-22
FDSB,5264856.0,2026-05-12
FDMT,49778127.0,2024-02-23
FDS,35565543.0,2026-06-25
FCBC,18866729.0,2026-05-07
FDUS,37954364.0,2026-05-05
FDX,236581188.0,2026-07-16
FEBO,11062500.0,2024-12-31
FE,578431175.0,2026-03-31
FEMY,60390686.0,2026-05-07
FEAM,41515223.0,2026-05-11
FEIM,9870077.0,2026-07-15
FENC,34737030.0,2026-05-12
FDBC,5805180.0,2026-04-30
FELE,44182232.0,2026-04-23
FFAI,29516511.0,2021-08-13
FER,720626181.0,2025-12-31
FFIV,56419247.0,2026-04-30
FFIN,143281930.0,2026-05-05
FGL,17665289.0,2024-12-31
FFBC,104929374.0,2026-05-07
FGII,28940000.0,2026-07-23
FHTX,58713922.0,2026-04-30
FEED,6091840.0,2026-05-18
FHB,121680634.0,2026-07-24
FIEE,8328598.0,2026-04-27
FGI,1931271.0,2026-05-13
FIBK,95304607.0,2026-07-30
FGNX,6261082.0,2026-05-06
FGBI,16464248.0,2026-05-11
FICO,21597635.0,2026-07-17
FIP,118163555.0,2026-05-06
FINW,13706039.0,2026-05-08
FISV,533253986.0,2026-05-01
FISN,58905938.0,2026-07-27
FITB,906311548.0,2026-04-30
FIVE,55295351.0,2026-06-03
FIX,35194329.0,2026-07-17
FIVN,76563988.0,2026-04-27
FIZZ,93612102.0,2026-06-29
FLGT,27515293.0,2026-07-27
FKWL,11784280.0,2026-05-15
FLD,50783350.0,2026-05-10
FLNA,48307896.0,2026-05-04
FLEX,369402978.0,2026-07-24
FIS,516879151.0,2026-05-06
FISI,19706360.0,2026-07-28
FLUX,21361383.0,2026-04-28
FLR,139669896.0,2026-04-30
FLY,160235217.0,2026-04-30
FLNT,29815712.0,2026-05-12
FLZH,1317228.0,2026-05-20
FLL,36265183.0,2026-05-04
FMAC,15780276.0,2026-06-08
FMAO,13773162.0,2026-07-24
FNF,269157540.0,2026-04-30
FNGR,61310361.0,2026-07-10
FMNB,59215021.0,2026-04-30
FLXS,5355531.0,2026-04-22
FLYE,1632386.0,2026-07-23
FNRN,16407006.0,2026-05-04
FMBH,26615796.0,2026-05-08
FMST,16280580.0,2026-03-31
FNLC,11275758.0,2026-05-01
FNWB,9499300.0,2026-04-30
FOFO,7571078.0,2025-12-31
FORM,77954772.0,2026-04-29
FORR,19412000.0,2026-05-04
FOSL,59101598.0,2026-05-08
FOX,1.0,2019-03-18
FNWD,4329971.0,2026-05-05
FOXX,7041192.0,2026-05-11
FOXA,1.0,2019-03-18
FOXF,41936133.0,2026-04-30
FRAF,4493032.0,2026-04-30
FRGT,1660627.0,2025-12-31
FRHC,61292581.0,2026-05-28
FNUC,8748167.0,2025-06-30
FRNM,8911250.0,2026-03-10
FROG,121119724.0,2026-04-30
FRME,63022741.0,2026-04-27
FRMI,637574239.0,2026-05-11
FRD,7112182.0,2026-02-09
FRPH,19170275.0,2026-05-13
FRT,86389197.0,2026-04-28
FRST,24772072.0,2026-04-30
FSBC,21376153.0,2026-05-01
FRPT,49142791.0,2026-04-30
FSEA,4691674.0,2026-05-11
FWRD,31625046.0,2026-04-29
GBFH,14470352.0,2026-05-06
GAUZ,18720287.0,2024-12-31
GCL,128008703.0,2026-03-31
GBDC,259651589.0,2026-08-03
GCTK,6259279.0,2026-05-14
GCMG,42259797.0,2020-11-18
GDDY,126647704.0,2026-07-24
GD,270430187.0,2026-04-05
GCBC,17025485.0,2026-05-07
GDTC,11828435.0,2025-12-31
GECC,13892045.0,2026-04-27
GEG,31357008.0,2026-04-30
GDEV,18150489.0,2025-12-31
GDC,60759711.0,2026-04-10
GE,1037562513.0,2026-06-30
GDYN,81126881.0,2026-07-24
GELS,9438075.0,2024-11-15
GEN,602433854.0,2026-05-18
GENVR,602433854.0,2026-05-18
GEV,266333581.0,2026-06-30
GENB,128192484.0,2026-04-29
GERN,641520974.0,2026-05-01
GFS,555888455.0,2025-12-31
GFUZ,52988419.0,2026-07-13
GEVO,243411329.0,2026-05-06
GEHC,454891786.0,2026-04-22
GH,134196170.0,2026-07-24
GHRS,62029395.0,2025-12-31
GEOS,12935603.0,2026-04-30
GGR,14773488.0,2025-12-31
GIFT,35425176.0,2026-07-31
GIII,42190573.0,2026-06-03
GILT,73831318.0,2025-12-31
GFAI,24353539.0,2025-12-31
GILD,1241569874.0,2026-04-30
GITS,3674208.0,2026-06-19
GIPR,6558373.0,2026-05-14
GIGM,11052235.0,2025-12-31
GGRP,21076506.0,2026-05-11
GL,77644761.0,2026-04-30
GLAD,22593069.0,2026-05-05
GLBS,21582301.0,2025-12-31
GIS,533708396.0,2026-06-15
GLBE,169049616.0,2025-12-31
GLE,16000000.0,2024-06-30
GLPI,290920043.0,2026-07-18
GLNG,101319440.0,2025-12-31
GLP,33995563.0,2026-05-06
GLND,43730194.0,2026-05-13
GLRE,33166448.0,2026-04-30
GLMD,6581390.0,2025-12-31
GM,877451541.0,2026-07-10
GMEX,21020597.0,2025-06-30
GLW,860637825.0,2026-04-24
GLXG,16000000.0,2024-06-30
GMM,25926155.0,2023-09-30
GLUE,84479418.0,2026-05-01
GNPX,10586402.0,2026-05-11
GNLX,44840416.0,2026-05-03
GNRC,58868681.0,2026-05-01
GNTX,212951848.0,2026-04-24
GNLN,631459.0,2026-05-13
GOAI,39252186.0,2026-06-30
GNSS,45542009.0,2026-05-08
GLSI,14678208.0,2026-05-26
GOOD,48406993.0,2026-05-05
GOGO,135238523.0,2026-05-01
GOSS,234696281.0,2026-05-12
GP,24991162.0,2024-03-31
GO,98922672.0,2026-05-07
GNW,383009256.0,2026-04-30
GPC,137859758.0,2026-07-17
GPI,11922225.0,2026-07-24
GPN,273543507.0,2026-05-01
GRAL,42916593.0,2026-05-04
GPK,295887387.0,2026-05-04
GRCE,16274026.0,2026-06-15
GOVX,7369243.0,2026-07-27
GRI,1770838.0,2026-05-12
GPRE,70030174.0,2026-05-05
GRDX,6653140.0,2026-05-27
GRML,121238660.0,2026-05-20
GRRR,26188972.0,2025-12-31
GRMN,192856206.0,2026-04-24
GRNQ,18033123.0,2026-05-08
GROW,10484211.0,2026-02-12
GRWG,60090905.0,2026-05-04
GRPN,37983980.0,2026-05-04
GSIW,15625000.0,2025-03-31
GSBC,10893203.0,2026-05-05
GSM,186860517.0,2025-12-31
GS,291171408.0,2026-07-17
GSHD,21147289.0,2022-09-30
GTBP,36062904.0,2026-05-08
GTEC,20532482.0,2026-05-13
GT,287438631.0,2026-04-30
GTIM,10557896.0,2026-05-01
GTX,187188503.0,2026-04-24
GUTS,158648963.0,2026-05-01
GSIT,38246573.0,2026-05-31
GURE,1382114.0,2025-11-18
GXAI,7123453.0,2026-05-13
GTM,294718034.0,2026-04-30
GXO,115048589.0,2026-05-04
GWAV,829631.0,2026-06-12
GWW,47213119.0,2026-04-30
GWRS,28763634.0,2026-05-08
GYRE,97028322.0,2026-05-01
HALO,118613000.0,2026-04-30
GVH,1526113.0,2025-09-30
HAPN,115407464.0,2026-07-17
HAFC,29766435.0,2026-04-30
GYRO,2199308.0,2026-05-13
HAL,833130367.0,2026-07-17
HAIN,90253483.0,2026-05-05
HBNB,234032386.0,2025-12-31
HBAN,2027130587.0,2026-03-31
HBCP,7870750.0,2026-07-31
HBNC,51329764.0,2026-05-06
HCA,221839800.0,2026-04-27
HAS,141044467.0,2026-07-20
HBT,36381078.0,2026-04-29
HCAI,30000000.0,2024-12-31
HBIO,4510182.0,2026-05-05
HCAT,73894020.0,2026-05-08
HCWB,6734104.0,2026-05-14
HDRN,20000000.0,2024-11-04
HCKT,25188887.0,2026-05-01
HDSN,42068788.0,2026-04-21
HD,997116682.0,2026-05-19
HELP,21601208.0,2025-03-31
HCTI,2027783.0,2026-05-13
HELE,23292061.0,2026-06-29
HCSG,68632202.0,2026-07-22
HFWA,41218817.0,2026-04-30
HIHO,4626676.0,2026-03-31
HFFG,53475417.0,2026-05-08
HII,39404598.0,2026-07-24
HGBL,34734754.0,2026-05-01
HFBL,3053889.0,2026-05-14
HITI,87235986.0,2025-10-31
HKIT,10987679.0,2022-12-31
HIVE,273638546.0,2026-07-27
HIG,270872002.0,2026-07-22
HLMN,194544999.0,2026-07-31
HHS,7419470.0,2026-04-30
HIND,7018528.0,2026-05-12
HMR,58409823.0,2025-12-31
HLT,225064910.0,2026-07-23
HKPD,11000000.0,2025-03-31
HLIT,108496436.0,2026-05-04
HLP,73438750.0,2025-12-31
HNVR,7156661.0,2026-04-30
HNRG,47130392.0,2026-05-04
HNNA,7902394.0,2026-05-04
HOLO,22512360.0,2025-12-31
HODO,24069563.0,2026-05-11
HON,316940010.0,2026-06-30
HOFT,10741650.0,2026-06-05
HOWL,48599066.0,2026-07-27
HOPE,127838883.0,2026-05-01
HOVR,66825837.0,2026-07-16
HPK,126358104.0,2026-04-30
HNST,110078615.0,2026-05-01
HQI,13900000.0,2026-05-11
HPE,1324203521.0,2026-05-26
HPQ,914522690.0,2026-05-20
HOUR,35191890.0,2026-05-12
HRMY,58236393.0,2026-07-31
HRZN,68261111.0,2026-05-05
HRTX,189279369.0,2026-05-06
HQ,1.0,2025-12-31
HSIC,111446542.0,2026-07-27
HROW,37275107.0,2026-05-06
HSDT,58386675.0,2026-05-12
HSTM,29215188.0,2026-05-04
HSY,223805223.0,2014-02-07
HST,684879281.0,2026-05-06
HTFL,86240828.0,2026-04-30
HSCS,3899491.0,2026-07-20
HTLM,89687500.0,2025-12-31
HTCR,1441565.0,2026-05-15
HTLD,77489696.0,2026-05-06
HUBB,52841777.0,2026-04-27
HTOO,2288291.0,2025-12-31
HTCO,6632441.0,2025-10-31
HTZ,315764523.0,2026-04-30
HQY,83602157.0,2026-05-20
HTO,41840247.0,2026-04-23
HUM,120061500.0,2026-03-31
HUBC,36241405.0,2025-12-31
HUDI,14299182.0,2025-09-30
HUN,175349112.0,2026-04-22
HURC,6476322.0,2026-05-31
HUBG,37315154.0,2010-10-21
HUT,123259468.0,2026-07-31
HURN,16211829.0,2026-04-28
HUBCW,36241405.0,2025-12-31
HWBK,6896585.0,2026-05-08
HUHU,24103749.0,2025-12-31
HWM,400107483.0,2026-05-04
HURA,63682528.0,2026-05-12
HWH,7726400.0,2026-07-30
HUMA,222019108.0,2026-05-11
HWKN,20875117.0,2026-07-24
HYFT,46711866.0,2026-04-30
HYNE,8096938.0,2026-05-12
HYPD,15157747.0,2026-05-13
IACO,43750000.0,2026-03-31
HYFM,4764612.0,2026-05-11
IBAC,5008229.0,2026-05-15
IBEX,13389116.0,2026-04-30
IBCP,20606157.0,2026-05-05
IBG,8673857.0,2024-12-31
HWC,81157968.0,2026-04-30
HYMC,93181681.0,2026-07-27
IBIO,49678561.0,2026-05-12
IBM,942134390.0,2026-06-30
IBOC,62181244.0,2026-05-04
IART,77772506.0,2026-07-28
ICCC,9046799.0,2026-05-01
IBRX,1059836273.0,2026-07-31
ICCM,73122293.0,2025-12-31
ICMB,14432472.0,2026-05-12
ICE,561394487.0,2026-07-27
IBKR,42231651.0,2011-05-06
ICU,3997002.0,2026-05-07
ICUI,24993585.0,2026-04-30
IDAI,5599964.0,2026-05-13
ICFI,18104180.0,2026-05-01
IDN,20251221.0,2026-05-12
IESC,19924356.0,2026-07-27
ICHR,37454229.0,2026-07-28
IDCC,25806007.0,2026-07-28
IFBD,8188574.0,2025-12-31
IFRX,72292859.0,2025-12-31
IEX,73719896.0,2026-07-24
IDYA,87860920.0,2026-05-01
IDXX,78882997.0,2026-04-30
INMD,63358750.0,2025-12-31
INMB,26585258.0,2026-05-07
INGR,63059061.0,2026-05-05
INOD,32655358.0,2026-04-30
INKT,4981899.0,2026-05-13
INNV,135736393.0,2026-04-30
INSE,26675355.0,2026-05-04
INO,82273237.0,2026-05-12
INGN,27074516.0,2026-05-01
INSG,16276707.0,2026-04-30
INTC,5044000000.0,2026-07-17
INSM,216752451.0,2026-05-01
INTA,77061595.0,2026-04-28
INTS,2702820.0,2026-05-06
INV,84044748.0,2026-05-11
INTJ,11250000.0,2023-11-30
INTR,228521790.0,2021-12-31
INVA,73808749.0,2026-04-30
INTG,2148812.0,2026-05-11
INVZ,214090980.0,2025-12-31
INTZ,20369066.0,2026-05-14
INVH,590623226.0,2026-07-29
IOTR,24000000.0,2025-03-31
IONS,166184322.0,2026-07-23
IOVA,446502396.0,2026-04-15
INVE,24006212.0,2026-05-04
IP,529516974.0,2026-05-01
IPAR,32025781.0,2026-05-05
IPDN,10524032.0,2026-05-15
IOSP,24631047.0,2026-04-30
IPM,9035729.0,2026-05-12
INTU,273537000.0,2026-05-14
IPST,686080.0,2026-05-19
IQV,166900000.0,2026-04-30
IPSC,180354809.0,2026-05-01
IPWR,12155901.0,2026-05-10
IR,387999429.0,2026-07-24
IPW,5289919.0,2026-05-20
IREN,357378674.0,2026-04-30
IRDM,105960383.0,2026-07-15
IRD,81395539.0,2026-05-07
IRMD,12786991.0,2026-07-31
IQST,6735946.0,2026-05-20
IPGP,42443616.0,2026-05-04
IRM,297524681.0,2026-04-24
IRON,38392844.0,2026-07-23
IRIX,17406518.0,2026-05-11
IRTC,32862408.0,2026-04-23
ISPR,57399396.0,2026-05-07
ISPC,1437157.0,2026-05-15
IRWD,164613406.0,2026-04-30
ISSC,17892747.0,2026-04-30
IRHO,29320000.0,2026-07-13
ISRG,353278038.0,2026-07-16
ISBA,7332561.0,2026-05-04
IT,63148976.0,2026-07-31
ITRI,43786753.0,2026-07-24
ISTR,13793585.0,2026-05-06
IVA,193236978.0,2025-12-31
ITW,287700000.0,2026-03-31
IVF,1786035.0,2026-06-22
IVVD,294607452.0,2026-04-30
IVDA,11594027.0,2026-05-10
ITIC,1887996.0,2026-04-27
ITRN,19808642.0,2025-12-31
IZEA,17513351.0,2026-05-07
IVZ,441499780.0,2026-06-30
J,118080879.0,2026-04-24
JAKK,11445012.0,2026-07-31
JAGX,171350166.0,2018-05-15
JATT,8025000.0,2026-05-28
JANX,60984354.0,2026-05-05
JBHT,93914939.0,2026-06-30
JBIO,49359875.0,2026-05-01
IXHL,11964554.0,2026-05-15
JACK,19073616.0,2026-05-06
JAZZ,64914577.0,2026-07-27
JBDI,19254471.0,2025-05-31
JBSS,8121180.0,2012-05-01
JBLU,377312181.0,2026-06-30
JCSE,5306666.0,2024-12-31
JCAP,55418467.0,2026-05-14
JEM,26340000.0,2025-09-30
JFB,17521630.0,2026-07-02
JBL,104787089.0,2026-06-24
JCTC,3520113.0,2026-07-14
JKHY,71050780.0,2026-04-24
JLHL,21448632.0,2025-09-30
JDZG,24535471.0,2024-12-31
JCI,610115603.0,2026-03-31
JL,3761701.0,2025-03-31
JLL,46007703.0,2026-06-30
JMSB,14112223.0,2026-04-30
JRVR,46236856.0,2026-05-04
JJSF,18753416.0,2026-05-14
JPM,2679511418.0,2026-03-31
JNJ,2409898597.0,2026-07-17
JRSH,12699940.0,2026-06-18
JUNS,36281252.0,2026-05-14
JVA,5708599.0,2026-06-12
JSPR,27996819.0,2026-05-11
JTAI,1421721.0,2026-05-13
JYNT,14255396.0,2026-05-04
JXG,1426522.0,2025-12-31
KALU,16349092.0,2026-07-20
KARO,30893300.0,2026-02-28
KALA,18589832.0,2026-05-14
KBSX,44766003.0,2025-12-31
JZXN,1255785.0,2025-10-31
KD,219918196.0,2026-05-22
JWEL,2376131.0,2025-12-31
KDK,183850415.0,2026-05-01
KE,24048925.0,2026-04-23
KEEL,603828651.0,2026-05-08
KDP,1360559471.0,2026-04-21
KG,7824030.0,2026-05-01
KEYS,170895368.0,2026-05-29
KEQU,2870410.0,2026-06-24
KGEI,35471833.0,2025-12-31
KHC,1185777638.0,2026-05-02
JXN,67728744.0,2026-07-27
KIDZ,1174718.0,2026-03-31
KEY,1084225688.0,2026-05-01
KFFB,8086715.0,2026-05-15
KINS,14484841.0,2026-05-05
KIM,670789373.0,2026-07-28
KLAC,130627521.0,2026-04-27
KLRA,129565608.0,2026-05-20
KLIC,52332877.0,2026-05-01
KKR,897872941.0,2026-05-07
KITT,5002925.0,2026-05-12
KMB,332579038.0,2026-07-28
KLRS,23792278.0,2026-05-05
KIDS,25684994.0,2026-04-29
KLXE,19911759.0,2026-04-30
KMRK,19500000.0,2025-03-31
KMDA,57686056.0,2025-12-31
KMI,2226802089.0,2026-07-23
KMTS,58602497.0,2026-07-09
KNDI,82705365.0,2025-12-31
KLTR,150374742.0,2026-05-04
KNX,162494000.0,2026-04-22
KOD,62578441.0,2026-04-30
KOPN,182920310.0,2026-05-12
KO,4302482418.0,2026-04-28
KMX,141911096.0,2026-06-22
KPLT,4972405.0,2026-07-31
KOSS,9466438.0,2026-05-04
KR,612647282.0,2026-06-24
KRMD,45933000.0,2026-05-06
KRAQ,43125000.0,2026-03-30
KRNT,46290822.0,2025-12-31
KPTI,22662943.0,2026-05-07
KROS,19827188.0,2026-07-27
KRNY,64739151.0,2026-04-30
KRT,19963731.0,2026-05-05
KRYS,29598836.0,2026-07-28
KSPI,190227932.0,2025-12-31
KPRX,4431940.0,2026-05-06
KTTA,33414448.0,2026-05-13
KRRO,14422571.0,2026-05-04
KTCC,10859269.0,2026-05-07
KVHI,19497751.0,2026-05-01
KWM,64221193.0,2025-12-31
KSCP,75377489.0,2023-11-08
KYIV,230863624.0,2025-12-31
KUST,626860.0,2026-05-14
KYNB,4048112.0,2026-04-30
KURA,88774365.0,2026-05-08
KVUE,1920008668.0,2026-05-01
KTOS,187519984.0,2026-05-01
KXIN,5489162.0,2024-12-31
LABT,6995469.0,2026-03-31
L,204427720.0,2026-07-31
KYMR,82257588.0,2026-04-24
LAFA,15713333.0,2026-05-13
KYTX,60795212.0,2026-05-01
LAB,390071506.0,2026-03-12
LAND,43136573.0,2026-05-08
LAKE,9869164.0,2026-06-05
LASE,38319788.0,2026-05-14
LAD,21983116.0,2026-07-29
LAES,191525129.0,2025-12-31
LAWR,45960000.0,2026-03-31
LBRX,28676652.0,2026-05-07
LASR,56408709.0,2026-05-06
LAUR,137749360.0,2026-06-30
LBGJ,18748000.0,2025-06-30
LCCC,8905000.0,2026-04-23
LCID,390256808.0,2026-04-29
LCFY,1799055.0,2025-06-30
LE,30740867.0,2026-06-07
LCUT,22855008.0,2026-04-30
LCNB,14246007.0,2026-05-06
LARK,6097552.0,2026-05-01
LDOS,125492209.0,2026-07-28
LEGH,23781601.0,2026-05-07
LEA,49324764.0,2026-07-28
LEDS,8273403.0,2026-07-07
LECO,54505757.0,2026-06-30
LEE,22229936.0,2026-04-30
LEXX,24787446.0,2026-07-13
LENZ,31354394.0,2026-05-05
LFMD,48362510.0,2026-05-05
LFST,387834432.0,2026-04-29
LFCR,37509407.0,2026-04-29
LFUS,25288904.0,2026-05-01
LESL,9359448.0,2026-05-04
LFWD,2814409.0,2026-05-18
LGIH,23232279.0,2026-04-24
LGCL,2790404.0,2025-12-31
LHAI,16230000.0,2026-05-13
LHSW,52000000.0,2025-03-31
LGND,20041061.0,2026-05-05
LHX,186214616.0,2026-07-24
LIDR,46314820.0,2026-05-12
LIF,81031691.0,2026-05-05
LH,82000000.0,2026-05-01
LIEN,22820590.0,2026-05-13
LGO,83673905.0,2025-12-31
LFVN,12615822.0,2026-05-04
LIND,65619689.0,2026-07-27
LINE,227674365.0,2026-04-30
LIMN,44877633.0,2026-05-14
LIN,460980163.0,2026-06-30
LINC,31720728.0,2026-05-11
LII,34799968.0,2026-04-22
LINK,15750007.0,2026-05-14
LIVE,3071656.0,2026-05-08
LIQT,9947841.0,2026-05-12
LITE,77800000.0,2026-04-30
LKFN,24913586.0,2026-04-23
LLY,941741406.0,2026-04-27
LKQ,253002086.0,2026-07-23
LIVN,54933538.0,2026-04-29
LMNR,18132007.0,2026-05-31
LMB,11921067.0,2026-05-04
LKSP,15693333.0,2025-11-14
LITS,34025200.0,2026-05-07
LMT,230790753.0,2026-07-20
LMRI,96080735.0,2026-05-12
LNSR,12104328.0,2026-04-28
LNG,209551868.0,2026-05-01
LNTH,65106082.0,2026-05-01
LNAI,36271119.0,2026-05-15
LNC,191447336.0,2026-07-24
LOBO,12568514.0,2025-12-31
LOCO,30455298.0,2026-05-01
LONA,9393514.0,2026-05-05
LOOP,48380371.0,2026-07-14
LOPE,26065037.0,2026-07-28
LNZA,10089163.0,2026-05-08
LOAN,11425509.0,2026-07-23
LOVE,14638418.0,2026-06-08
LZ,171647764.0,2026-04-30
LYV,235633860.0,2026-07-23
MA,122530193.0,2010-10-27
MAAS,15917241.0,2025-06-30
MAA,116384802.0,2026-04-27
MAGH,33350000.0,2025-04-30
M,263037954.0,2026-05-30
MAMO,41640950.0,2026-05-15
LXRX,444196390.0,2026-05-04
MAR,260766288.0,2026-07-27
MAS,201734437.0,2026-03-31
MAMA,40706667.0,2026-06-05
MARA,381270503.0,2026-04-30
MANH,58304972.0,2026-07-28
MASS,37813621.0,2026-05-04
MAN,46507342.0,2026-05-06
MAZE,55345261.0,2026-05-07
MATH,39498371.0,2025-03-31
MB,17155000.0,2025-12-31
MBAI,7020502.0,2025-12-31
MAT,290600000.0,2026-04-21
MBIN,45935408.0,2026-04-30
MAYS,2015780.0,2026-06-11
MBIO,24976289.0,2017-03-30
MATW,31202438.0,2026-03-31
MBOT,67164801.0,2026-05-13
MBX,47597536.0,2026-05-04
MBLY,252419583.0,2026-07-15
MCD,710505859.0,2026-03-31
MBBC,2950746.0,2026-05-12
MBRX,5336350.0,2026-05-07
MCHB,18920808.0,2025-08-04
MCHP,542079281.0,2026-05-14
MBWM,17285929.0,2026-07-24
MCO,173200000.0,2026-06-30
MCBS,28660042.0,2026-05-04
MCFT,16279890.0,2026-05-01
MCRI,17749516.0,2026-04-23
MCAH,9047143.0,2026-06-01
MDCX,56658164.0,2026-05-07
MDGL,23104126.0,2026-07-27
MDAI,31823985.0,2026-05-11
MCRB,9586298.0,2026-03-06
MDB,80431927.0,2026-05-27
MDLZ,1283649766.0,2026-04-24
MDRR,1628500.0,2026-05-13
MDBH,5438632.0,2026-05-14
MCK,120204051.0,2026-04-30
MDWD,12835148.0,2025-12-31
MDXG,145760468.0,2026-07-23
MEGL,20256099.0,2024-12-31
MEDS,125671251.0,2026-05-19
MDXH,51364520.0,2025-12-31
MDT,1280045190.0,2026-06-12
MEOH,77339520.0,2025-12-31
MENS,76027667.0,2025-12-31
MELI,50697182.0,2026-05-07
MERC,66982506.0,2026-05-05
METCB,44414085.0,2023-04-30
MET,643436779.0,2026-04-30
METC,44414085.0,2023-04-30
MF,20784142.0,2025-06-30
MFI,49045623.0,2025-12-31
MEDP,27911655.0,2026-07-17
MGEE,36756422.0,2026-04-30
MGIH,11250000.0,2025-06-30
MFIC,82372628.0,2026-05-05
MFIN,23849967.0,2026-05-04
MGNI,143215003.0,2026-04-29
MGN,16250000.0,2025-12-31
MGNX,63563123.0,2026-05-08
MGRX,17167422.0,2026-05-15
MGRT,13750000.0,2025-09-30
MGRC,24425663.0,2026-07-28
MGTX,92609516.0,2026-05-08
MGM,251592756.0,2026-07-27
MIDD,45214496.0,2026-05-11
MIMI,18012500.0,2025-03-31
MIND,9089055.0,2026-06-10
MGX,37646858.0,2026-05-05
MIST,124497980.0,2026-05-13
MGYR,6462729.0,2026-05-01
MIRM,60981227.0,2026-05-01
MIRA,42022087.0,2026-05-14
MITK,45158851.0,2026-05-01
MKDW,141039933.0,2025-12-31
MKL,12389958.0,2026-07-22
MHK,67738145.0,2026-07-29
MKZR,2255114.0,2026-05-15
MLCI,11188768.0,2026-05-14
MLAB,5524931.0,2026-05-21
MGPI,21371237.0,2026-04-24
MLEC,38440602.0,2024-06-30
MKTX,35539453.0,2026-05-04
MLGO,51606706.0,2023-12-31
MMED,280842845.0,2026-06-19
MLYS,82498101.0,2026-04-27
MLKN,68123238.0,2026-07-16
MLTX,73615396.0,2026-05-01
MMLP,39124686.0,2026-07-27
MMM,515722417.0,2026-06-30
MMTX,8828100.0,2026-05-15
MMSI,59710420.0,2026-07-28
MNDR,885796.0,2025-06-30
MNDY,51160822.0,2025-12-31
MNKD,308950166.0,2026-04-24
MNOV,49221246.0,2026-05-12
MNPR,6699062.0,2026-04-30
MKSI,67544129.0,2026-04-29
MNSB,7117438.0,2026-04-30
MNTK,142341139.0,2026-05-01
MNDO,20372828.0,2025-12-31
MO,1669743926.0,2026-07-22
MNTS,9992398.0,2026-05-13
MOB,12213935.0,2025-12-31
MLM,60065839.0,2026-07-27
MOBI,33249006.0,2026-06-01
MNRO,30025266.0,2026-05-15
MOBX,2778912.0,2023-11-14
MODD,5413160000.0,2026-06-22
MORN,37513571.0,2026-07-24
MOVE,1981047.0,2026-05-14
MOH,52200000.0,2026-07-17
MPAA,18924818.0,2026-06-01
MNST,978008110.0,2026-04-30
MPWR,49130000.0,2026-04-27
MPLT,42436326.0,2026-03-19
MRBK,11890278.0,2026-05-07
MOS,317846644.0,2026-05-08
MPC,280824763.0,2026-07-30
MRAM,23447577.0,2026-04-23
MRCY,60043283.0,2026-04-30
MRLN,96524052.0,2026-05-13
MPB,25344942.0,2026-04-30
MRKR,16673127.0,2026-05-08
MRNO,79718832.0,2025-12-31
MRK,2469824415.0,2026-04-30
MRTN,81589135.0,2026-04-28
MRX,72937470.0,2025-12-31
MRDN,12669479.0,2026-04-30
MRVL,874800000.0,2026-05-21
MSAI,2019434.0,2026-05-06
MS,1577284817.0,2026-04-30
MRSH,477211268.0,2026-07-16
MSFT,7425545491.0,2026-07-23
MSEX,18843946.0,2026-07-29
MSLE,15458903.0,2025-12-31
MSS,17450476.0,2024-08-06
MSGY,16957000.0,2026-03-31
MSI,165995582.0,2026-05-01
MRNA,399235889.0,2026-07-24
MTC,99587811.0,2025-12-31
MTD,20036559.0,2026-06-30
MTB,144416262.0,2026-07-31
MSCI,72700000.0,2026-07-14
MSBI,20752112.0,2026-07-20
MTEX,1929670.0,2026-05-05
MTEK,8073591.0,2025-12-31
MTVA,5164370.0,2026-05-11
MTRX,28133850.0,2026-05-06
MU,1129393151.0,2026-06-17
MTSI,76295774.0,2026-05-04
MTEN,20255054.0,2025-12-31
MUSA,18470685.0,2026-03-31
MVST,333157384.0,2026-05-04
MTCH,233266526.0,2026-04-30
MVBF,12849901.0,2026-05-05
MVIS,331615285.0,2026-05-06
MXCT,107121672.0,2026-05-07
MTZ,80304948.0,2026-07-27
MWYN,20194804.0,2026-07-29
MYRG,15569250.0,2026-07-24
MYSE,5074329.0,2026-05-14
MYSEW,5074329.0,2026-05-14
MXL,90693191.0,2026-07-16
MZTI,27422000.0,2026-04-10
MYFW,9765129.0,2026-07-29
NAKA,696085586.0,2026-05-11
NAGE,79644327.0,2026-05-04
NAMM,54084183.0,2025-12-31
NAMS,116903979.0,2026-04-29
MYSZ,4818164.0,2026-05-14
NATH,4097661.0,2026-07-20
NAVI,93979984.0,2026-03-31
NAII,6275229.0,2026-05-18
NB,145587048.0,2026-05-14
NBBK,44706163.0,2026-04-30
NAUT,127078855.0,2026-04-23
NBRG,1437500.0,2025-11-14
NATR,17584871.0,2026-04-24
NBIX,101649181.0,2026-07-22
NBTB,52010232.0,2026-04-30
NCEL,4797505.0,2025-12-31
NBTX,48410068.0,2025-12-31
NCEW,25600000.0,2025-09-30
NCMI,93780289.0,2026-05-07
NCI,20320000.0,2024-12-31
NCNO,109552950.0,2026-05-22
NCT,26675001.0,2025-06-30
NCSM,2624523.0,2026-07-28
MYGN,95649645.0,2026-07-28
NCLH,459187846.0,2026-07-23
NCTY,4567660012.0,2025-12-31
NDSN,55717948.0,2026-05-19
NDLS,5966660.0,2026-07-21
NECB,13815407.0,2026-05-06
NEE,2085341456.0,2026-03-31
NCPL,7847899.0,2026-03-19
NDRA,1270077.0,2026-05-15
NEO,130211780.0,2026-04-24
NEOG,218056016.0,2026-06-30
NEM,1053692271.0,2026-07-16
NEGG,20972505.0,2025-12-31
NEOV,42711301.0,2026-05-14
NESR,100847255.0,2026-03-31
NCRA,15300113.0,2026-05-14
NDAQ,558977372.0,2026-07-16
NERV,46588709.0,2026-04-30
NEXN,56284083.0,2025-12-31
NEXM,35648164.0,2026-05-13
NEXT,266185433.0,2026-07-24
NEUP,5404551.0,2026-05-14
NEWT,28858921.0,2026-05-07
NFE,285634650.0,2026-05-11
NFLX,4163939676.0,2026-06-30
NEON,16782922.0,2026-05-12
NGNE,15801901.0,2026-05-08
NEPH,10856546.0,2026-05-04
NEXR,250727.0,2025-12-31
NGL,124814289.0,2026-05-26
NGEN,79649257.0,2025-12-31
NKE,855351589.0,2015-07-17
NKLR,110500908.0,2026-06-29
NI,479439245.0,2026-04-29
NIXX,26892429.0,2026-05-13
NKSH,6368410.0,2026-05-13
NKTR,33786032.0,2026-05-01
NHTC,8577848.0,2026-04-24
NMAD,12382944.0,2026-05-12
NKTX,71545358.0,2026-05-07
NMRA,185284244.0,2026-05-01
NMFC,94452390.0,2026-08-03
NMIH,75217851.0,2026-07-27
NHP,28412183.0,2026-02-12
NN,136436939.0,2026-05-11
NMTC,8702982.0,2026-06-10
NNBR,52773512.0,2026-04-27
NNE,52083294.0,2026-05-12
NODK,20481437.0,2026-04-30
NOEM,9585750.0,2026-05-14
NNOX,69590228.0,2025-12-31
NOMA,14881433.0,2026-05-15
NOW,1034000000.0,2026-06-30
NPCE,34093745.0,2026-05-08
NOC,142063026.0,2026-07-16
NPT,20000000.0,2025-06-30
NOVT,35611858.0,2026-05-04
NRC,22119566.0,2026-07-31
NWFL,10890699.0,2026-05-01
NVDA,24200000000.0,2026-05-15
NWL,425900000.0,2026-07-27
NVTS,183457686.0,2024-08-02
NVNI,10032710.0,2025-12-31
NWPX,9637202.0,2026-07-21
NWTG,4592063.0,2026-05-11
NXGL,9131055.0,2026-05-13
NXL,20581646.0,2026-05-07
NXST,30538965.0,2026-05-07
NXTC,3612096.0,2026-05-01
NXTS,730459.0,2026-05-14
NYAX,37301367.0,2025-12-31
NXT,136542423.0,2024-01-31
NXPL,2708507.0,2026-05-11
NXPI,252471079.0,2026-04-24
NXTT,147296192.0,2026-07-24
O,932492530.0,2026-04-30
OBIO,59880715.0,2026-05-08
OBAI,24462071.0,2026-05-14
NXXT,157258958.0,2026-05-15
OABI,144972579.0,2026-04-30
OBT,13407904.0,2026-05-05
OCFC,57600069.0,2026-04-27
OCC,8827092.0,2026-06-02
NYXH,43026460.0,2025-12-31
OC,80528319.0,2026-05-01
ODFL,207968283.0,2026-05-01
OCGN,338521856.0,2026-04-30
OCSL,88085523.0,2026-05-04
OCG,98313864.0,2025-12-31
OFAL,26370521.0,2026-07-13
ODYS,16777322.0,2026-05-14
ODTX,48031320.0,2026-06-12
OFS,13398078.0,2026-07-27
OGI,108585492.0,2024-09-30
OIO,348022108.0,2025-12-31
OCUL,219615868.0,2026-07-31
OFIX,40421652.0,2026-05-01
OKUR,40395480.0,2026-05-04
OESX,3530870.0,2025-11-04
OFLX,10094322.0,2026-05-01
OLB,14664930.0,2026-05-15
OLED,45966835.0,2026-07-27
OKYO,52479527.0,2026-07-15
OKE,630032852.0,2026-04-20
OLOX,1413901.0,2026-07-30
OLN,113982490.0,2026-06-30
OLLI,60453292.0,2026-05-27
OMDA,59448507.0,2026-05-05
OMC,285006196.0,2026-04-22
OM,18537241.0,2026-05-01
OMCL,45478909.0,2026-04-27
OMER,72375355.0,2026-05-11
OLMA,87347471.0,2026-05-07
OMH,22259591.0,2025-12-31
OMEX,58574115.0,2026-06-15
ONCY,119354067.0,2026-05-12
ONDS,495762650.0,2026-05-13
ON,389311721.0,2026-07-29
ONEG,16000000.0,2026-03-31
OPAL,25171390.0,2022-08-05
OMSE,42448704.0,2026-03-31
ONB,386373000.0,2026-04-28
ONFO,6662508.0,2026-05-13
OPEN,964736632.0,2026-04-30
OPENL,964736632.0,2026-04-30
OPENZ,964736632.0,2026-04-30
OPI,73941128.0,2026-05-18
OPBK,14894239.0,2026-04-30
OPENW,964736632.0,2026-04-30
ONCO,11464572.0,2026-05-12
OPK,746328225.0,2026-07-17
OPTX,40279878.0,2026-05-12
OPRT,45738543.0,2026-05-04
OPXS,6959873.0,2026-05-08
ONMD,54433407.0,2026-05-12
OPCH,157027504.0,2026-04-28
ORBS,388011544.0,2026-05-15
ORCL,2880471000.0,2026-06-12
ORI,241432922.0,2026-06-30
ORIQW,8625000.0,2026-05-15
ORKA,60312101.0,2026-04-30
ORGO,128674548.0,2026-04-30
ORIO,24472377.0,2024-12-31
ORIC,103652656.0,2026-07-27
ORMP,40926081.0,2026-05-19
ORRF,19647812.0,2026-05-06
OSBC,51432372.0,2026-05-05
ORLY,828715079.0,2026-05-04
ORIQ,8625000.0,2026-05-15
OSK,62351309.0,2026-05-01
OSPN,37072850.0,2026-04-23
OPRX,18765075.0,2026-04-29
ORKT,5839770.0,2025-12-31
OSRH,35104995.0,2026-05-10
OSS,24769017.0,2026-03-31
OSUR,68848553.0,2026-04-30
OSW,101498712.0,2026-07-28
OTIS,380669339.0,2026-07-15
OSIS,16482890.0,2026-04-28
OTEX,242662360.0,2026-05-01
OUST,63672949.0,2026-05-01
OVBC,4711001.0,2026-05-14
OTTR,41984150.0,2026-04-30
OVID,186640102.0,2026-05-08
OVV,275503580.0,2026-07-17
OST,14006250.0,2023-09-30
OXBR,8101374.0,2026-05-11
OXY,994634701.0,2026-04-30
OVLY,8413458.0,2026-05-01
PAA,705531683.0,2026-05-01
PAAC,17723333.0,2026-05-14
OTLK,120863252.0,2026-05-12
PAGP,197904124.0,2026-05-01
PAL,27770074.0,2026-04-30
PAG,65662873.0,2026-07-16
OXSQ,93527087.0,2026-04-30
PAMT,20943237.0,2026-04-22
PANW,815000000.0,2026-05-26
PACB,310601688.0,2026-04-30
PANL,65414923.0,2026-05-08
PASG,3207810.0,2026-05-07
PARR,50144277.0,2026-04-30
PASW,20500000.0,2025-09-30
PATK,32893223.0,2026-05-01
PAYO,334778664.0,2026-04-30
PARK,4515054.0,2026-05-14
PAVM,7272739.0,2026-05-12
PALI,173579670.0,2026-05-07
PAYP,676955535.0,2026-03-31
PAYS,55905773.0,2026-05-06
PBFS,25076801.0,2026-05-07
PAYX,355682860.0,2026-06-30
PBK,27191075.0,2024-06-30
PAVS,66724675.0,2025-03-31
PBM,2293277.0,2026-03-31
PBHC,4553886.0,2021-05-17
PCAR,526364953.0,2026-07-24
PBYI,50899456.0,2026-05-04
PC,16000000.0,2024-06-30
PCTY,53544058.0,2026-05-01
PCSA,2750173.0,2026-05-01
PCVX,144397682.0,2026-05-04
PCYO,24097370.0,2026-07-06
PCRX,39347924.0,2026-04-29
PCB,14234723.0,2026-04-30
PDFS,39921090.0,2026-05-04
PCT,180863550.0,2026-05-04
PDLB,24187901.0,2026-05-05
PDEX,3192759.0,2026-04-28
PECE,8737500.0,2026-06-26
PDYN,47244225.0,2026-04-28
PEBK,5461490.0,2026-07-31
PEG,498321402.0,2026-04-21
PDSB,55815653.0,2026-05-07
PENG,51242699.0,2026-07-02
PCG,2680110496.0,2026-07-15
PEP,1364891558.0,2026-07-02
PEBO,35942315.0,2026-07-29
PENN,133843371.0,2026-04-22
PERI,39024964.0,2025-12-31
PEGA,164404945.0,2026-07-13
PESI,18564581.0,2026-05-04
PETS,21365782.0,2026-05-22
PETZ,10323268.0,2025-12-31
PECO,128700000.0,2026-07-17
PFE,5699673589.0,2026-07-29
PFSA,4660268.0,2026-05-13
PFG,216012384.0,2026-04-22
PFX,1932600.0,2026-05-05
PFIS,10010881.0,2026-05-01
PFGC,157089851.0,2026-04-29
PEPG,69169215.0,2026-05-06
PGNY,78332370.0,2026-04-30
PGEN,356510980.0,2026-04-30
PGC,17718378.0,2026-05-01
PG,2328598978.0,2026-03-31
PHAR,701680440.0,2025-12-31
PHIO,11617250.0,2026-05-05
PHM,187452540.0,2026-07-15
PH,126086389.0,2026-03-31
PHOE,20000000.0,2025-03-31
PGR,581371770.0,2026-07-02
PHVS,65210590.0,2025-12-31
PHAT,80900934.0,2026-07-27
PHUN,20447419.0,2026-05-06
PII,56886167.0,2026-04-21
PLAB,58963698.0,2026-06-04
PKOH,14398169.0,2026-04-30
PKG,89098647.0,2026-05-01
PLBC,6968136.0,2026-04-30
PLBY,115967061.0,2026-05-04
PLD,932338000.0,2026-04-28
PI,30554413.0,2026-07-17
PLAY,34788694.0,2026-06-10
PLRZ,1608266.0,2025-12-31
PLRX,61920249.0,2026-05-08
PKBK,11730950.0,2026-05-04
PLSM,6502844.0,2026-03-15
PLSE,69209712.0,2026-05-12
PLPC,4888701.0,2026-07-17
PLCE,22237067.0,2026-06-08
PLTK,380379545.0,2026-05-04
PLUT,15350000.0,2025-12-31
PLUS,26151583.0,2026-05-25
PM,1558613439.0,2026-07-17
PLUG,1395069082.0,2026-05-06
PLMR,26503871.0,2026-05-04
PMEC,38417987.0,2025-03-31
PMN,8967693.0,2026-05-12
PMCB,10735649.0,2026-07-24
PLXS,26756421.0,2026-05-05
PLYX,47343297.0,2026-05-01
PLUR,10789546.0,2026-05-13
PMVP,53331766.0,2026-05-12
PNR,161605541.0,2026-03-31
PNRG,1618000.0,2026-05-11
PMA,12975000.0,2025-03-31
PMTS,11475608.0,2026-04-28
POCI,10944869.0,2026-05-12
PNTG,34767557.0,2026-05-04
POET,132290739.0,2025-12-31
PODD,69264674.0,2026-04-29
PODC,30065514.0,2026-06-26
PNC,401564632.0,2026-04-14
PNBK,117669652.0,2026-05-15
POLA,3640159.0,2026-05-20
PNW,121197234.0,2026-07-28
POOL,36443003.0,2026-04-23
PPC,238108524.0,2026-06-28
PPCB,56959280.0,2026-05-14
POWI,55719984.0,2026-05-04
PPG,222900000.0,2026-03-31
PPIH,8125713.0,2026-06-08
POWW,116163494.0,2026-06-15
PPTA,125094503.0,2026-05-01
POWL,36432564.0,2026-08-03
PPHC,29350077.0,2026-05-01
PRAA,38140888.0,2026-05-01
PRAX,27878774.0,2026-05-04
PRCT,56918844.0,2026-04-24
PPL,752350362.0,2026-04-30
PRE,16874089.0,2025-12-31
PPSI,11096266.0,2026-05-14
PRDO,62703133.0,2026-05-01
PRLD,79645307.0,2026-05-07
PRHI,26222881.0,2026-05-13
PROF,36337637.0,2026-05-07
PRGS,41012942.0,2026-06-26
PRCH,131832044.0,2026-07-24
PRME,180617451.0,2026-04-30
PRPL,15989770.0,2018-01-31
PRQR,105361064.0,2025-12-31
PROV,6253691.0,2026-04-30
PRSO,14686618.0,2026-05-12
PYXS,63355482.0,2026-05-08
Q,209208543.0,2026-07-31
QCOM,1050000000.0,2026-07-27
QBTS,366737601.0,2026-05-11
QDEL,68190989.0,2026-04-28
QCLS,7853429.0,2026-05-15
QLYS,35217007.0,2026-04-22
QMMM,17206342.0,2025-01-22
QCRH,16509789.0,2026-05-01
QETA,3747748.0,2026-05-15
QMCO,39374500.0,2026-06-24
QRVO,88013673.0,2026-05-01
QNTM,12.0,2024-12-31
QS,95449946.0,2022-02-18
QRHC,21013620.0,2026-05-04
QSEA,10134518.0,2026-07-13
QNST,57445370.0,2026-05-04
QTI,12042500.0,2026-03-24
QTTB,16956415.0,2026-05-01
QNCX,16300740.0,2026-05-04
QTRX,47105981.0,2026-04-30
QUIK,18224806.0,2026-05-08
QTEX,35949247.0,2025-12-31
QXL,13336392.0,2026-05-14
QURE,63067485.0,2026-05-01
QUMS,10936105.0,2026-06-29
RAIL,32791280.0,2026-07-31
QUCY,14661169.0,2026-05-14
QUBT,225534987.0,2026-05-08
RAPP,47826929.0,2026-05-04
RAND,2969814.0,2026-05-06
RANG,16037500.0,2026-05-08
RAVE,14211566.0,2026-04-30
RBB,16935888.0,2026-05-04
RAY,5874743.0,2026-07-31
RBNE,2774865.0,2025-12-31
RARE,98489224.0,2026-05-01
RCAT,122742361.0,2026-05-05
RBBN,178823352.0,2026-07-28
RCKY,7541363.0,2026-04-30
RCKT,109193549.0,2026-05-01
R,38346868.0,2026-06-30
RCT,68380615.0,2026-07-20
RCL,268194978.0,2026-04-27
RDAC,5951030.0,2026-05-13
RCMT,7087614.0,2026-05-13
RCEL,30776689.0,2026-05-11
RDCM,16592725.0,2025-12-31
RBKB,11169981.0,2026-05-01
RCON,10627426.0,2025-06-30
RDVT,14108921.0,2026-04-30
RDNW,2191633.0,2020-11-13
RDGT,133090838.0,2026-03-31
REAL,120487728.0,2026-05-01
REAX,210478399.0,2025-12-31
REBN,8213455.0,2026-05-22
RDWR,43145971.0,2025-12-31
REFI,21207228.0,2026-05-01
RECT,14500000.0,2026-03-31
RDZN,84562603.0,2026-06-26
RDNT,78634236.0,2026-05-08
REG,183096790.0,2026-04-30
REKR,137608115.0,2026-05-08
REFR,34867786.0,2026-05-07
RELY,210561079.0,2026-05-04
REPL,83945161.0,2026-06-25
REVB,3908420.0,2026-05-04
RETO,43398885.0,2022-12-31
RELL,10796094.0,2018-04-10
RFAI,3512500.0,2026-05-07
RFAM,13933333.0,2026-07-21
REGN,93955110.0,2012-07-13
RF,853379538.0,2026-05-06
RFIL,10851265.0,2026-06-15
RGC,494488908.0,2025-06-30
REYN,210767377.0,2026-05-01
RGLD,84866602.0,2026-04-29
RGNX,51697621.0,2026-05-08
RGCO,10407156.0,2026-04-30
RENX,2613877.0,2026-05-14
RGTIW,332398807.0,2026-05-07
RGTI,332398807.0,2026-05-07
RGA,65513163.0,2026-04-27
RGP,34443626.0,2026-07-15
RIBB,4793446.0,2026-03-31
RIGL,18502080.0,2026-04-30
RGS,2498778.0,2026-05-06
RHI,102361828.0,2026-07-31
RIOT,378151230.0,2026-04-29
RIME,14651665.0,2026-05-11
RJET,46819500.0,2026-07-29
RGEN,56435621.0,2026-07-24
RICK,7644500.0,2026-05-22
RLAY,191586165.0,2026-05-01
RKTO,19127643.0,2026-05-14
RLYB,5298137.0,2026-05-08
RKLB,578750990.0,2026-04-30
RKDA,2056884.0,2026-05-07
RMBI,10501260.0,2026-05-12
RILY,37130592.0,2026-05-05
RLMD,104890223.0,2026-05-07
RJF,194883034.0,2026-05-04
RMBS,108136967.0,2026-03-31
RMNI,93356000.0,2026-07-28
RMCO,15159557.0,2026-05-14
RMCF,9439587.0,2026-07-07
RMTI,39470299.0,2026-04-30
RNAC,29381514.0,2026-04-23
RMD,145056384.0,2026-04-27
RMSG,4821281.0,2025-03-31
RNAZ,950302.0,2026-05-12
RNTX,85539032.0,2026-05-13
RNA,17105643.0,2026-05-05
ROIV,719270385.0,2026-05-12
RNXT,45099133.0,2026-05-07
ROC,19080127.0,2026-05-08
ROMA,15564571.0,2025-03-31
ROL,481145404.0,2026-07-13
ROCK,29661919.0,2026-05-05
ROP,98900874.0,2026-07-28
RPRX,388132400.0,2020-11-10
ROK,111048676.0,2026-06-30
RR,21288410.0,2024-02-14
ROST,320781076.0,2026-05-15
RRGB,18499651.0,2026-05-12
RRBI,6584696.0,2026-04-30
RSVR,65661714.0,2026-05-19
RTB,1281009.0,2026-05-12
RSG,307664087.0,2026-04-30
RPD,66830618.0,2026-05-01
RUBI,385501.0,2025-12-31
RUN,238549287.0,2026-05-01
RSSS,33447532.0,2026-05-08
RTX,1347758144.0,2026-06-30
RVTY,111559773.0,2026-05-08
RVSN,2192186.0,2026-03-25
RVSB,20284946.0,2026-06-12
RXRX,168320745.0,2021-04-30
RYET,35550004.0,2026-03-31
RWAY,42464546.0,2026-05-05
RXST,41396609.0,2026-05-01
RVMD,212596462.0,2026-05-01
RZLT,96292331.0,2026-05-08
RYOJ,11550000.0,2025-12-31
RYTM,68532607.0,2026-05-01
RYM,2179128.0,2026-08-04
RZLV,336327587.0,2025-12-31
SABR,395313273.0,2026-04-30
RXT,249222499.0,2026-05-01
SAGT,12550000.0,2024-12-31
SAFT,14683434.0,2026-05-01
SAIA,26674650.0,2026-07-28
SAFX,332563485.0,2026-05-14
SAIH,14413299.0,2023-12-31
SABS,76464094.0,2026-05-06
SANM,53597356.0,2026-07-20
SAIL,567182997.0,2026-06-05
SBC,102846943.0,2026-05-06
SAIC,42276819.0,2026-05-22
SBAC,106063017.0,2026-04-22
SANG,33262910.0,2025-06-30
SATL,27297969.0,2022-04-25
SBET,197211412.0,2026-05-04
SBFG,6275117.0,2026-05-07
SBCF,97246772.0,2026-04-30
SBLK,113424507.0,2025-12-31
SANA,278291590.0,2026-04-30
SCHW,1739135507.0,2026-04-30
SBRA,255462756.0,2026-07-27
SBFM,5005945.0,2026-05-13
SCKT,8240958.0,2026-05-08
SCNX,40630815.0,2026-05-15
SBUX,1140000000.0,2026-07-23
SCOR,15093696.0,2026-05-08
SCSC,20324529.0,2026-05-04
SCLX,8491267.0,2026-05-15
SCHL,30975371.0,2011-06-30
SCYX,79442633.0,2026-05-01
SDOT,13395632.0,2026-05-08
SEAT,11241195.0,2026-07-31
SDST,10579727.0,2026-05-13
SEDG,60818202.0,2026-05-01
SEED,11924349.0,2026-01-30
SEGG,22816406.0,2026-07-07
SELF,11421732.0,2026-05-07
SEIC,120019182.0,2026-07-10
SEPN,45075533.0,2026-05-07
SENEA,11735631.0,2011-07-29
SENEB,11735631.0,2011-07-29
SEER,54981551.0,2026-05-08
SENS,41802965.0,2026-05-04
SEVN,22596077.0,2026-04-24
SEZL,33627019.0,2026-05-04
SERV,77373296.0,2026-05-05
SEV,24627694.0,2026-05-08
SFM,93247625.0,2026-07-27
SERA,29293831.0,2021-08-25
SCWO,17495504.0,2026-05-11
SFST,9471755.0,2026-07-28
SFNC,145064209.0,2026-05-01
SGA,6363968.0,2026-05-06
SFHG,18000000.0,2024-12-31
SFBC,2566069.0,2026-05-09
SFD,393477263.0,2026-04-26
SGML,111402979.0,2025-12-31
SGC,15945201.0,2026-07-30
SGMT,30674855.0,2024-11-08
SGHT,54409942.0,2026-04-30
SGP,33433355.0,2026-04-20
SGRY,130788162.0,2026-04-28
SHBI,33372276.0,2026-07-30
SHEN,55322001.0,2026-04-24
SHFS,6455796.0,2026-05-14
SHIM,36696660.0,2026-05-12
SHC,285166994.0,2026-04-28
SHMD,43062427.0,2025-12-31
SHOO,73177095.0,2026-07-28
SHOE,27151308.0,2026-05-29
SHPH,5851290.0,2026-05-15
SHIP,68314985.0,2020-12-31
SIDU,17992952.0,2022-11-14
SIBN,44349283.0,2026-05-06
SIGA,71724097.0,2026-04-17
SIEB,40940936.0,2026-05-15
SGLY,7293492.0,2026-05-14
SILO,16266593.0,2026-05-13
SIFY,434607689.0,2026-03-31
SIGI,59569119.0,2026-07-17
SITM,26396828.0,2026-05-01
SILC,5706142.0,2025-12-31
SJM,106662133.0,2026-06-02
SKIN,129600040.0,2026-05-05
SION,45150330.0,2026-04-30
SIRI,337066891.0,2026-07-28
SHW,242758151.0,2026-06-30
SJ,27037302.0,2020-12-31
SKWD,40543065.0,2026-05-06
SKYE,35143722.0,2026-05-08
SINT,4319279.0,2026-05-08
SKYX,134107133.0,2026-04-30
SKYQ,4794646.0,2026-05-15
SKYA,42322168.0,2026-05-08
SKK,18750000.0,2025-12-31
SKYW,38828325.0,2026-07-17
SLAB,32981823.0,2026-04-28
SLB,1495057661.0,2026-03-31
SOLV,173174712.0,2026-04-30
SOBR,2806579.0,2026-04-30
SNTG,2805325.0,2022-12-31
SOFI,1282741200.0,2026-04-30
SO,1127301098.0,2026-03-31
SONM,1488268.0,2026-05-14
SOPH,68486338.0,2025-12-31
SONO,118293979.0,2026-07-20
SORA,24864000.0,2025-12-31
SOUN,17461000.0,2022-03-09
SON,98868689.0,2026-04-17
SOWG,20120117.0,2026-05-20
SPCB,5369367.0,2025-12-31
SOTK,15716723.0,2026-07-06
SPGI,296000000.0,2026-04-24
SPHL,11500000.0,2024-12-31
SPFI,19145754.0,2026-05-04
SPOK,20918137.0,2026-07-24
SPRB,2752278.0,2026-05-11
SPRO,57901493.0,2026-05-01
SPPL,5786184.0,2025-12-31
SPRY,99303262.0,2026-05-13
SPSC,36000174.0,2026-07-23
SPG,283301181.0,2009-09-30
SPWR,146296979.0,2026-05-14
SQFT,1437030.0,2026-05-13
SPWH,39019795.0,2026-06-02
SPAI,20618817.0,2026-05-15
SPTX,53530550.0,2026-07-27
SRBK,8100214.0,2026-05-12
SPRC,365444.0,2025-12-31
SRE,653690046.0,2026-05-04
SRCE,24081826.0,2026-07-17
SRRK,119828338.0,2026-05-04
SRTS,16462059.0,2026-05-06
SRZN,11610371.0,2026-05-04
SSEA,7635871.0,2026-05-14
SRPT,105576222.0,2026-05-01
SSII,200131535.0,2026-05-12
SRTA,88466806.0,2026-07-28
SQFTW,1437030.0,2026-05-13
SSTI,12953937.0,2026-05-09
SSM,1424834.0,2026-05-15
SSAC,18200849.0,2026-03-27
STAK,13210349.0,2025-06-30
SSNC,234654996.0,2026-07-23
STE,97602485.0,2026-05-27
SSYS,86109936.0,2025-12-31
SSRM,207491071.0,2026-04-30
STBA,35976886.0,2026-05-05
STGW,244475451.0,2026-07-22
STAA,49512749.0,2026-02-27
STHO,12081333.0,2026-05-06
STEX,104274817.0,2026-05-13
STIM,69587840.0,2026-05-01
STFS,12650000.0,2025-06-30
STI,7745683.0,2026-05-19
STKS,31564301.0,2026-04-30
STLD,143328088.0,2026-07-23
STRO,16570439.0,2026-05-08
STRL,30588518.0,2026-07-31
STRT,4178799.0,2026-05-01
STRA,22207559.0,2026-07-17
STTK,76680517.0,2026-04-30
STRR,3695890.0,2026-05-01
STOK,64526242.0,2026-07-30
STX,224228992.0,2026-04-27
STT,274701765.0,2026-07-28
SUIG,76802872.0,2026-05-08
STRS,7982723.0,2026-04-30
STRZ,16789365.0,2026-04-28
SUGP,1464772.0,2026-01-16
SUNE,4123106.0,2026-05-05
SUPX,22169854.0,2025-06-30
SUNS,13518205.0,2026-05-08
SURG,25121895.0,2026-05-20
SVA,71860702.0,2025-12-31
SVRA,204927212.0,2026-05-12
SUPN,58127013.0,2026-07-28
SVCO,32681239.0,2026-05-04
SVRN,7504982.0,2024-12-31
SW,524522908.0,2026-07-24
SWAG,18770157.0,2026-05-11
SVC,647206961.0,2026-05-04
SWMR,11210256.0,2026-05-12
SWBI,44727068.0,2026-06-15
SWK,151016641.0,2026-07-24
SWIM,117411589.0,2026-05-01
SYBT,31066643.0,2026-07-31
SXTC,958077.0,2026-03-31
SWKS,150472782.0,2026-07-23
SXTP,2659288.0,2026-05-15
SYPR,23011130.0,2026-05-05
SYNA,38637685.0,2026-04-30
SYK,383573046.0,2026-06-30
T,6852385650.0,2026-07-16
SYF,325370840.0,2026-07-17
SYRE,86841253.0,2026-04-28
TACT,10276279.0,2026-04-30
TACO,37518750.0,2026-05-15
SYY,478182608.0,2026-04-10
TAOX,7471931.0,2026-05-13
TALK,167512566.0,2026-05-07
TARS,43023959.0,2026-05-01
TARA,56204237.0,2026-05-08
TAOP,9552783.0,2025-12-31
TAVI,15920833.0,2026-05-12
TATT,12983137.0,2025-12-31
TANH,6214872.0,2026-04-30
TBLA,336208207.0,2024-10-31
TBPH,51553005.0,2026-04-30
TBCH,19847421.0,2026-04-29
TAYD,3153117.0,2025-12-31
TCMD,22556260.0,2026-04-30
TCBI,43474369.0,2026-07-21
TCBK,31910590.0,2026-05-01
TCBS,2885392.0,2026-05-07
TCRT,24422146.0,2026-05-15
TCPC,83902775.0,2026-05-07
TBBK,41634439.0,2026-04-27
TCRX,23976942.0,2022-03-04
TDIC,28660000.0,2025-03-31
TDY,46355673.0,2026-07-15
TEAD,96991430.0,2026-04-30
TDG,55933583.0,2026-04-30
TEL,289513228.0,2026-07-20
TECX,18869186.0,2026-05-01
TECH,156568751.0,2026-04-29
TELA,44766146.0,2026-05-05
TELO,68774956.0,2026-05-14
TER,156340750.0,2026-07-27
TENX,37423917.0,2026-07-28
TFC,1221626188.0,2026-06-30
TFSL,280432141.0,2026-05-05
TCX,11149173.0,2026-05-05
TGL,1675725.0,2026-05-20
TGTX,153083580.0,2026-05-01
THC,80519000.0,2026-07-24
TH,100163841.0,2026-05-06
THCH,33243582.0,2025-12-31
TGT,454191112.0,2026-05-22
TENB,110271973.0,2026-04-30
THFF,11891896.0,2026-05-01
TIGO,169000000.0,2025-12-31
TIL,6781976.0,2026-05-13
THRY,44439111.0,2026-07-31
TIPT,37570075.0,2026-04-29
TILE,58056192.0,2026-05-07
TITN,23302180.0,2026-05-31
THRM,30705208.0,2026-07-17
TJX,1104704446.0,2026-05-22
TLF,8143569.0,2026-05-11
TJGC,15300000.0,2026-03-31
TKNO,53614028.0,2026-05-05
THO,52057373.0,2026-05-29
TLPH,51899648.0,2026-05-07
TLN,45395007.0,2026-05-05
TMC,433221138.0,2026-05-14
TLS,74819175.0,2026-05-04
TLRY,136203579.0,2026-07-24
TLSA,120507401.0,2025-12-31
TMCR,50926632.0,2025-12-31
TLSI,61416535.0,2026-05-08
TLIH,29404342.0,2025-12-31
TMO,369747286.0,2026-06-27
TMDX,34560911.0,2026-04-30
TNDM,68529089.0,2026-05-04
TNON,11573428.0,2026-05-15
TMCI,64872976.0,2026-04-30
TMHC,93427654.0,2026-04-22
TNXP,15940801.0,2026-05-08
TMUS,1072671613.0,2026-07-17
TNYA,216998876.0,2026-05-01
TONX,56530617.0,2026-05-06
TOP,37044475.0,2025-03-31
TNMG,2556405.0,2025-12-31
TOL,93471000.0,2026-05-27
TOMZ,21700465.0,2026-04-29
TPCS,10024469.0,2026-06-16
TNGX,144647982.0,2026-05-06
TOYO,37758997.0,2025-12-31
TORO,21473509.0,2025-12-31
TPL,68974429.0,2026-04-30
TRAX,34892381.0,2026-05-12
TPR,202044714.0,2026-04-24
TPST,14806997.0,2026-05-08
TRAW,15150669.0,2026-05-12
TREE,14039561.0,2026-07-27
TRDA,38820616.0,2026-04-30
TRMD,101332707.0,2025-12-31
TRI,486092864.0,2021-12-31
TRMB,233111519.0,2026-05-01
TRNR,2330936.0,2026-05-15
TRIP,116361169.0,2026-05-01
TRMK,58605547.0,2026-04-30
TRNS,9340698.0,2026-05-22
TRGP,214643903.0,2026-05-01
TROW,213315850.0,2026-07-29
TROO,122160166.0,2025-12-31
TRUP,43620472.0,2026-04-23
TRUG,1394771.0,2026-04-15
TRON,474382064.0,2026-05-07
TRST,17474811.0,2026-04-30
TRS,35873873.0,2026-07-23
TRV,208575022.0,2026-07-10
TSCO,524449616.0,2026-04-25
TSHA,287361020.0,2026-05-06
TSLA,3949547394.0,2026-07-16
TSBK,7827953.0,2026-05-04
TSEM,112534404.0,2025-12-31
TRVI,141979708.0,2026-04-30
TTGT,72299443.0,2026-05-04
TTEK,256044428.0,2026-07-20
TT,220023177.0,2026-07-24
TTEC,48658381.0,2026-05-01
TSSI,28073956.0,2026-05-01
TTMI,103850059.0,2026-04-27
TULP,4772557.0,2026-05-08
TVGN,4187505.0,2026-05-12
TVRD,9381344.0,2026-05-05
TTRX,29788040.0,2026-05-08
TWAV,3456149.0,2026-05-14
TUSK,48170647.0,2026-05-06
TWIN,14422827.0,2026-04-29
TTWO,185666663.0,2026-05-11
TVTX,92992905.0,2026-04-30
TXMD,11574362.0,2026-05-11
TWST,62707424.0,2026-07-29
TYGO,75910794.0,2026-05-01
TXN,913247686.0,2026-07-15
TXRH,65729615.0,2026-04-29
TYRA,59470381.0,2026-05-08
TXT,171986917.0,2026-07-17
TWG,56000000.0,2024-12-31
UAL,324583772.0,2026-07-09
TYL,40952274.0,2026-07-27
UBER,2035599013.0,2026-05-01
TZOO,10279709.0,2026-05-13
UCFI,52234983.0,2026-05-13
UDR,324915653.0,2026-04-27
UBSI,137798590.0,2026-04-30
UCTT,44828352.0,2026-04-23
UBCP,5781030.0,2026-05-01
UFPT,7736939.0,2026-04-30
UEIC,12630302.0,2026-05-07
UFPI,56480230.0,2026-03-28
UTMD,3184025.0,2026-05-11
VALU,9387238.0,2026-02-28
VANI,86235104.0,2026-05-12
UVSP,27580768.0,2026-07-27
V,469280842.0,2010-01-27
VC,26695429.0,2026-07-16
VCIG,26310352.0,2025-12-31
VBNK,26002577.0,2024-10-31
VBIO,3200824.0,2026-05-10
VCEL,51206614.0,2026-07-24
VABK,5422513.0,2026-05-07
VCYT,80390731.0,2026-07-27
VELO,29801002.0,2026-05-12
VECO,61033485.0,2026-04-30
VEEE,529330.0,2026-05-05
VERA,71782904.0,2026-05-01
VERI,92958965.0,2026-05-12
VFF,114288686.0,2026-05-07
VEEA,50407567.0,2026-05-13
VERU,16050320.0,2026-05-08
VHUB,85057857.0,2026-05-11
VIAV,233907870.0,2026-04-25
VICI,1101077562.0,2026-07-28
VICR,26978949.0,2015-04-24
VERX,26359623.0,2020-08-31
VCTR,62531106.0,2026-04-30
VIRC,15729543.0,2026-06-02
VITL,42848454.0,2026-05-04
VIR,168651974.0,2026-04-29
VIVO,12527212.0,2025-06-30
VISN,225569631.0,2026-04-20
VEEV,162443291.0,2026-06-01
VIVS,3494071.0,2026-07-10
VKTX,116652937.0,2026-07-15
VIVK,4295647.0,2026-05-20
VLGEA,13845449.0,2013-10-04
VMAR,4907137.0,2025-08-31
VLY,554131478.0,2026-05-06
VLTO,245599266.0,2026-04-21
VMET,93411746.0,2025-12-31
VLO,287927461.0,2026-07-24
VNDA,60135562.0,2026-04-30
VHC,4185852.0,2026-05-07
VOR,54185877.0,2026-05-07
VMD,38088228.0,2026-07-27
VRCA,17178786.0,2026-05-05
VOXR,68364945.0,2025-12-31
VMC,129754885.0,2026-04-21
VRA,28438252.0,2026-06-04
VRAX,579218.0,2026-03-31
VRM,5207627.0,2026-05-12
VREX,42100000.0,2026-04-30
VRRM,151906653.0,2026-05-31
VNCE,12847294.0,2026-05-31
VRSK,131021840.0,2026-04-24
VRME,13119065.0,2026-05-12
VRNS,114860485.0,2026-07-24
VRT,384988173.0,2026-07-27
VRDN,103074740.0,2026-05-01
VS,4901677.0,2026-05-14
VSEC,28057152.0,2026-05-05
VRSN,90300000.0,2026-07-17
VSME,55013689.0,2025-12-31
VRTX,253805417.0,2026-04-30
VSAT,136568953.0,2026-05-08
VST,337182468.0,2026-05-01
VTGN,41032453.0,2026-06-12
VSECU,28057152.0,2026-05-05
VTRS,1164552654.0,2026-05-04
VSEE,48599421.0,2026-05-14
VTSI,11306885.0,2026-05-11
VUZI,83158258.0,2026-05-14
VVOS,13894600.0,2026-05-20
VYGR,60421287.0,2026-04-30
VTR,512946359.0,2026-07-28
VZ,4154775202.0,2026-06-30
VSTM,87873639.0,2026-05-04
VWAV,25387727.0,2026-05-20
WABC,23487955.0,2026-04-30
WAFD,73995238.0,2026-07-31
WAB,168910851.0,2026-07-17
WASH,19065593.0,2026-04-30
WATT,5501101.0,2026-05-10
WAY,191748416.0,2026-07-23
WAT,98185855.0,2026-05-06
WAFU,2922559.0,2026-03-31
WBD,2507136702.0,2026-04-23
WDC,344682131.0,2026-04-23
WCT,46265000.0,2024-12-31
WDFC,13421096.0,2026-07-02
WELL,705914450.0,2026-04-24
WEC,325849383.0,2026-06-30
WBTN,135234730.0,2026-05-01
WEN,190480640.0,2026-05-01
WCC,48732854.0,2026-07-29
WETH,11931534.0,2026-05-11
WDAY,220000000.0,2018-11-30
WEYS,9532202.0,2026-04-27
WERN,59950115.0,2026-05-01
WFCF,5039276.0,2026-05-07
WETO,22000000.0,2025-06-30
WFC,3060189494.0,2026-04-17
WFF,5038018.0,2025-12-31
WEST,97557962.0,2026-05-01
WGS,29822541.0,2026-07-27
WHWK,49452463.0,2026-05-04
WHF,21611392.0,2026-05-07
WHLR,1042613.0,2026-05-06
WFRD,71685443.0,2026-07-16
WILC,13930310.0,2025-12-31
WIX,54989523.0,2025-12-31
WKSP,12531540.0,2026-05-13
WLDS,2882802.0,2025-12-31
WING,27242546.0,2026-07-28
WINA,3592169.0,2026-07-13
WLFC,7043713.0,2026-05-01
WKHS,10893400.0,2026-05-08
WMB,1223167472.0,2026-07-30
WLK,128122944.0,2026-04-29
WM,399715184.0,2026-07-24
WLDN,15110606.0,2026-05-06
WMG,1069.0,2020-01-31
WLTH,149361216.0,2026-06-11
WMT,7958079155.0,2026-05-27
WNW,15643353.0,2025-12-31
WPRT,17375213.0,2025-12-31
WOK,14591942.0,2024-09-30
WRLD,4640323.0,2026-05-27
WRAP,55738250.0,2026-05-11
WSBC,95905889.0,2026-07-23
WRB,371227529.0,2026-07-27
WNEB,20125203.0,2026-05-03
WSBF,18053082.0,2026-04-30
WSC,180994679.0,2026-04-30
WST,70375762.0,2026-07-20
WSFS,52044046.0,2026-04-30
WSBK,9295376.0,2026-05-13
WSM,117746611.0,2026-05-17
WSTN,8055000.0,2026-05-15
WTF,48237472.0,2026-03-31
WTW,92871937.0,2026-07-27
WTFC,67447756.0,2026-04-30
WVVI,4979529.0,2026-05-13
WTBA,17043743.0,2026-07-22
WULF,495532645.0,2026-05-05
WVE,197048175.0,2026-07-23
WXM,6900000.0,2025-09-30
WWD,59045820.0,2026-07-28
WYNN,103786729.0,2026-04-30
WYFI,38614216.0,2026-05-12
XAIR,14410621.0,2026-06-23
WW,9998760.0,2026-04-20
WY,720736000.0,2026-07-27
XBIO,2291056.0,2026-05-08
XCUR,6373937.0,2026-05-26
XBP,11768050.0,2026-05-15
XBIT,30487731.0,2026-05-14
WTG,1708575.0,2026-03-31
XEL,624634306.0,2026-07-28
XENE,96665550.0,2026-05-04
XELB,6048621.0,2026-05-07
XGN,24225339.0,2026-07-30
XLO,5782511.0,2026-03-18
XERS,172642055.0,2026-04-30
XFOR,94319696.0,2026-05-01
XNCR,74141596.0,2026-05-01
XHLD,3977443.0,2026-05-12
XOM,4111911960.0,2026-06-30
XPO,117086465.0,2026-07-24
XRAY,200326683.0,2026-04-24
XPON,11438298.0,2026-05-14
XPEL,27560985.0,2026-05-08
XRTX,12989678.0,2021-12-31
XOS,12122736.0,2026-05-11
XRX,130779611.0,2026-04-30
XTIA,38477789.0,2026-05-14
XMTR,46123556.0,2024-04-30
XXII,4455649.0,2026-05-01
XMAX,63602326.0,2026-05-14
XWEL,8444266.0,2026-05-14
YDKG,5529189.0,2025-12-31
YAAS,2325550.0,2025-09-30
YDES,70789261.0,2025-12-31
XYL,233486812.0,2026-07-24
YHGJ,2609244.0,2026-05-13
YHNA,4285821.0,2026-05-14
YMAT,13953333.0,2026-04-30
YHC,21371656.0,2026-05-15
YORW,16209339.0,2026-05-05
YYAI,42095538.0,2026-01-31
YXT,178456987.0,2025-12-31
YYGH,33300000.0,2023-12-31
YUM,275621202.0,2026-05-01
ZBIO,63133377.0,2026-04-30
ZBRA,47633392.0,2026-05-05
ZBH,193462482.0,2026-04-23
ZDAI,26400000.0,2025-03-31
ZENA,48020885.0,2025-12-31
YUMC,349147371.0,2026-05-04
ZJYL,156547100.0,2025-09-30
ZKIN,6612308.0,2025-09-30
ZION,147091817.0,2026-04-30
ZS,161709525.0,2026-05-19
ZNB,16191012.0,2023-06-30
ZD,36835400.0,2026-05-04
ZSQR,51431493.0,2026-05-12
ZNTL,71186348.0,2026-05-08
ZTEK,104390928.0,2025-03-31
ZJK,63822249.0,2025-12-31
ZOOZ,161995282.0,2025-12-31
ZSTK,17489828.0,2026-07-27
ZYBT,47391376.0,2025-12-31
ZTG,11583839.0,2025-09-30
ZYME,73023061.0,2026-05-06
ZURA,94997710.0,2026-05-04
ZTS,419228118.0,2026-05-01
ZUMZ,16872215.0,2026-05-30
ZVRA,59115084.0,2026-05-01
