quarter,as_of,rank,ticker,company,score,confidence,sector,flags,ret_3m,ret_6m,ret_12m
2018q1,2018-03,1,ANET,"ARISTA NETWORKS, INC.",92.2,0.67,Information Technology,,0.86,4.14,23.17
2018q1,2018-03,2,LYB,LYONDELLBASELL INDUSTRIES N.V.,83.8,0.67,Materials,,4.83,-1.3,-17.15
2018q1,2018-03,3,USNA,USANA HEALTH SCIENCES INC,83.0,0.6,Health Care,,34.23,40.34,-2.36
2018q1,2018-03,4,ADBE,ADOBE SYSTEMS INC,82.9,0.7,Information Technology,,12.83,24.93,23.33
2018q1,2018-03,5,SUPN,SUPERNUS PHARMACEUTICALS INC,82.8,0.63,Health Care,,30.68,9.93,-23.49
2018q1,2018-03,6,HCC,"WARRIOR MET COAL, INC.",82.6,0.6,Energy,,25.82,23.63,39.48
2018q1,2018-03,7,KRO,KRONOS WORLDWIDE INC,81.6,0.63,Materials,,0.38,-26.99,-35.37
2018q1,2018-03,8,BIIB,BIOGEN INC.,81.5,0.63,Health Care,,6.0,29.03,-13.67
2018q1,2018-03,9,IPGP,IPG PHOTONICS CORP,81.3,0.67,Information Technology,,-5.46,-33.13,-34.96
2018q1,2018-03,10,NC,NACCO INDUSTRIES INC,80.8,0.63,Energy,,3.2,0.61,18.51
2018q1,2018-03,11,ON,ON SEMICONDUCTOR CORP,80.4,0.7,Information Technology,,-9.08,-24.65,-15.9
2018q1,2018-03,12,HUN,HUNTSMAN CORP,79.5,0.67,Materials,,0.33,-5.9,-21.09
2018q1,2018-03,13,AME,AMETEK INC/,79.1,0.6,Information Technology,,-4.84,4.52,10.01
2018q1,2018-03,14,VEEV,VEEVA SYSTEMS INC,79.1,0.63,Information Technology,expensive_pe,5.26,49.1,73.73
2018q1,2018-03,15,AEIS,ADVANCED ENERGY INDUSTRIES INC,78.6,0.63,Information Technology,,-9.09,-19.17,-22.25
2018q1,2018-03,16,PETS,PETMED EXPRESS INC,78.3,0.63,Consumer Staples,,6.25,-19.8,-43.48
2018q1,2018-03,17,HQY,HEALTHEQUITY INC,78.3,0.63,Industrials,expensive_pe,24.05,55.95,22.2
2018q1,2018-03,18,EBS,EMERGENT BIOSOLUTIONS INC.,78.2,0.6,Health Care,,-4.1,25.03,-4.05
2018q1,2018-03,19,CTSH,COGNIZANT TECHNOLOGY SOLUTIONS CORP,78.0,0.67,Information Technology,,-1.62,-3.65,-9.01
2018q1,2018-03,20,FAST,FASTENAL CO,77.9,0.67,Consumer Discretionary,,-11.18,7.81,21.31
2018q2,2018-06,1,MU,MICRON TECHNOLOGY INC,84.8,0.6,Information Technology,,-13.75,-39.49,-26.41
2018q2,2018-06,2,TXN,TEXAS INSTRUMENTS INC,84.4,0.67,Information Technology,,-2.15,-13.07,7.08
2018q2,2018-06,3,SUPN,SUPERNUS PHARMACEUTICALS INC,84.4,0.67,Health Care,,-15.87,-44.49,-44.71
2018q2,2018-06,4,ADBE,ADOBE SYSTEMS INC,83.6,0.73,Information Technology,,10.72,-7.21,20.85
2018q2,2018-06,5,BIIB,BIOGEN INC.,83.3,0.67,Health Care,,21.73,3.68,-19.42
2018q2,2018-06,6,LYB,LYONDELLBASELL INDUSTRIES N.V.,82.9,0.67,Materials,,-5.85,-22.74,-17.97
2018q2,2018-06,7,USNA,USANA HEALTH SCIENCES INC,82.3,0.63,Health Care,,4.55,2.11,-31.11
2018q2,2018-06,8,ANET,"ARISTA NETWORKS, INC.",82.1,0.7,Information Technology,,3.25,-18.17,0.83
2018q2,2018-06,9,ILMN,ILLUMINA INC,81.7,0.7,Health Care,,31.43,7.39,31.82
2018q2,2018-06,10,ZTS,ZOETIS INC.,80.9,0.6,Health Care,,7.64,0.7,34.08
2018q2,2018-06,11,MGRC,MCGRATH RENTCORP,80.7,0.63,,,-13.43,-17.62,0.76
2018q2,2018-06,12,LOPE,"GRAND CANYON EDUCATION, INC.",80.4,0.6,Consumer Discretionary,,1.07,-13.86,4.85
2018q2,2018-06,13,UI,"UBIQUITI NETWORKS, INC.",80.3,0.67,Information Technology,,17.03,17.94,56.6
2018q2,2018-06,14,MYGN,MYRIAD GENETICS INC,80.0,0.6,Health Care,,23.09,-22.21,-25.66
2018q2,2018-06,15,HQY,HEALTHEQUITY INC,79.9,0.63,Industrials,expensive_pe,25.71,-20.57,-12.92
2018q2,2018-06,16,GNRC,GENERAC HOLDINGS INC.,79.8,0.7,Information Technology,,9.05,-3.92,34.18
2018q2,2018-06,17,GMED,GLOBUS MEDICAL INC,79.7,0.67,Health Care,,12.49,-14.23,-16.17
2018q2,2018-06,18,KRO,KRONOS WORLDWIDE INC,79.6,0.7,Materials,,-27.26,-47.72,-28.62
2018q2,2018-06,19,AEIS,ADVANCED ENERGY INDUSTRIES INC,79.4,0.67,Information Technology,,-11.09,-26.1,-3.13
2018q2,2018-06,20,STLD,STEEL DYNAMICS INC,79.3,0.73,Materials,,-1.25,-33.94,-32.59
2018q3,2018-09,1,BIIB,BIOGEN INC.,88.2,0.67,Health Care,,-14.83,-33.1,-34.1
2018q3,2018-09,2,ALSN,ALLISON TRANSMISSION HOLDINGS INC,86.8,0.67,Consumer Discretionary,,-15.31,-13.1,-8.36
2018q3,2018-09,3,SUPN,SUPERNUS PHARMACEUTICALS INC,85.6,0.67,Health Care,,-34.02,-30.41,-45.42
2018q3,2018-09,4,NUE,NUCOR CORP,84.4,0.6,Materials,,-17.72,-6.68,-17.35
2018q3,2018-09,5,USNA,USANA HEALTH SCIENCES INC,83.7,0.63,Health Care,,-2.34,-30.43,-43.27
2018q3,2018-09,6,ADBE,ADOBE SYSTEMS INC,82.3,0.73,Information Technology,,-16.19,-1.28,2.33
2018q3,2018-09,7,FAST,FASTENAL CO,82.3,0.7,Consumer Discretionary,,-9.17,12.51,15.83
2018q3,2018-09,8,STLD,STEEL DYNAMICS INC,82.2,0.73,Materials,,-33.11,-20.91,-32.09
2018q3,2018-09,9,ZTS,ZOETIS INC.,82.2,0.6,Health Care,,-6.45,10.32,36.95
2018q3,2018-09,10,TXN,TEXAS INSTRUMENTS INC,82.1,0.67,Information Technology,,-11.16,0.48,23.97
2018q3,2018-09,11,SNA,SNAP-ON INC,81.8,0.6,Industrials,,-20.41,-13.75,-12.67
2018q3,2018-09,12,ILMN,ILLUMINA INC,81.7,0.7,Health Care,expensive_pe,-18.29,-15.36,-17.12
2018q3,2018-09,13,FCN,FTI CONSULTING INC,81.6,0.7,Industrials,,-8.95,4.96,44.81
2018q3,2018-09,14,GNRC,GENERAC HOLDINGS INC.,81.5,0.7,Information Technology,,-11.9,-9.18,38.88
2018q3,2018-09,15,VPG,"VISHAY PRECISION GROUP, INC.",81.4,0.67,Information Technology,,-19.17,-8.53,-12.46
2018q3,2018-09,16,AAPL,APPLE INC,81.2,0.67,Information Technology,,-29.88,-15.2,0.76
2018q3,2018-09,17,GTN,GRAY TELEVISION INC,81.0,0.63,Communication Services,,-15.77,22.06,-6.74
2018q3,2018-09,18,UI,"UBIQUITI NETWORKS, INC.",80.6,0.67,Information Technology,,0.78,52.06,20.67
2018q3,2018-09,19,RMR,RMR GROUP INC.,80.3,0.6,Industrials,,-42.54,-33.62,-49.83
2018q3,2018-09,20,ANET,"ARISTA NETWORKS, INC.",80.1,0.7,Information Technology,,-20.75,18.28,-10.13
2018q4,2018-12,1,CACC,CREDIT ACCEPTANCE CORP,87.8,0.73,Financials,leverage_not_applicable,18.38,26.74,15.87
2018q4,2018-12,2,INVA,"INNOVIVA, INC.",87.6,0.87,Health Care,,-19.6,-16.56,-18.85
2018q4,2018-12,3,REGN,REGENERON PHARMACEUTICALS INC,86.9,0.83,Health Care,,9.94,-16.2,0.53
2018q4,2018-12,4,BIIB,BIOGEN INC.,85.3,0.9,Health Care,,-21.45,-22.28,-1.39
2018q4,2018-12,5,USNA,USANA HEALTH SCIENCES INC,85.3,0.8,Health Care,,-28.76,-32.53,-33.28
2018q4,2018-12,6,AIV,APARTMENT INVESTMENT & MANAGEMENT CO,84.3,0.7,Real Estate,,15.52,16.04,21.42
2018q4,2018-12,7,DECK,DECKERS OUTDOOR CORP,84.2,0.67,Consumer Discretionary,,14.88,37.53,31.97
2018q4,2018-12,8,AMGN,AMGEN INC,84.1,0.77,Health Care,,-1.65,-3.78,27.6
2018q4,2018-12,9,MPT,MEDICAL PROPERTIES TRUST INC,83.4,0.73,Real Estate,heavy_dilution,16.71,11.51,38.54
2018q4,2018-12,10,INTC,INTEL CORP,83.3,0.67,Information Technology,,15.15,3.28,30.71
2018q4,2018-12,11,ALSN,ALLISON TRANSMISSION HOLDINGS INC,82.9,0.9,Consumer Discretionary,,2.61,6.23,11.5
2018q4,2018-12,12,NUE,NUCOR CORP,82.8,0.83,Materials,,13.41,7.88,11.84
2018q4,2018-12,13,KLAC,KLA TENCOR CORP,82.4,0.67,Information Technology,,34.37,33.93,103.99
2018q4,2018-12,14,ZTS,ZOETIS INC.,82.1,0.83,Health Care,,17.92,33.16,55.71
2018q4,2018-12,15,PLNT,"PLANET FITNESS, INC.",81.7,0.7,Consumer Discretionary,negative_equity,28.16,35.1,39.28
2018q4,2018-12,16,AME,AMETEK INC/,81.2,0.6,Information Technology,,22.77,34.63,48.27
2018q4,2018-12,17,GTN,GRAY TELEVISION INC,81.1,0.87,Communication Services,,44.91,11.19,45.45
2018q4,2018-12,18,TXN,TEXAS INSTRUMENTS INC,80.9,0.9,Information Technology,,13.1,23.18,39.56
2018q4,2018-12,19,FAST,FASTENAL CO,80.9,0.93,Consumer Discretionary,,23.88,26.33,45.08
2018q4,2018-12,20,MTG,MGIC INVESTMENT CORP,80.6,0.6,Financials,leverage_not_applicable,26.1,25.62,36.71
2019q1,2019-03,1,CACC,CREDIT ACCEPTANCE CORP,87.8,0.73,Financials,leverage_not_applicable,7.06,2.08,-43.42
2019q1,2019-03,2,REGN,REGENERON PHARMACEUTICALS INC,86.0,0.83,Health Care,,-23.77,-32.44,18.92
2019q1,2019-03,3,AIV,APARTMENT INVESTMENT & MANAGEMENT CO,85.7,0.7,Real Estate,,0.44,5.32,-27.93
2019q1,2019-03,4,KLAC,KLA TENCOR CORP,85.5,0.67,Information Technology,,-0.33,35.21,23.08
2019q1,2019-03,5,BSM,"BLACK STONE MINERALS, L.P.",85.0,0.6,Energy,,-10.25,-15.38,-70.55
2019q1,2019-03,6,BBY,BEST BUY CO INC,84.8,0.6,Consumer Discretionary,,-1.12,-1.45,-17.34
2019q1,2019-03,7,AME,AMETEK INC/,84.7,0.6,Information Technology,,9.66,11.02,-12.59
2019q1,2019-03,8,BIIB,BIOGEN INC.,84.6,0.9,Health Care,,-1.06,-1.51,33.84
2019q1,2019-03,9,DECK,DECKERS OUTDOOR CORP,84.6,0.77,Consumer Discretionary,,19.72,0.25,-8.84
2019q1,2019-03,10,MTG,MGIC INVESTMENT CORP,84.5,0.6,Financials,leverage_not_applicable,-0.38,-4.16,-51.21
2019q1,2019-03,11,PLNT,"PLANET FITNESS, INC.",84.4,0.7,Consumer Discretionary,negative_equity,5.41,-15.79,-29.13
2019q1,2019-03,12,MPT,MEDICAL PROPERTIES TRUST INC,84.3,0.73,Real Estate,heavy_dilution,-4.46,8.66,-1.56
2019q1,2019-03,13,NUE,NUCOR CORP,84.2,0.83,Materials,,-4.88,-11.43,-36.11
2019q1,2019-03,14,FAST,FASTENAL CO,84.2,0.93,Consumer Discretionary,,1.98,2.94,-0.26
2019q1,2019-03,15,INTC,INTEL CORP,84.1,0.7,Information Technology,,-10.31,-2.8,3.15
2019q1,2019-03,16,ESNT,ESSENT GROUP LTD.,82.7,0.6,Financials,leverage_not_applicable,8.15,10.05,-38.8
2019q1,2019-03,17,A,AGILENT TECHNOLOGIES INC,82.5,0.73,Health Care,,-6.91,-4.05,-9.91
2019q1,2019-03,18,EXEL,"EXELIXIS, INC.",82.3,0.83,Health Care,,-10.21,-25.71,-27.65
2019q1,2019-03,19,MSFT,MICROSOFT CORP,81.9,0.73,Information Technology,,14.0,18.71,35.49
2019q1,2019-03,20,PCAR,PACCAR INC,81.7,0.67,Consumer Discretionary,,5.65,3.73,-6.06
2019q2,2019-06,1,JAZZ,JAZZ PHARMACEUTICALS PLC,87.3,0.63,Health Care,,-10.12,4.71,-22.6
2019q2,2019-06,2,BBY,BEST BUY CO INC,86.7,0.6,Consumer Discretionary,,-0.33,27.59,28.86
2019q2,2019-06,3,PCAR,PACCAR INC,86.1,0.63,Consumer Discretionary,,-1.82,14.57,9.38
2019q2,2019-06,4,ANET,"ARISTA NETWORKS, INC.",86.1,0.73,Information Technology,,-7.97,-21.65,-19.1
2019q2,2019-06,5,PLNT,"PLANET FITNESS, INC.",84.9,0.6,Consumer Discretionary,negative_equity,-20.11,3.09,-16.39
2019q2,2019-06,6,PHM,PULTEGROUP INC/MI/,84.8,0.63,Real Estate,,15.95,23.46,9.01
2019q2,2019-06,7,CHDN,CHURCHILL DOWNS INC,84.2,0.6,Consumer Discretionary,,7.29,19.77,16.23
2019q2,2019-06,8,BIIB,BIOGEN INC.,84.2,0.73,Health Care,,-0.45,26.88,14.4
2019q2,2019-06,9,KLAC,KLA TENCOR CORP,84.1,0.83,Information Technology,,35.65,52.31,67.88
2019q2,2019-06,10,TER,"TERADYNE, INC",83.7,0.77,Information Technology,,21.08,42.77,77.49
2019q2,2019-06,11,GNTX,GENTEX CORP,83.5,0.63,Consumer Discretionary,,12.45,18.85,6.64
2019q2,2019-06,12,TSCO,TRACTOR SUPPLY CO /DE/,83.5,0.73,Consumer Discretionary,,-16.59,-13.51,22.82
2019q2,2019-06,13,NUE,NUCOR CORP,83.4,0.67,Materials,,-6.88,3.68,-22.01
2019q2,2019-06,14,FAST,FASTENAL CO,82.9,0.77,Consumer Discretionary,,0.95,14.84,35.02
2019q2,2019-06,15,WU,WESTERN UNION CO,82.9,0.63,Industrials,,17.48,36.79,12.69
2019q2,2019-06,16,REGN,REGENERON PHARMACEUTICALS INC,82.8,0.67,Health Care,,-11.37,19.96,99.25
2019q2,2019-06,17,CSX,CSX CORP,82.5,0.67,Industrials,,-10.14,-5.82,-8.59
2019q2,2019-06,18,CSCO,"CISCO SYSTEMS, INC.",82.4,0.77,Information Technology,,-9.15,-11.15,-12.13
2019q2,2019-06,19,DECK,DECKERS OUTDOOR CORP,82.3,0.77,Consumer Discretionary,,-16.26,-4.04,11.6
2019q2,2019-06,20,ANIK,"ANIKA THERAPEUTICS, INC.",82.1,0.7,Health Care,,35.13,27.65,-7.11
2019q3,2019-09,1,V,VISA INC.,90.9,0.6,Industrials,,9.42,-6.04,16.99
2019q3,2019-09,2,CORT,CORCEPT THERAPEUTICS INC,85.0,0.7,Health Care,,-14.43,-15.91,23.13
2019q3,2019-09,3,PHM,PULTEGROUP INC/MI/,84.7,0.63,Real Estate,,6.48,-38.54,28.22
2019q3,2019-09,4,KLAC,KLA CORP,84.6,0.83,Information Technology,,12.28,-8.97,23.82
2019q3,2019-09,5,WU,WESTERN UNION CO,84.5,0.63,Industrials,,16.44,-20.36,-3.96
2019q3,2019-09,6,BIIB,BIOGEN INC.,84.4,0.73,Health Care,,27.45,35.89,21.85
2019q3,2019-09,7,GNTX,GENTEX CORP,84.3,0.63,Consumer Discretionary,,5.69,-18.87,-4.79
2019q3,2019-09,8,NVR,NVR INC,84.3,0.63,Real Estate,,2.45,-30.89,9.84
2019q3,2019-09,9,ANET,"ARISTA NETWORKS, INC.",83.9,0.73,Information Technology,,-14.87,-15.22,-13.39
2019q3,2019-09,10,JAZZ,JAZZ PHARMACEUTICALS PLC,83.6,0.63,Health Care,,16.5,-22.16,11.28
2019q3,2019-09,11,PCAR,PACCAR INC,83.0,0.63,Consumer Discretionary,,16.69,-9.44,27.38
2019q3,2019-09,12,META,FACEBOOK INC,82.9,0.7,Information Technology,,15.26,-6.33,47.07
2019q3,2019-09,13,ANIK,"ANIKA THERAPEUTICS, INC.",82.1,0.7,Health Care,,-5.54,-47.33,-35.53
2019q3,2019-09,14,BMY,BRISTOL MYERS SQUIBB CO,82.0,0.67,Health Care,,27.65,11.63,22.67
2019q3,2019-09,15,MSFT,MICROSOFT CORP,82.0,0.9,Information Technology,,13.81,14.13,53.01
2019q3,2019-09,16,FCN,"FTI CONSULTING, INC",81.6,0.77,Industrials,,4.41,13.0,-0.02
2019q3,2019-09,17,BRC,BRADY CORP,81.5,0.63,Industrials,,8.4,-14.24,-23.2
2019q3,2019-09,18,GNRC,GENERAC HOLDINGS INC.,81.2,0.77,Information Technology,,28.4,18.93,147.18
2019q3,2019-09,19,TER,"TERADYNE, INC",81.1,0.77,Information Technology,,17.92,-6.19,37.99
2019q3,2019-09,20,REGN,"REGENERON PHARMACEUTICALS, INC.",81.0,0.67,Health Care,,35.36,76.02,101.8
2019q4,2019-12,1,V,VISA INC.,90.3,0.6,Industrials,,-14.13,3.13,17.12
2019q4,2019-12,2,MTG,MGIC INVESTMENT CORP,89.2,0.6,Financials,leverage_not_applicable,-55.0,-41.49,-9.2
2019q4,2019-12,3,KLAC,KLA CORP,88.5,0.67,Information Technology,,-18.93,10.22,47.94
2019q4,2019-12,4,ESNT,ESSENT GROUP LTD.,87.2,0.6,Financials,leverage_not_applicable,-49.15,-29.65,-15.53
2019q4,2019-12,5,WU,WESTERN UNION CO,87.1,0.77,Industrials,,-31.6,-17.62,-14.72
2019q4,2019-12,6,BIIB,BIOGEN INC.,86.8,0.9,Health Care,,6.62,-9.83,-17.48
2019q4,2019-12,7,REGN,"REGENERON PHARMACEUTICALS, INC.",86.7,0.87,Health Care,,30.04,66.09,28.66
2019q4,2019-12,8,PHM,PULTEGROUP INC/MI/,85.8,0.8,Real Estate,,-42.28,-11.7,12.55
2019q4,2019-12,9,GOOGL,ALPHABET INC.,85.3,0.87,Information Technology,,-13.25,5.87,30.85
2019q4,2019-12,10,NVR,NVR INC,84.9,0.67,Real Estate,,-32.54,-14.43,7.13
2019q4,2019-12,11,DHI,HORTON D R INC /DE/,84.8,0.8,Real Estate,,-35.36,5.82,32.23
2019q4,2019-12,12,CACC,CREDIT ACCEPTANCE CORP,84.7,0.73,Financials,leverage_not_applicable,-42.19,-5.27,-21.75
2019q4,2019-12,13,SEI,"SOLARIS OILFIELD INFRASTRUCTURE, INC.",84.6,0.67,Industrials,,-61.77,-45.13,-38.09
2019q4,2019-12,14,MGM,MGM RESORTS INTERNATIONAL,84.4,0.93,Consumer Discretionary,,-64.27,-49.12,-4.55
2019q4,2019-12,15,BRC,BRADY CORP,84.3,0.63,Industrials,,-20.88,-17.52,-6.0
2019q4,2019-12,16,MRK,"MERCK & CO., INC.",84.1,0.63,Health Care,,-14.71,-13.59,-7.2
2019q4,2019-12,17,JAZZ,JAZZ PHARMACEUTICALS PLC,84.0,0.87,Health Care,,-33.19,-26.09,10.56
2019q4,2019-12,18,FR,FIRST INDUSTRIAL REALTY TRUST INC,83.9,0.6,Real Estate,,-19.32,-6.04,4.24
2019q4,2019-12,19,INTC,INTEL CORP,83.5,0.93,Information Technology,,-9.13,1.03,-14.69
2019q4,2019-12,20,PDM,"PIEDMONT OFFICE REALTY TRUST, INC.",83.4,0.63,Real Estate,,-19.87,-23.68,-23.46
2020q1,2020-03,1,BIIB,BIOGEN INC.,87.7,0.9,Health Care,,-15.43,-10.34,-11.58
2020q1,2020-03,2,REGN,"REGENERON PHARMACEUTICALS, INC.",87.6,0.87,Health Care,,27.72,14.64,-3.1
2020q1,2020-03,3,KLAC,KLA CORP,85.4,0.67,Information Technology,,35.95,36.02,133.5
2020q1,2020-03,4,VRTX,VERTEX PHARMACEUTICALS INC / MA,84.9,0.9,Health Care,,22.0,14.36,-9.69
2020q1,2020-03,5,META,FACEBOOK INC,83.6,0.7,Information Technology,,36.13,57.01,76.58
2020q1,2020-03,6,MSFT,MICROSOFT CORP,82.0,0.73,Information Technology,,29.4,34.06,51.02
2020q1,2020-03,7,TER,"TERADYNE, INC",81.9,0.9,Information Technology,,56.26,47.09,125.62
2020q1,2020-03,8,INVA,"INNOVIVA, INC.",81.8,0.93,Health Care,,18.88,-11.14,1.62
2020q1,2020-03,9,DVA,DAVITA INC.,81.6,0.77,Health Care,,4.05,12.61,41.69
2020q1,2020-03,10,RMD,RESMED INC,81.5,0.8,Health Care,,30.66,16.91,32.81
2020q1,2020-03,11,INTC,INTEL CORP,81.2,0.73,Information Technology,,11.18,-3.13,21.33
2020q1,2020-03,12,ALCO,"ALICO, INC.",81.0,0.9,Consumer Staples,,0.7,-7.21,-2.02
2020q1,2020-03,13,CORT,CORCEPT THERAPEUTICS INC,80.9,0.73,Health Care,,41.46,46.43,100.08
2020q1,2020-03,14,WU,WESTERN UNION CO,80.4,0.77,Industrials,,20.45,20.6,41.46
2020q1,2020-03,15,UTMD,UTAH MEDICAL PRODUCTS INC,80.2,0.73,Health Care,,-5.5,-14.52,-6.75
2020q1,2020-03,16,ANET,"ARISTA NETWORKS, INC.",80.2,0.9,Information Technology,,3.69,2.16,49.04
2020q1,2020-03,17,FDS,FACTSET RESEARCH SYSTEMS INC,80.0,0.73,Information Technology,,26.33,29.07,19.53
2020q1,2020-03,18,ADBE,ADOBE INC.,79.9,0.97,Information Technology,,36.79,54.11,49.37
2020q1,2020-03,19,LGL,LGL GROUP INC,79.4,0.87,Information Technology,micro_cap,-4.82,-0.11,23.07
2020q1,2020-03,20,POWI,POWER INTEGRATIONS INC,79.4,0.9,Information Technology,,33.99,25.92,85.75
2020q2,2020-06,1,INTC,INTEL CORP,89.1,0.73,Information Technology,,-12.87,-15.56,-3.68
2020q2,2020-06,2,CORT,CORCEPT THERAPEUTICS INC,88.2,0.73,Health Care,,3.51,55.53,30.8
2020q2,2020-06,3,REGN,"REGENERON PHARMACEUTICALS, INC.",87.6,0.87,Health Care,,-10.24,-22.54,-10.44
2020q2,2020-06,4,VRTX,VERTEX PHARMACEUTICALS INC / MA,86.9,0.9,Health Care,,-6.27,-18.59,-30.55
2020q2,2020-06,5,BIIB,BIOGEN INC.,86.8,0.9,Health Care,,6.03,-8.48,29.42
2020q2,2020-06,6,TER,"TERADYNE, INC",85.5,0.93,Information Technology,,-5.87,42.16,59.09
2020q2,2020-06,7,EA,ELECTRONIC ARTS INC.,84.9,0.83,Information Technology,,-1.24,8.89,9.33
2020q2,2020-06,8,INVA,"INNOVIVA, INC.",84.7,0.93,Health Care,,-25.25,-11.37,-4.08
2020q2,2020-06,9,KLAC,KLA CORP,84.6,0.83,Information Technology,,0.05,34.22,69.04
2020q2,2020-06,10,TSCO,TRACTOR SUPPLY CO /DE/,84.6,0.8,Consumer Discretionary,,9.05,7.28,42.82
2020q2,2020-06,11,RMD,RESMED INC,84.5,0.8,Health Care,,-10.52,11.14,29.41
2020q2,2020-06,12,META,FACEBOOK INC,84.2,0.7,Information Technology,,15.34,20.3,53.13
2020q2,2020-06,13,DHI,HORTON D R INC /DE/,83.7,0.63,Real Estate,,36.74,24.97,64.58
2020q2,2020-06,14,UTHR,UNITED THERAPEUTICS CORP,83.1,0.83,Health Care,,-16.53,25.45,48.27
2020q2,2020-06,15,NOW,"SERVICENOW, INC.",83.1,0.77,Information Technology,,19.74,35.89,35.67
2020q2,2020-06,16,FAST,FASTENAL CO,82.7,0.93,Consumer Discretionary,,5.83,16.19,25.16
2020q2,2020-06,17,SSD,"SIMPSON MANUFACTURING CO., INC.",82.4,0.87,Industrials,,15.76,11.34,32.5
2020q2,2020-06,18,LEN,LENNAR CORP /NEW/,82.0,0.8,Industrials,heavy_dilution,32.81,24.32,62.89
2020q2,2020-06,19,QLYS,"QUALYS, INC.",82.0,0.93,Information Technology,,-5.78,17.16,-3.2
2020q2,2020-06,20,POWI,POWER INTEGRATIONS INC,81.9,0.9,Information Technology,,-6.02,39.09,39.84
2020q3,2020-09,1,VRTX,VERTEX PHARMACEUTICALS INC / MA,89.0,0.9,Health Care,,-13.15,-21.03,-33.34
2020q3,2020-09,2,CORT,CORCEPT THERAPEUTICS INC,87.8,0.73,Health Care,,50.26,36.65,13.04
2020q3,2020-09,3,INTC,INTEL CORP,86.8,0.73,Information Technology,,-3.09,25.25,5.6
2020q3,2020-09,4,PHM,PULTEGROUP INC/MI/,86.4,0.8,Real Estate,,-6.54,13.99,0.36
2020q3,2020-09,5,TER,"TERADYNE, INC",85.5,0.93,Information Technology,,51.02,53.39,37.84
2020q3,2020-09,6,TSCO,TRACTOR SUPPLY CO /DE/,85.5,0.8,Consumer Discretionary,,-1.63,24.29,43.0
2020q3,2020-09,7,V,VISA INC.,85.3,0.6,Industrials,,9.55,6.21,12.05
2020q3,2020-09,8,REGN,"REGENERON PHARMACEUTICALS, INC.",85.2,0.87,Health Care,,-13.7,-15.48,8.11
2020q3,2020-09,9,BIIB,BIOGEN INC.,85.2,0.9,Health Care,,-13.68,-1.39,-0.24
2020q3,2020-09,10,USNA,USANA HEALTH SCIENCES INC,84.8,0.8,Health Care,,4.68,32.52,25.19
2020q3,2020-09,11,DECK,DECKERS OUTDOOR CORP,84.6,0.77,Consumer Discretionary,,30.35,50.18,63.72
2020q3,2020-09,12,SSD,"SIMPSON MANUFACTURING CO., INC.",84.6,0.87,Industrials,,-3.82,7.26,10.86
2020q3,2020-09,13,VMD,"VIEMED HEALTHCARE, INC.",84.6,0.67,Health Care,,-10.19,17.13,-35.76
2020q3,2020-09,14,INVA,"INNOVIVA, INC.",84.5,0.93,Health Care,,18.56,14.35,59.9
2020q3,2020-09,15,KLAC,KLA CORP,83.6,0.83,Information Technology,,34.16,71.67,74.89
2020q3,2020-09,16,PDEX,PRO DEX INC,83.6,0.87,Health Care,,8.29,-5.77,-10.24
2020q3,2020-09,17,MHO,"M/I HOMES, INC.",83.4,0.77,Real Estate,,-3.82,28.27,25.52
2020q3,2020-09,18,DHI,HORTON D R INC /DE/,83.3,0.8,Real Estate,,-8.61,18.47,12.08
2020q3,2020-09,19,META,FACEBOOK INC,83.3,0.7,Information Technology,,4.3,12.46,29.59
2020q3,2020-09,20,MED,MEDIFAST INC,83.1,0.9,Consumer Staples,,20.07,30.36,19.98
2020q4,2020-12,1,MNST,MONSTER BEVERAGE CORP,93.9,0.67,Consumer Staples,,-1.5,-1.22,3.85
2020q4,2020-12,2,KLAC,KLA CORP,90.6,0.83,Information Technology,,27.96,25.95,68.05
2020q4,2020-12,3,TSCO,TRACTOR SUPPLY CO /DE/,88.3,0.83,Consumer Discretionary,,26.35,33.13,71.57
2020q4,2020-12,4,LAKE,LAKELAND INDUSTRIES INC,88.0,0.8,Health Care,,2.24,-18.06,-20.37
2020q4,2020-12,5,PHM,PULTEGROUP INC/MI/,87.7,0.8,Real Estate,,21.96,27.24,34.03
2020q4,2020-12,6,EBS,EMERGENT BIOSOLUTIONS INC.,86.9,0.9,Health Care,,3.69,-29.7,-51.48
2020q4,2020-12,7,DHI,HORTON D R INC /DE/,86.8,0.8,Real Estate,,29.62,31.7,58.73
2020q4,2020-12,8,GOOGL,ALPHABET INC.,86.2,0.87,Information Technology,,17.68,39.32,65.3
2020q4,2020-12,9,SUPN,"SUPERNUS PHARMACEUTICALS, INC.",85.9,0.87,Health Care,,4.05,22.38,15.9
2020q4,2020-12,10,V,VISA INC.,85.9,0.6,Industrials,,-3.05,7.22,-0.31
2020q4,2020-12,11,DECK,DECKERS OUTDOOR CORP,85.7,0.77,Consumer Discretionary,,15.22,33.92,27.73
2020q4,2020-12,12,RVTY,PERKINELMER INC,85.0,0.9,Health Care,,-10.56,7.71,40.37
2020q4,2020-12,13,DGX,QUEST DIAGNOSTICS INC,85.0,0.9,Health Care,,8.18,11.77,47.86
2020q4,2020-12,14,REGN,"REGENERON PHARMACEUTICALS, INC.",84.8,0.87,Health Care,,-2.06,15.61,30.72
2020q4,2020-12,15,NVR,NVR INC,84.7,0.67,Real Estate,,15.47,21.9,44.83
2020q4,2020-12,16,HZO,MARINEMAX INC,84.7,0.97,Consumer Discretionary,,40.91,39.14,68.54
2020q4,2020-12,17,TER,"TERADYNE, INC",84.5,0.93,Information Technology,,1.57,11.9,36.81
2020q4,2020-12,18,EXP,EAGLE MATERIALS INC,84.1,0.73,Materials,,32.62,40.46,65.07
2020q4,2020-12,19,SSD,"SIMPSON MANUFACTURING CO., INC.",84.1,0.9,Industrials,,11.52,19.01,50.2
2020q4,2020-12,20,MED,MEDIFAST INC,84.0,0.9,Consumer Staples,,8.57,45.83,9.36
2021q1,2021-03,1,MNST,MONSTER BEVERAGE CORP,92.4,0.67,Consumer Staples,,0.29,-2.48,-12.28
2021q1,2021-03,2,KLAC,KLA CORP,91.4,0.83,Information Technology,,-1.57,1.88,12.07
2021q1,2021-03,3,DGX,QUEST DIAGNOSTICS INC,90.4,0.9,Health Care,,3.32,14.3,8.59
2021q1,2021-03,4,LH,LABORATORY CORP OF AMERICA HOLDINGS,89.5,0.93,Health Care,,8.16,10.36,3.38
2021q1,2021-03,5,GS,GOLDMAN SACHS GROUP INC,89.2,0.73,Financials,leverage_not_applicable,16.46,16.56,2.92
2021q1,2021-03,6,RGR,STURM RUGER & CO INC,88.4,0.9,Industrials,,37.77,14.35,10.44
2021q1,2021-03,7,GOOGL,ALPHABET INC.,88.4,0.87,Information Technology,,18.39,29.62,34.85
2021q1,2021-03,8,VMD,"VIEMED HEALTHCARE, INC.",88.3,0.83,Health Care,,-29.35,-45.16,-50.79
2021q1,2021-03,9,TSCO,TRACTOR SUPPLY CO /DE/,88.1,0.83,Consumer Discretionary,,5.37,15.05,33.39
2021q1,2021-03,10,LPX,LOUISIANA-PACIFIC CORP,88.0,0.9,,,8.97,11.28,13.32
2021q1,2021-03,11,PHM,PULTEGROUP INC/MI/,87.6,0.8,Real Estate,,4.32,-11.96,-19.18
2021q1,2021-03,12,FOXA,FOX CORP,87.4,0.63,Communication Services,,2.82,11.8,10.6
2021q1,2021-03,13,RVTY,PERKINELMER INC,87.3,0.9,Health Care,,20.42,35.21,36.23
2021q1,2021-03,14,EBS,EMERGENT BIOSOLUTIONS INC.,86.5,0.9,Health Care,,-32.2,-46.11,-55.81
2021q1,2021-03,15,ANET,"ARISTA NETWORKS, INC.",86.5,0.83,Information Technology,,20.01,13.83,84.15
2021q1,2021-03,16,LEN,LENNAR CORP /NEW/,86.2,0.8,Industrials,heavy_dilution,-1.62,-7.0,-18.9
2021q1,2021-03,17,SUPN,"SUPERNUS PHARMACEUTICALS, INC.",86.2,0.87,Health Care,,17.61,1.87,23.45
2021q1,2021-03,18,INVA,"INNOVIVA, INC.",85.9,0.93,Health Care,heavy_dilution,12.22,39.83,61.92
2021q1,2021-03,19,CINF,CINCINNATI FINANCIAL CORP,85.4,0.73,Financials,leverage_not_applicable,13.71,11.97,34.73
2021q1,2021-03,20,MHO,"M/I HOMES, INC.",85.4,0.8,Real Estate,,-0.68,-2.15,-24.92
2021q2,2021-06,1,KLAC,KLA CORP,91.8,0.83,Information Technology,,3.51,33.43,-0.42
2021q2,2021-06,2,LH,LABORATORY CORP OF AMERICA HOLDINGS,91.3,0.93,Health Care,,2.03,13.91,-14.79
2021q2,2021-06,3,LPX,LOUISIANA-PACIFIC CORP,90.8,0.9,,,2.11,30.72,-12.0
2021q2,2021-06,4,ANET,"ARISTA NETWORKS, INC.",90.8,0.83,Information Technology,,-5.15,58.7,3.49
2021q2,2021-06,5,MNST,MONSTER BEVERAGE CORP,90.2,0.67,Consumer Staples,,-2.76,5.13,1.48
2021q2,2021-06,6,PHM,PULTEGROUP INC/MI/,89.8,0.8,Real Estate,,-15.61,5.34,-26.48
2021q2,2021-06,7,DGX,QUEST DIAGNOSTICS INC,89.1,0.9,Health Care,,10.62,32.28,2.62
2021q2,2021-06,8,GOOGL,ALPHABET INC.,89.0,0.87,Information Technology,,9.49,18.64,-10.75
2021q2,2021-06,9,GS,GOLDMAN SACHS GROUP INC,88.4,0.73,Financials,leverage_not_applicable,0.09,1.82,-19.99
2021q2,2021-06,10,QRVO,"QORVO, INC.",87.8,0.9,Information Technology,,-14.55,-20.07,-51.79
2021q2,2021-06,11,ATKR,ATKORE INC.,87.3,0.93,Industrials,,22.42,56.61,16.92
2021q2,2021-06,12,SWBI,"SMITH & WESSON BRANDS, INC.",87.1,0.9,Industrials,,-39.95,-48.28,-61.65
2021q2,2021-06,13,TER,"TERADYNE, INC",86.9,0.93,Information Technology,,-18.44,22.25,-32.92
2021q2,2021-06,14,MHO,"M/I HOMES, INC.",86.8,0.8,Real Estate,,-1.48,5.98,-32.4
2021q2,2021-06,15,RGR,STURM RUGER & CO INC,86.7,0.9,Industrials,,-17.0,-22.65,-25.95
2021q2,2021-06,16,LEN,LENNAR CORP /NEW/,86.7,0.8,Industrials,heavy_dilution,-5.47,17.53,-27.98
2021q2,2021-06,17,ALLY,ALLY FINANCIAL INC.,86.4,0.67,Financials,leverage_not_applicable,2.92,-3.51,-31.15
2021q2,2021-06,18,GOLF,ACUSHNET HOLDINGS CORP.,86.3,0.9,Consumer Discretionary,,-5.15,8.14,-14.36
2021q2,2021-06,19,REGN,"REGENERON PHARMACEUTICALS, INC.",86.2,0.87,Health Care,,8.35,13.07,5.83
2021q2,2021-06,20,FLGT,"FULGENT GENETICS, INC.",86.0,0.67,Health Care,,-2.47,9.06,-40.88
2021q3,2021-09,1,ANET,"ARISTA NETWORKS, INC.",91.3,0.83,Information Technology,,67.33,61.77,31.4
2021q3,2021-09,2,LPX,LOUISIANA-PACIFIC CORP,90.8,0.9,,,28.01,1.83,-15.53
2021q3,2021-09,3,NUE,NUCOR CORP,90.3,0.83,Materials,,16.41,52.09,10.49
2021q3,2021-09,4,KLAC,KLA CORP,89.9,0.83,Information Technology,,28.91,10.01,-8.43
2021q3,2021-09,5,GOOGL,ALPHABET INC.,89.8,0.87,Information Technology,,8.36,4.03,-28.45
2021q3,2021-09,6,ATKR,ATKORE INC.,89.6,0.93,Industrials,,27.92,13.25,-10.48
2021q3,2021-09,7,INVA,"INNOVIVA, INC.",89.2,0.93,Health Care,,3.23,15.8,-30.52
2021q3,2021-09,8,REGN,"REGENERON PHARMACEUTICALS, INC.",88.5,0.87,Health Care,,4.35,15.41,13.83
2021q3,2021-09,9,LH,LABORATORY CORP OF AMERICA HOLDINGS,88.4,0.93,Health Care,,11.64,-6.32,-26.81
2021q3,2021-09,10,DGX,QUEST DIAGNOSTICS INC,88.4,0.9,Health Care,,19.58,-4.99,-13.99
2021q3,2021-09,11,KLIC,KULICKE & SOFFA INDUSTRIES INC,88.2,0.93,Information Technology,,4.19,-3.31,-32.97
2021q3,2021-09,12,MNST,MONSTER BEVERAGE CORP,88.1,0.67,Consumer Staples,,8.12,-10.05,-2.11
2021q3,2021-09,13,MATX,"MATSON, INC.",87.9,0.87,Industrials,,11.92,50.44,-22.73
2021q3,2021-09,14,RGR,STURM RUGER & CO INC,87.0,0.9,Industrials,,-6.8,-3.42,-28.23
2021q3,2021-09,15,RVTY,PERKINELMER INC,86.3,0.9,Health Care,,16.07,0.75,-30.44
2021q3,2021-09,16,ALLY,ALLY FINANCIAL INC.,85.9,0.67,Financials,leverage_not_applicable,-6.25,-13.83,-43.93
2021q3,2021-09,17,QRVO,"QORVO, INC.",85.8,0.9,Information Technology,,-6.46,-25.77,-52.5
2021q3,2021-09,18,LEN,LENNAR CORP /NEW/,85.5,0.8,Industrials,,24.33,-12.79,-19.12
2021q3,2021-09,19,EVTC,"EVERTEC, INC.",85.5,0.93,Information Technology,,9.44,-10.27,-31.1
2021q3,2021-09,20,MLI,MUELLER INDUSTRIES INC,85.2,0.87,Materials,,44.77,32.69,46.84
2021q4,2021-12,1,KLAC,KLA CORP,90.8,0.83,Information Technology,,-14.66,-25.37,-11.2
2021q4,2021-12,2,NUE,NUCOR CORP,90.3,0.83,Materials,,30.66,-7.8,17.39
2021q4,2021-12,3,REGN,"REGENERON PHARMACEUTICALS, INC.",89.8,0.87,Health Care,,10.59,-6.4,14.25
2021q4,2021-12,4,ATKR,ATKORE INC.,89.6,0.93,Industrials,,-11.47,-25.34,2.01
2021q4,2021-12,5,BCC,BOISE CASCADE CO,89.2,0.93,Industrials,,-2.29,-13.58,1.53
2021q4,2021-12,6,LPX,LOUISIANA-PACIFIC CORP,88.9,0.9,,,-20.45,-32.68,-23.38
2021q4,2021-12,7,MLI,MUELLER INDUSTRIES INC,88.8,0.87,Materials,,-8.35,-9.42,1.05
2021q4,2021-12,8,STLD,STEEL DYNAMICS INC,88.6,0.97,Materials,,34.96,7.55,60.14
2021q4,2021-12,9,KLIC,KULICKE & SOFFA INDUSTRIES INC,88.4,0.93,Information Technology,,-7.2,-28.81,-25.78
2021q4,2021-12,10,LEN,LENNAR CORP /NEW/,88.4,0.8,Industrials,,-29.85,-38.72,-20.64
2021q4,2021-12,11,MATX,"MATSON, INC.",88.3,0.83,Industrials,,34.42,-18.51,-29.53
2021q4,2021-12,12,GOOGL,ALPHABET INC.,88.1,0.87,Information Technology,,-3.99,-24.78,-39.09
2021q4,2021-12,13,DGX,QUEST DIAGNOSTICS INC,88.0,0.9,Health Care,,-20.55,-22.42,-7.8
2021q4,2021-12,14,ANET,"ARISTA NETWORKS, INC.",86.7,0.83,Information Technology,,-3.32,-34.79,-15.58
2021q4,2021-12,15,UHAL,AMERCO /NV/,86.6,0.67,Industrials,,-17.8,-34.09,-16.97
2021q4,2021-12,16,MNST,MONSTER BEVERAGE CORP,86.3,0.67,Consumer Staples,,-16.81,-3.48,5.72
2021q4,2021-12,17,FNF,"FIDELITY NATIONAL FINANCIAL, INC.",86.1,0.6,Financials,leverage_not_applicable,-5.54,-27.67,-21.64
2021q4,2021-12,18,WLK,WESTLAKE CHEMICAL CORP,85.9,0.97,Materials,,27.39,1.42,6.81
2021q4,2021-12,19,BKE,BUCKLE INC,85.8,0.9,Consumer Discretionary,,-21.91,-33.83,10.91
2021q4,2021-12,20,JEF,JEFFERIES FINANCIAL GROUP INC.,85.6,0.67,Financials,leverage_not_applicable,-14.67,-27.53,-8.46
2022q1,2022-03,1,NUE,NUCOR CORP,93.6,0.83,Materials,,-29.43,-27.35,5.65
2022q1,2022-03,2,REGN,"REGENERON PHARMACEUTICALS, INC.",90.7,0.87,Health Care,,-15.36,-1.37,17.65
2022q1,2022-03,3,STLD,STEEL DYNAMICS INC,90.2,0.97,Materials,,-20.31,-14.13,37.84
2022q1,2022-03,4,MLI,MUELLER INDUSTRIES INC,89.7,0.87,Materials,,-1.17,10.67,37.89
2022q1,2022-03,5,KLIC,KULICKE & SOFFA INDUSTRIES INC,88.9,0.93,Information Technology,,-23.29,-30.67,-4.44
2022q1,2022-03,6,KLAC,KLA CORP,88.8,0.83,Information Technology,,-12.54,-16.76,10.52
2022q1,2022-03,7,MATX,"MATSON, INC.",88.5,0.83,Industrials,,-39.38,-48.63,-49.73
2022q1,2022-03,8,WLK,WESTLAKE CORP,88.4,0.97,Materials,,-20.38,-29.2,-4.89
2022q1,2022-03,9,BCC,BOISE CASCADE CO,87.9,0.9,Industrials,,-11.56,-11.44,-4.1
2022q1,2022-03,10,GOOGL,ALPHABET INC.,87.7,0.87,Information Technology,,-21.65,-31.22,-25.41
2022q1,2022-03,11,ATKR,ATKORE INC.,87.0,0.93,Industrials,,-15.67,-20.96,42.71
2022q1,2022-03,12,PFE,PFIZER INC,86.5,0.83,Health Care,,2.1,-14.12,-18.5
2022q1,2022-03,13,ANET,"ARISTA NETWORKS, INC.",86.2,0.83,Information Technology,,-32.55,-18.77,20.78
2022q1,2022-03,14,LPX,LOUISIANA-PACIFIC CORP,85.9,0.9,,,-15.38,-17.05,-11.43
2022q1,2022-03,15,SCCO,SOUTHERN COPPER CORP/,85.8,0.83,Materials,,-32.87,-38.62,6.8
2022q1,2022-03,16,CF,"CF INDUSTRIES HOLDINGS, INC.",85.2,0.97,Materials,,-16.48,-5.86,-28.49
2022q1,2022-03,17,AOSL,ALPHA & OMEGA SEMICONDUCTOR LTD,85.2,0.83,Information Technology,,-38.99,-43.71,-50.69
2022q1,2022-03,18,RS,RELIANCE STEEL & ALUMINUM CO,84.9,0.93,Industrials,,-6.92,-4.0,42.48
2022q1,2022-03,19,ACLS,AXCELIS TECHNOLOGIES INC,84.9,0.93,Industrials,,-27.39,-19.82,76.42
2022q1,2022-03,20,KIM,KIMCO REALTY CORP,84.3,0.6,Real Estate,,-19.26,-24.04,-17.61
2022q2,2022-06,1,NUE,NUCOR CORP,88.4,0.83,Materials,,2.95,27.32,59.44
2022q2,2022-06,2,MATX,"MATSON, INC.",88.3,0.83,Industrials,,-15.27,-13.52,8.53
2022q2,2022-06,3,STLD,STEEL DYNAMICS INC,88.1,0.97,Materials,,7.76,48.9,67.32
2022q2,2022-06,4,MLI,MUELLER INDUSTRIES INC,87.9,0.87,Materials,,11.98,11.56,66.41
2022q2,2022-06,5,CF,"CF INDUSTRIES HOLDINGS, INC.",86.6,0.97,Materials,,12.71,0.16,-17.52
2022q2,2022-06,6,MRK,"MERCK & CO., INC.",85.1,0.77,Health Care,,-4.78,23.49,30.19
2022q2,2022-06,7,KLAC,KLA CORP,85.0,0.83,Information Technology,,-4.82,18.98,54.07
2022q2,2022-06,8,ATKR,ATKORE INC.,85.0,0.93,Industrials,,-6.26,36.63,87.86
2022q2,2022-06,9,RS,RELIANCE STEEL & ALUMINUM CO,84.3,0.93,Industrials,,3.14,20.24,62.62
2022q2,2022-06,10,PLAB,PHOTRONICS INC,84.1,0.93,Information Technology,,-24.95,-13.6,32.39
2022q2,2022-06,11,REGN,"REGENERON PHARMACEUTICALS, INC.",83.4,0.87,Health Care,,16.53,22.05,21.55
2022q2,2022-06,12,WLK,WESTLAKE CORP,83.2,0.97,Materials,,-11.07,5.31,23.44
2022q2,2022-06,13,LPG,DORIAN LPG LTD.,83.2,0.87,Industrials,,-5.03,39.82,107.18
2022q2,2022-06,14,VRTX,VERTEX PHARMACEUTICALS INC / MA,83.1,0.87,Health Care,,2.75,2.48,24.88
2022q2,2022-06,15,GNE,GENIE ENERGY LTD.,83.0,0.83,Utilities,,2.79,14.59,58.42
2022q2,2022-06,16,PFE,PFIZER INC,82.6,0.83,Health Care,,-15.89,-0.67,-27.46
2022q2,2022-06,17,KLIC,KULICKE & SOFFA INDUSTRIES INC,82.5,0.93,Information Technology,,-9.62,4.26,41.03
2022q2,2022-06,18,ACLS,AXCELIS TECHNOLOGIES INC,82.5,0.93,Industrials,,10.43,44.71,234.3
2022q2,2022-06,19,GNK,GENCO SHIPPING & TRADING LTD,82.5,0.9,Industrials,,-33.25,-13.93,-18.44
2022q2,2022-06,20,IMKTA,INGLES MARKETS INC,82.3,0.73,Consumer Staples,,-8.52,11.63,-4.02
2022q3,2022-09,1,NUE,NUCOR CORP,87.5,0.83,Materials,,23.67,45.42,48.15
2022q3,2022-09,2,MLI,MUELLER INDUSTRIES INC,87.4,0.87,Materials,,-0.38,24.6,28.46
2022q3,2022-09,3,STLD,STEEL DYNAMICS INC,87.3,0.97,Materials,,38.17,60.51,53.44
2022q3,2022-09,4,RS,RELIANCE STEEL & ALUMINUM CO,87.1,0.93,Industrials,,16.57,48.41,52.78
2022q3,2022-09,5,CF,"CF INDUSTRIES HOLDINGS, INC.",86.4,0.97,Materials,,-11.13,-24.04,-9.16
2022q3,2022-09,6,PFG,PRINCIPAL FINANCIAL GROUP INC,85.8,0.67,Financials,leverage_not_applicable,17.15,4.68,3.34
2022q3,2022-09,7,KLAC,KLA CORP,85.7,0.83,Information Technology,,25.01,32.78,53.5
2022q3,2022-09,8,ANET,"ARISTA NETWORKS, INC.",84.8,0.8,Information Technology,,7.49,48.69,62.93
2022q3,2022-09,9,RELL,"RICHARDSON ELECTRONICS, LTD.",84.6,0.63,Industrials,,41.62,48.58,-26.63
2022q3,2022-09,10,ACLS,AXCELIS TECHNOLOGIES INC,84.5,0.93,Industrials,,31.04,120.03,169.24
2022q3,2022-09,11,BSM,"BLACK STONE MINERALS, L.P.",84.5,0.6,Energy,,10.31,5.57,22.72
2022q3,2022-09,12,VRTX,VERTEX PHARMACEUTICALS INC / MA,84.3,0.87,Health Care,,-0.26,8.82,20.1
2022q3,2022-09,13,BCC,BOISE CASCADE CO,84.1,0.9,Industrials,,17.32,8.28,84.25
2022q3,2022-09,14,LPG,DORIAN LPG LTD.,83.2,0.9,Industrials,,47.22,61.85,153.28
2022q3,2022-09,15,ATKR,ATKORE INC.,83.0,0.93,Industrials,,45.77,80.54,91.74
2022q3,2022-09,16,PSA,PUBLIC STORAGE,82.9,0.73,Real Estate,,-3.67,4.96,-6.47
2022q3,2022-09,17,MATX,"MATSON, INC.",82.7,0.83,Industrials,,2.07,-2.13,46.71
2022q3,2022-09,18,PLAB,PHOTRONICS INC,82.7,0.93,Information Technology,,15.12,13.41,38.24
2022q3,2022-09,19,ON,ON SEMICONDUCTOR CORP,82.7,0.97,Information Technology,,0.06,32.07,49.13
2022q3,2022-09,20,CALM,CAL-MAINE FOODS INC,82.6,0.9,Consumer Staples,,-0.61,13.95,-4.01
2022q4,2022-12,1,STLD,STEEL DYNAMICS INC,90.1,0.97,Materials,,16.17,12.37,22.75
2022q4,2022-12,2,RS,RELIANCE STEEL & ALUMINUM CO,88.5,0.93,Industrials,,27.31,35.25,40.29
2022q4,2022-12,3,CALM,CAL-MAINE FOODS INC,88.3,0.9,Consumer Staples,,14.65,-11.7,14.48
2022q4,2022-12,4,NUE,NUCOR CORP,88.1,0.83,Materials,,17.59,25.23,33.75
2022q4,2022-12,5,LPG,DORIAN LPG LTD.,87.4,0.9,Industrials,,9.93,48.18,171.42
2022q4,2022-12,6,KLAC,KLA CORP,86.8,0.83,Information Technology,,6.21,29.49,56.05
2022q4,2022-12,7,VRTX,VERTEX PHARMACEUTICALS INC / MA,86.6,0.87,Health Care,,9.1,21.86,40.9
2022q4,2022-12,8,ATKR,ATKORE INC.,86.6,0.93,Industrials,,23.86,37.49,41.07
2022q4,2022-12,9,ACLS,AXCELIS TECHNOLOGIES INC,86.5,0.93,Industrials,,67.91,131.01,63.42
2022q4,2022-12,10,LEN,LENNAR CORP /NEW/,86.2,0.8,Industrials,,16.59,39.46,66.92
2022q4,2022-12,11,BSM,"BLACK STONE MINERALS, L.P.",86.2,0.6,Energy,,-4.29,0.29,5.85
2022q4,2022-12,12,CF,"CF INDUSTRIES HOLDINGS, INC.",86.1,0.97,Materials,,-14.52,-17.65,-4.75
2022q4,2022-12,13,VSH,VISHAY INTERTECHNOLOGY INC,84.9,0.9,Information Technology,,5.36,37.44,12.96
2022q4,2022-12,14,BCC,BOISE CASCADE CO,84.7,0.93,Industrials,,-7.71,37.45,106.65
2022q4,2022-12,15,WHD,"CACTUS, INC.",84.7,0.63,Industrials,,-17.78,-15.33,-8.69
2022q4,2022-12,16,RELL,"RICHARDSON ELECTRONICS, LTD.",84.4,0.63,Industrials,,4.92,-22.15,-36.37
2022q4,2022-12,17,CRUS,"CIRRUS LOGIC, INC.",84.3,0.9,Information Technology,,46.86,8.77,11.69
2022q4,2022-12,18,AMR,"ALPHA METALLURGICAL RESOURCES, INC.",84.3,0.77,Energy,,6.86,12.96,133.87
2022q4,2022-12,19,MLI,MUELLER INDUSTRIES INC,84.2,0.87,Materials,,25.07,49.16,62.38
2022q4,2022-12,20,HDSN,HUDSON TECHNOLOGIES INC /NY,83.9,0.93,Industrials,,-13.74,-4.94,33.3
2023q1,2023-03,1,LEN,LENNAR CORP /NEW/,91.0,0.8,Industrials,,19.62,7.46,65.75
2023q1,2023-03,2,CALM,CAL-MAINE FOODS INC,90.6,0.9,Consumer Staples,,-22.98,-15.76,2.61
2023q1,2023-03,3,LPG,DORIAN LPG LTD.,90.2,0.9,Industrials,,34.79,56.49,122.27
2023q1,2023-03,4,PHM,PULTEGROUP INC/MI/,90.1,0.8,Real Estate,,33.58,27.59,108.61
2023q1,2023-03,5,KLAC,KLA CORP,89.5,0.83,Information Technology,,21.92,15.6,76.95
2023q1,2023-03,6,ATKR,ATKORE INC.,88.0,0.93,Industrials,,11.01,6.2,35.79
2023q1,2023-03,7,DHI,HORTON D R INC /DE/,87.8,0.8,Real Estate,,24.86,10.49,69.92
2023q1,2023-03,8,GRBK,"GREEN BRICK PARTNERS, INC.",87.5,0.83,Real Estate,,62.01,18.4,71.79
2023q1,2023-03,9,NVR,NVR INC,87.1,0.8,Real Estate,,13.97,7.02,45.36
2023q1,2023-03,10,MHO,"M/I HOMES, INC.",87.0,0.8,Real Estate,,38.2,33.21,116.02
2023q1,2023-03,11,SMCI,"SUPER MICRO COMPUTER, INC.",86.5,0.97,Information Technology,,133.93,157.36,847.94
2023q1,2023-03,12,RELL,"RICHARDSON ELECTRONICS, LTD.",86.3,0.63,Industrials,,-25.79,-50.62,-57.89
2023q1,2023-03,13,SSD,"SIMPSON MANUFACTURING CO., INC.",86.1,0.87,Industrials,,26.64,37.25,88.59
2023q1,2023-03,14,KBH,KB HOME,86.0,0.8,Real Estate,,29.14,16.0,78.95
2023q1,2023-03,15,MLI,MUELLER INDUSTRIES INC,85.9,0.87,Materials,,19.26,3.1,49.08
2023q1,2023-03,16,RS,RELIANCE STEEL & ALUMINUM CO,85.6,0.93,Industrials,,6.23,2.94,32.12
2023q1,2023-03,17,VSH,VISHAY INTERTECHNOLOGY INC,85.2,0.9,Information Technology,,30.44,10.1,1.88
2023q1,2023-03,18,VRTX,VERTEX PHARMACEUTICALS INC / MA,85.2,0.87,Health Care,,11.69,10.37,32.67
2023q1,2023-03,19,BSM,"BLACK STONE MINERALS, L.P.",85.1,0.6,Energy,,4.79,16.24,14.15
2023q1,2023-03,20,STLD,STEEL DYNAMICS INC,85.0,0.97,Materials,,-3.27,-4.41,33.05
2023q2,2023-06,1,KLAC,KLA CORP,91.4,0.83,Information Technology,,-5.18,20.51,71.66
2023q2,2023-06,2,PHM,PULTEGROUP INC/MI/,90.6,0.8,Real Estate,,-4.48,33.41,42.8
2023q2,2023-06,3,LPG,DORIAN LPG LTD.,89.6,0.9,Industrials,,16.1,83.16,84.3
2023q2,2023-06,4,IBKR,"INTERACTIVE BROKERS GROUP, INC.",87.8,0.67,Financials,leverage_not_applicable,4.32,0.04,48.37
2023q2,2023-06,5,ANET,"ARISTA NETWORKS, INC.",87.5,0.83,Information Technology,,13.49,45.32,116.27
2023q2,2023-06,6,PLAB,PHOTRONICS INC,87.4,0.93,Information Technology,,-21.64,21.64,-4.34
2023q2,2023-06,7,MHO,"M/I HOMES, INC.",87.3,0.8,Real Estate,,-3.61,57.98,40.08
2023q2,2023-06,8,LEN,LENNAR CORP /NEW/,87.3,0.8,Industrials,,-10.17,19.69,21.15
2023q2,2023-06,9,MLI,MUELLER INDUSTRIES INC,87.2,0.87,Materials,,-13.55,8.86,32.45
2023q2,2023-06,10,KEYS,"KEYSIGHT TECHNOLOGIES, INC.",87.2,0.73,Information Technology,,-20.99,-4.99,-18.33
2023q2,2023-06,11,KBH,KB HOME,87.0,0.8,Real Estate,,-10.17,21.7,37.7
2023q2,2023-06,12,MNST,MONSTER BEVERAGE CORP,87.0,0.67,Consumer Staples,,-7.82,0.3,-13.04
2023q2,2023-06,13,ALSN,ALLISON TRANSMISSION HOLDINGS INC,86.6,0.9,Consumer Discretionary,,5.02,3.86,36.46
2023q2,2023-06,14,VSH,VISHAY INTERTECHNOLOGY INC,86.5,0.9,Information Technology,,-15.6,-17.81,-22.87
2023q2,2023-06,15,BSM,"BLACK STONE MINERALS, L.P.",86.1,0.6,Energy,,10.93,5.54,9.29
2023q2,2023-06,16,ATKR,ATKORE INC.,86.1,0.93,Industrials,,-4.33,2.6,-13.11
2023q2,2023-06,17,SSD,"SIMPSON MANUFACTURING CO., INC.",85.9,0.87,Industrials,,8.38,43.5,22.49
2023q2,2023-06,18,ETD,ETHAN ALLEN INTERIORS INC,85.5,0.93,Consumer Discretionary,,8.51,17.4,5.22
2023q2,2023-06,19,AMAT,APPLIED MATERIALS INC /DE,85.4,0.97,Information Technology,,-4.01,12.61,64.55
2023q2,2023-06,20,GRBK,"GREEN BRICK PARTNERS, INC.",85.3,0.83,Real Estate,,-26.92,-8.56,0.77
2023q3,2023-09,1,PHM,PULTEGROUP INC/MI/,89.3,0.8,Real Estate,,39.66,63.49,95.17
2023q3,2023-09,2,LPG,DORIAN LPG LTD.,88.4,0.83,Industrials,,57.76,42.03,33.79
2023q3,2023-09,3,ANET,"ARISTA NETWORKS, INC.",87.9,0.83,Information Technology,,28.04,57.66,108.68
2023q3,2023-09,4,WHD,"CACTUS, INC.",87.9,0.63,Industrials,,-9.32,0.31,20.04
2023q3,2023-09,5,KLAC,KLA CORP,87.3,0.83,Information Technology,,27.09,53.07,70.34
2023q3,2023-09,6,PLAB,PHOTRONICS INC,87.3,0.93,Information Technology,,55.22,40.13,22.51
2023q3,2023-09,7,TAYD,TAYLOR DEVICES INC,87.1,0.67,Industrials,,3.9,133.66,134.37
2023q3,2023-09,8,MNST,MONSTER BEVERAGE CORP,87.0,0.67,Consumer Staples,,8.8,11.95,-1.47
2023q3,2023-09,9,IBKR,"INTERACTIVE BROKERS GROUP, INC.",86.7,0.67,Financials,leverage_not_applicable,-4.1,29.34,61.99
2023q3,2023-09,10,ALSN,ALLISON TRANSMISSION HOLDINGS INC,86.6,0.9,Consumer Discretionary,,-1.1,38.49,64.96
2023q3,2023-09,11,MTG,MGIC INVESTMENT CORP,85.7,0.7,Financials,leverage_not_applicable,16.34,35.67,57.05
2023q3,2023-09,12,NOW,"SERVICENOW, INC.",85.4,0.93,Information Technology,,26.39,36.4,60.01
2023q3,2023-09,13,CALM,CAL-MAINE FOODS INC,85.1,0.93,Consumer Staples,,18.54,21.81,59.37
2023q3,2023-09,14,TEX,TEREX CORP,85.1,0.83,Industrials,,0.07,12.5,-7.01
2023q3,2023-09,15,V,VISA INC.,84.7,0.6,Industrials,,13.43,21.82,20.48
2023q3,2023-09,16,VSH,VISHAY INTERTECHNOLOGY INC,84.6,0.9,Information Technology,,-2.62,-7.46,-22.08
2023q3,2023-09,17,MLI,MUELLER INDUSTRIES INC,84.4,0.87,Materials,,25.93,44.59,99.98
2023q3,2023-09,18,JPM,JPMORGAN CHASE & CO,84.3,0.67,Financials,leverage_not_applicable,18.16,40.0,49.06
2023q3,2023-09,19,MHO,"M/I HOMES, INC.",84.3,0.8,Real Estate,,63.9,62.17,103.9
2023q3,2023-09,20,DHI,HORTON D R INC /DE/,84.3,0.8,Real Estate,,41.75,53.79,78.97
2023q4,2023-12,1,WHD,"CACTUS, INC.",89.8,0.63,Industrials,,10.62,16.75,29.72
2023q4,2023-12,2,ANET,"ARISTA NETWORKS, INC.",89.6,0.83,Information Technology,,23.13,48.82,87.73
2023q4,2023-12,3,LPG,DORIAN LPG LTD.,88.8,0.83,Industrials,,-9.97,0.62,-37.8
2023q4,2023-12,4,KLAC,KLA CORP,86.9,0.83,Information Technology,,20.44,42.44,9.36
2023q4,2023-12,5,NOW,"SERVICENOW, INC.",86.8,0.93,Information Technology,,7.91,11.35,50.05
2023q4,2023-12,6,IBKR,"INTERACTIVE BROKERS GROUP, INC.",86.5,0.67,Financials,leverage_not_applicable,34.88,48.32,114.43
2023q4,2023-12,7,SITC,SITE CENTERS CORP.,86.4,0.73,Real Estate,heavy_dilution,10.87,13.14,0.25
2023q4,2023-12,8,V,VISA INC.,86.2,0.6,Industrials,,7.39,1.19,22.32
2023q4,2023-12,9,NMIH,"NMI HOLDINGS, INC.",86.0,0.73,Financials,leverage_not_applicable,8.96,14.69,23.85
2023q4,2023-12,10,CAT,CATERPILLAR INC,85.8,0.83,Industrials,,24.51,13.59,24.66
2023q4,2023-12,11,PLAB,PHOTRONICS INC,85.8,0.93,Information Technology,,-9.72,-21.36,-24.9
2023q4,2023-12,12,UE,URBAN EDGE PROPERTIES,85.8,0.7,Real Estate,,-4.67,2.93,21.7
2023q4,2023-12,13,MTG,MGIC INVESTMENT CORP,85.6,0.7,Financials,leverage_not_applicable,16.62,13.0,25.68
2023q4,2023-12,14,CALM,CAL-MAINE FOODS INC,85.2,0.93,Consumer Staples,,2.76,8.58,87.0
2023q4,2023-12,15,BRC,BRADY CORP,85.2,0.73,Industrials,,1.4,13.38,27.69
2023q4,2023-12,16,PHM,PULTEGROUP INC/MI/,85.2,0.8,Real Estate,,17.06,7.04,6.22
2023q4,2023-12,17,AMAT,APPLIED MATERIALS INC /DE,85.0,0.97,Information Technology,,27.46,46.12,1.13
2023q4,2023-12,18,MLI,MUELLER INDUSTRIES INC,85.0,0.87,Materials,,14.82,21.66,70.51
2023q4,2023-12,19,ACGL,ARCH CAPITAL GROUP LTD.,84.8,0.67,Financials,leverage_not_applicable,24.46,35.84,30.76
2023q4,2023-12,20,ARLP,ALLIANCE RESOURCE PARTNERS LP,84.7,0.67,Energy,,-2.1,23.06,39.91
2024q1,2024-03,1,LPG,DORIAN LPG LTD.,90.1,0.83,Industrials,,11.76,-5.8,-34.84
2024q1,2024-03,2,V,VISA INC.,88.8,0.6,Industrials,,-5.78,-1.1,26.51
2024q1,2024-03,3,PLAB,PHOTRONICS INC,88.0,0.93,Information Technology,,-12.89,-12.57,-26.69
2024q1,2024-03,4,TAYD,TAYLOR DEVICES INC,87.6,0.67,Industrials,,-9.62,0.3,-35.16
2024q1,2024-03,5,SITC,SITE CENTERS CORP.,87.6,0.7,Real Estate,,2.05,6.45,-24.07
2024q1,2024-03,6,UE,URBAN EDGE PROPERTIES,87.1,0.7,Real Estate,,7.97,26.04,14.0
2024q1,2024-03,7,ANET,"ARISTA NETWORKS, INC.",86.8,0.83,Information Technology,,20.86,32.36,6.88
2024q1,2024-03,8,WHD,"CACTUS, INC.",86.3,0.63,Industrials,,5.54,19.67,-7.69
2024q1,2024-03,9,NOW,"SERVICENOW, INC.",86.1,0.93,Information Technology,,3.18,17.31,4.43
2024q1,2024-03,10,HRMY,"HARMONY BIOSCIENCES HOLDINGS, INC.",86.0,0.8,Health Care,,-10.15,19.12,-1.16
2024q1,2024-03,11,NMIH,"NMI HOLDINGS, INC.",85.7,0.73,Financials,leverage_not_applicable,5.26,27.37,11.47
2024q1,2024-03,12,IBKR,"INTERACTIVE BROKERS GROUP, INC.",85.1,0.67,Financials,leverage_not_applicable,9.96,25.24,49.19
2024q1,2024-03,13,DNOW,DNOW INC.,84.9,0.87,Industrials,,-9.67,-14.93,12.37
2024q1,2024-03,14,ALSN,ALLISON TRANSMISSION HOLDINGS INC,84.8,0.9,Consumer Discretionary,,-6.17,19.11,19.19
2024q1,2024-03,15,ACGL,ARCH CAPITAL GROUP LTD.,84.7,0.67,Financials,leverage_not_applicable,9.14,21.03,9.42
2024q1,2024-03,16,MLI,MUELLER INDUSTRIES INC,84.5,0.87,Materials,,5.96,38.31,42.93
2024q1,2024-03,17,WWD,"WOODWARD, INC.",84.5,0.83,Information Technology,,13.3,11.61,19.11
2024q1,2024-03,18,MNST,MONSTER BEVERAGE CORP,84.3,0.67,Consumer Staples,,-15.74,-11.99,-1.28
2024q1,2024-03,19,NFLX,NETFLIX INC,84.2,0.93,Communication Services,,11.12,16.78,53.55
2024q1,2024-03,20,CAT,CATERPILLAR INC,84.0,0.83,Industrials,,-8.76,7.56,-8.64
2024q2,2024-06,1,WHD,"CACTUS, INC.",90.7,0.63,Industrials,,13.39,11.11,-16.29
2024q2,2024-06,2,UTHR,UNITED THERAPEUTICS CORP,88.3,0.83,Health Care,,12.49,10.76,-9.79
2024q2,2024-06,3,SITC,SITE CENTERS CORP.,87.5,0.73,Real Estate,,4.31,-11.39,-25.93
2024q2,2024-06,4,LPG,DORIAN LPG LTD.,87.2,0.83,Industrials,,-15.71,-38.18,-35.0
2024q2,2024-06,5,POWL,POWELL INDUSTRIES INC,86.9,0.9,Information Technology,,55.06,54.95,47.53
2024q2,2024-06,6,ACGL,ARCH CAPITAL GROUP LTD.,86.9,0.67,Financials,leverage_not_applicable,10.89,-3.74,-5.09
2024q2,2024-06,7,WES,"WESTERN MIDSTREAM PARTNERS, LP",86.7,0.63,Utilities,,-1.6,1.19,6.72
2024q2,2024-06,8,ANET,"ARISTA NETWORKS, INC.",86.4,0.83,Information Technology,,9.51,26.15,16.77
2024q2,2024-06,9,BRC,BRADY CORP,86.3,0.73,Industrials,,16.49,12.63,4.39
2024q2,2024-06,10,V,VISA INC.,86.0,0.6,Industrials,,4.96,20.88,36.26
2024q2,2024-06,11,EXEL,"EXELIXIS, INC.",85.9,0.87,Health Care,,15.49,48.2,96.17
2024q2,2024-06,12,NMIH,"NMI HOLDINGS, INC.",84.9,0.73,Financials,leverage_not_applicable,21.0,7.99,23.94
2024q2,2024-06,13,DNOW,DNOW INC.,84.9,0.87,Industrials,,-5.83,-5.24,8.01
2024q2,2024-06,14,NVT,NVENT ELECTRIC PLC,84.9,0.83,Industrials,,-8.05,-10.58,-3.28
2024q2,2024-06,15,NFLX,NETFLIX INC,84.5,0.93,Communication Services,,5.1,32.07,98.42
2024q2,2024-06,16,IBKR,"INTERACTIVE BROKERS GROUP, INC.",84.3,0.67,Financials,leverage_not_applicable,13.89,44.58,81.88
2024q2,2024-06,17,UE,URBAN EDGE PROPERTIES,84.2,0.7,Real Estate,,16.74,18.24,4.75
2024q2,2024-06,18,KLAC,KLA CORP,83.9,0.83,Information Technology,,-5.9,-23.22,9.65
2024q2,2024-06,19,ALSN,ALLISON TRANSMISSION HOLDINGS INC,83.9,0.9,Consumer Discretionary,,26.94,43.1,26.44
2024q2,2024-06,20,SEZL,SEZZLE INC.,83.9,0.67,Industrials,,93.37,189.96,1119.11
2024q3,2024-09,1,WHD,"CACTUS, INC.",90.0,0.63,Industrials,,-2.01,-22.86,-33.13
2024q3,2024-09,2,ACGL,ARCH CAPITAL GROUP LTD.,89.7,0.67,Financials,leverage_not_applicable,-13.19,-9.59,-14.72
2024q3,2024-09,3,EXEL,"EXELIXIS, INC.",89.2,0.87,Health Care,,28.32,42.27,59.15
2024q3,2024-09,4,UTHR,UNITED THERAPEUTICS CORP,87.4,0.83,Health Care,,-1.54,-13.98,16.98
2024q3,2024-09,5,SITC,SITE CENTERS CORP.,87.0,0.7,Real Estate,,-15.06,-28.67,-23.07
2024q3,2024-09,6,NMIH,"NMI HOLDINGS, INC.",86.6,0.73,Financials,leverage_not_applicable,-10.76,-12.48,-6.92
2024q3,2024-09,7,ANET,"ARISTA NETWORKS, INC.",86.4,0.83,Information Technology,,15.19,-19.25,51.85
2024q3,2024-09,8,BRC,BRADY CORP,86.3,0.73,Industrials,,-3.32,-7.22,3.23
2024q3,2024-09,9,V,VISA INC.,86.2,0.6,Industrials,,15.16,27.92,25.03
2024q3,2024-09,10,UE,URBAN EDGE PROPERTIES,85.6,0.7,Real Estate,,1.28,-9.56,-0.67
2024q3,2024-09,11,HRMY,"HARMONY BIOSCIENCES HOLDINGS, INC.",85.6,0.9,Health Care,,-13.98,-17.03,-31.1
2024q3,2024-09,12,POWL,POWELL INDUSTRIES INC,85.5,0.9,Information Technology,,-0.07,-23.11,37.95
2024q3,2024-09,13,CALM,CAL-MAINE FOODS INC,85.4,0.93,Consumer Staples,,39.09,24.51,36.65
2024q3,2024-09,14,SEZL,SEZZLE INC.,85.3,0.73,Industrials,,49.95,22.72,179.72
2024q3,2024-09,15,IBKR,"INTERACTIVE BROKERS GROUP, INC.",85.2,0.67,Financials,leverage_not_applicable,26.94,19.12,98.56
2024q3,2024-09,16,NFLX,NETFLIX INC,85.1,0.93,Communication Services,,25.67,31.48,69.04
2024q3,2024-09,17,ALSN,ALLISON TRANSMISSION HOLDINGS INC,84.6,0.9,Consumer Discretionary,,12.72,0.06,-10.72
2024q3,2024-09,18,WES,"WESTERN MIDSTREAM PARTNERS, LP",83.6,0.63,Utilities,,2.83,11.98,12.62
2024q3,2024-09,19,THC,TENET HEALTHCARE CORP,83.2,0.9,Health Care,,-24.05,-19.07,22.17
2024q3,2024-09,20,TAYD,TAYLOR DEVICES INC,83.1,0.67,Industrials,,-16.63,-35.36,-1.72
2024q4,2024-12,1,UTHR,UNITED THERAPEUTICS CORP,89.6,0.87,Health Care,,-12.63,-18.56,38.09
2024q4,2024-12,2,EXEL,"EXELIXIS, INC.",88.8,0.87,Health Care,,10.87,32.37,31.62
2024q4,2024-12,3,WHD,"CACTUS, INC.",87.5,0.63,Industrials,,-21.28,-24.66,-20.76
2024q4,2024-12,4,HRMY,"HARMONY BIOSCIENCES HOLDINGS, INC.",87.1,0.9,Health Care,,-3.55,-8.17,8.75
2024q4,2024-12,5,NFLX,NETFLIX INC,87.0,0.9,Communication Services,,4.62,50.24,5.19
2024q4,2024-12,6,SEZL,SEZZLE INC.,87.0,0.73,Industrials,,-18.16,320.45,48.89
2024q4,2024-12,7,V,VISA INC.,86.6,0.6,Industrials,,11.08,12.72,11.76
2024q4,2024-12,8,CALM,CAL-MAINE FOODS INC,86.5,0.9,Consumer Staples,,-10.48,1.75,-15.61
2024q4,2024-12,9,IBKR,"INTERACTIVE BROKERS GROUP, INC.",86.0,0.67,Financials,leverage_not_applicable,-6.16,25.8,46.37
2024q4,2024-12,10,NMIH,"NMI HOLDINGS, INC.",85.3,0.73,Financials,leverage_not_applicable,-1.93,14.77,10.96
2024q4,2024-12,11,ANET,"ARISTA NETWORKS, INC.",85.0,0.83,Information Technology,,-29.9,-7.44,18.55
2024q4,2024-12,12,META,"META PLATFORMS, INC.",84.5,0.9,Information Technology,,-1.48,26.27,13.09
2024q4,2024-12,13,GHC,GRAHAM HOLDINGS CO,84.4,0.87,Consumer Discretionary,,10.41,8.94,26.98
2024q4,2024-12,14,ESP,ESPEY MFG & ELECTRONICS CORP,84.2,0.9,Information Technology,,-9.16,53.99,63.34
2024q4,2024-12,15,AXS,AXIS CAPITAL HOLDINGS LTD,84.2,0.67,Financials,leverage_not_applicable,13.61,18.18,21.9
2024q4,2024-12,16,PLNT,"PLANET FITNESS, INC.",84.2,0.67,Consumer Discretionary,negative_equity,-2.29,10.3,9.71
2024q4,2024-12,17,ALSN,ALLISON TRANSMISSION HOLDINGS INC,83.2,0.9,Consumer Discretionary,,-11.23,-11.64,-8.34
2024q4,2024-12,18,BRC,BRADY CORP,83.1,0.73,Industrials,,-4.03,-7.32,7.6
2024q4,2024-12,19,MPLX,MPLX LP,83.0,0.6,Energy,,13.92,11.79,20.54
2024q4,2024-12,20,POWL,POWELL INDUSTRIES INC,82.9,0.87,Information Technology,,-23.05,-4.79,44.49
2025q1,2025-03,1,EXEL,"EXELIXIS, INC.",90.4,0.87,Health Care,,19.39,11.86,16.17
2025q1,2025-03,2,CALM,CAL-MAINE FOODS INC,90.3,0.93,Consumer Staples,,13.66,9.75,-5.42
2025q1,2025-03,3,SEZL,SEZZLE INC.,89.6,0.73,Industrials,,413.76,127.94,81.4
2025q1,2025-03,4,NFLX,NETFLIX INC,88.6,0.9,Communication Services,,43.6,28.57,3.11
2025q1,2025-03,5,V,VISA INC.,84.8,0.6,Industrials,,1.48,-2.26,-13.11
2025q1,2025-03,6,IBKR,"INTERACTIVE BROKERS GROUP, INC.",84.6,0.67,Financials,leverage_not_applicable,34.05,66.68,62.84
2025q1,2025-03,7,HRMY,"HARMONY BIOSCIENCES HOLDINGS, INC.",84.4,0.9,Health Care,,-4.79,-16.96,-15.61
2025q1,2025-03,8,UTHR,UNITED THERAPEUTICS CORP,84.2,0.87,Health Care,,-6.79,35.99,92.36
2025q1,2025-03,9,MPLX,MPLX LP,83.7,0.6,Energy,,-1.87,-3.04,15.37
2025q1,2025-03,10,PLNT,"PLANET FITNESS, INC.",83.6,0.67,Consumer Discretionary,negative_equity,12.88,7.44,-23.01
2025q1,2025-03,11,BRC,BRADY CORP,83.4,0.73,Industrials,,-3.42,11.26,16.58
2025q1,2025-03,12,NMIH,"NMI HOLDINGS, INC.",83.3,0.73,Financials,leverage_not_applicable,17.03,6.35,4.05
2025q1,2025-03,13,META,"META PLATFORMS, INC.",83.0,0.9,Information Technology,,28.16,27.6,-0.42
2025q1,2025-03,14,FFIV,"F5, INC.",82.5,0.9,Information Technology,,10.53,21.38,8.66
2025q1,2025-03,15,MGRC,MCGRATH RENTCORP,82.4,0.87,,,4.57,6.22,0.71
2025q1,2025-03,16,ANET,"ARISTA NETWORKS, INC.",82.4,0.83,Information Technology,,32.05,88.06,58.47
2025q1,2025-03,17,G,GENPACT LTD,82.1,0.9,Industrials,,-12.3,-16.19,-25.11
2025q1,2025-03,18,GHC,GRAHAM HOLDINGS CO,82.0,0.87,Consumer Discretionary,,-1.33,23.02,10.86
2025q1,2025-03,19,PDEX,PRO DEX INC,80.9,0.87,Health Care,,-11.98,-31.73,-0.93
2025q1,2025-03,20,POWL,POWELL INDUSTRIES INC,80.8,0.87,Information Technology,,23.74,79.41,218.89
2025q2,2025-06,1,CALM,CAL-MAINE FOODS INC,89.9,0.93,Consumer Staples,,-3.44,-17.06,-14.91
2025q2,2025-06,2,MNST,MONSTER BEVERAGE CORP,87.7,0.7,Consumer Staples,,7.46,22.4,53.45
2025q2,2025-06,3,NFLX,NETFLIX INC,87.5,0.9,Communication Services,,-10.47,-29.98,-46.68
2025q2,2025-06,4,EXEL,"EXELIXIS, INC.",87.2,0.87,Health Care,,-6.31,-0.57,23.43
2025q2,2025-06,5,IBKR,"INTERACTIVE BROKERS GROUP, INC.",86.7,0.67,Financials,leverage_not_applicable,24.34,16.35,57.81
2025q2,2025-06,6,ANET,"ARISTA NETWORKS, INC.",86.0,0.8,Information Technology,,42.42,28.07,66.04
2025q2,2025-06,7,PLNT,"PLANET FITNESS, INC.",86.0,0.67,Consumer Discretionary,negative_equity,-4.81,-0.53,-52.16
2025q2,2025-06,8,HRMY,"HARMONY BIOSCIENCES HOLDINGS, INC.",85.3,0.9,Health Care,,-12.78,18.42,15.22
2025q2,2025-06,9,NXT,NEXTRACKER INC.,84.8,0.73,Industrials,,36.09,60.22,119.13
2025q2,2025-06,10,KLAC,KLA CORP,84.6,0.83,Information Technology,,20.68,36.17,239.0
2025q2,2025-06,11,ODC,OIL-DRI CORP OF AMERICA,83.9,0.67,Industrials,,3.8,-16.51,75.42
2025q2,2025-06,12,FOXA,FOX CORP,83.9,0.83,Communication Services,,13.05,30.99,-6.04
2025q2,2025-06,13,META,"META PLATFORMS, INC.",83.8,0.9,Information Technology,,-0.44,-10.43,-23.43
2025q2,2025-06,14,V,VISA INC.,83.7,0.6,Industrials,,-3.68,-0.85,-2.61
2025q2,2025-06,15,POWL,POWELL INDUSTRIES INC,83.5,0.9,Information Technology,,44.99,51.76,309.32
2025q2,2025-06,16,GHC,GRAHAM HOLDINGS CO,83.3,0.87,Consumer Discretionary,,24.68,16.56,21.5
2025q2,2025-06,17,PGR,PROGRESSIVE CORP/OH/,83.1,0.73,Financials,leverage_not_applicable,-7.42,-14.6,-12.83
2025q2,2025-06,18,FFIV,"F5, INC.",82.8,0.9,Information Technology,,9.81,-13.27,41.33
2025q2,2025-06,19,SEZL,SEZZLE INC.,82.7,0.73,Industrials,,-55.63,-64.59,-4.25
2025q2,2025-06,20,RMD,RESMED INC,82.6,0.93,Health Care,,6.32,-6.22,-23.73
2025q3,2025-09,1,MNST,MONSTER BEVERAGE CORP,89.8,0.7,Consumer Staples,,13.91,7.65,
2025q3,2025-09,2,CALM,CAL-MAINE FOODS INC,89.2,0.93,Consumer Staples,,-14.11,-13.82,
2025q3,2025-09,3,KLAC,KLA CORP,88.9,0.83,Information Technology,,12.84,36.92,
2025q3,2025-09,4,ANET,"ARISTA NETWORKS, INC.",87.4,0.8,Information Technology,,-10.07,-15.74,
2025q3,2025-09,5,NFLX,NETFLIX INC,87.3,0.9,Communication Services,,-21.8,-19.8,
2025q3,2025-09,6,ESE,ESCO TECHNOLOGIES INC,87.0,0.77,Information Technology,,-7.41,33.39,
2025q3,2025-09,7,TR,TOOTSIE ROLL INDUSTRIES INC,85.9,0.67,Consumer Staples,,-12.23,5.66,
2025q3,2025-09,8,NXT,NEXTRACKER INC.,85.9,0.87,Industrials,,17.73,62.93,
2025q3,2025-09,9,EXEL,"EXELIXIS, INC.",85.8,0.87,Health Care,,6.13,3.85,
2025q3,2025-09,10,PLNT,"PLANET FITNESS, INC.",85.6,0.67,Consumer Discretionary,negative_equity,4.5,-28.34,
2025q3,2025-09,11,POWL,POWELL INDUSTRIES INC,85.5,0.9,Information Technology,,4.67,77.75,
2025q3,2025-09,12,INCY,INCYTE CORP,85.1,0.8,Health Care,,16.46,10.98,
2025q3,2025-09,13,UTHR,UNITED THERAPEUTICS CORP,84.5,0.87,Health Care,,16.23,41.45,
2025q3,2025-09,14,HALO,"HALOZYME THERAPEUTICS, INC.",84.5,0.9,Health Care,,-8.24,-11.88,
2025q3,2025-09,15,META,"META PLATFORMS, INC.",84.5,0.9,Information Technology,,-10.04,-21.96,
2025q3,2025-09,16,IBKR,"INTERACTIVE BROKERS GROUP, INC.",84.1,0.67,Financials,leverage_not_applicable,-6.42,-2.3,
2025q3,2025-09,17,FFIV,"F5, INC.",84.0,0.9,Information Technology,,-21.02,-10.48,
2025q3,2025-09,18,SEZL,SEZZLE INC.,84.0,0.8,Industrials,very_volatile,-20.19,-20.42,
2025q3,2025-09,19,MPLX,MPLX LP,83.7,0.6,Energy,,9.13,18.98,
2025q3,2025-09,20,GHC,GRAHAM HOLDINGS CO,82.8,0.87,Consumer Discretionary,,-6.51,-9.88,
2025q4,2025-12,1,MNST,MONSTER BEVERAGE CORP,93.4,0.7,Consumer Staples,,-5.49,25.37,
2025q4,2025-12,2,INCY,INCYTE CORP,90.4,0.8,Health Care,,-4.71,14.77,
2025q4,2025-12,3,KLAC,KLA CORP,87.7,0.83,Information Technology,,21.34,148.94,
2025q4,2025-12,4,TAYD,"TAYLOR DEVICES, INC.",87.4,0.67,Industrials,,-2.5,0.38,
2025q4,2025-12,5,AUPH,AURINIA PHARMACEUTICALS INC.,86.0,0.77,Health Care,,-7.08,6.39,
2025q4,2025-12,6,TCMD,TACTILE SYSTEMS TECHNOLOGY INC,85.9,0.67,Health Care,,-9.9,2.69,
2025q4,2025-12,7,POWL,POWELL INDUSTRIES INC,85.5,0.9,Information Technology,,69.82,169.71,
2025q4,2025-12,8,RIGL,RIGEL PHARMACEUTICALS INC,85.5,0.77,Health Care,,-36.87,-8.66,
2025q4,2025-12,9,ANET,"ARISTA NETWORKS, INC.",85.5,0.83,Information Technology,,-6.3,29.65,
2025q4,2025-12,10,UTHR,UNITED THERAPEUTICS CORP,85.2,0.87,Health Care,,21.7,11.2,
2025q4,2025-12,11,NXT,NEXTRACKER INC.,85.2,0.87,Industrials,,38.39,36.77,
2025q4,2025-12,12,EXEL,"EXELIXIS, INC.",85.0,0.87,Health Care,,-2.14,24.14,
2025q4,2025-12,13,UVE,"UNIVERSAL INSURANCE HOLDINGS, INC.",84.8,0.7,Financials,leverage_not_applicable,1.52,23.41,
2025q4,2025-12,14,SEZL,SEZZLE INC.,84.5,0.8,Industrials,very_volatile,-0.29,170.39,
2025q4,2025-12,15,FSLR,"FIRST SOLAR, INC.",84.4,0.87,Information Technology,,-24.49,-9.67,
2025q4,2025-12,16,ESE,ESCO TECHNOLOGIES INC,84.2,0.77,Information Technology,,44.06,79.27,
2025q4,2025-12,17,IBKR,"INTERACTIVE BROKERS GROUP, INC.",84.0,0.67,Financials,leverage_not_applicable,4.4,35.63,
2025q4,2025-12,18,OPY,OPPENHEIMER HOLDINGS INC,83.8,0.77,Financials,leverage_not_applicable,23.64,46.61,
2025q4,2025-12,19,PIPR,PIPER SANDLER COMPANIES,83.7,0.67,Financials,leverage_not_applicable,-8.14,-12.98,
2025q4,2025-12,20,MPLX,MPLX LP,83.7,0.6,Energy,,9.03,9.72,
2026q1,2026-03,1,MNST,MONSTER BEVERAGE CORP,90.0,0.7,Consumer Staples,,32.65,,
2026q1,2026-03,2,INCY,INCYTE CORP,89.1,0.8,Health Care,,20.44,,
2026q1,2026-03,3,AUPH,AURINIA PHARMACEUTICALS INC.,86.9,0.77,Health Care,,14.51,,
2026q1,2026-03,4,KLAC,KLA CORP,86.6,0.83,Information Technology,,105.17,,
2026q1,2026-03,5,TR,TOOTSIE ROLL INDUSTRIES INC,85.6,0.67,Consumer Staples,,-7.2,,
2026q1,2026-03,6,SEZL,SEZZLE INC.,85.4,0.8,Industrials,very_volatile,171.18,,
2026q1,2026-03,7,EXEL,"EXELIXIS, INC.",85.0,0.87,Health Care,,26.86,,
2026q1,2026-03,8,UVE,"UNIVERSAL INSURANCE HOLDINGS, INC.",84.8,0.7,Financials,leverage_not_applicable,21.56,,
2026q1,2026-03,9,ESE,ESCO TECHNOLOGIES INC,84.5,0.77,Information Technology,,24.44,,
2026q1,2026-03,10,ANET,"ARISTA NETWORKS, INC.",84.2,0.83,Information Technology,,38.36,,
2026q1,2026-03,11,TCMD,TACTILE SYSTEMS TECHNOLOGY INC,83.8,0.67,Health Care,,13.97,,
2026q1,2026-03,12,MPLX,MPLX LP,83.7,0.6,Energy,,0.63,,
2026q1,2026-03,13,OPY,OPPENHEIMER HOLDINGS INC,83.6,0.77,Financials,leverage_not_applicable,18.58,,
2026q1,2026-03,14,POWL,POWELL INDUSTRIES INC,83.5,0.9,Information Technology,,58.83,,
2026q1,2026-03,15,UTHR,UNITED THERAPEUTICS CORP,83.5,0.87,Health Care,,-8.63,,
2026q1,2026-03,16,TDW,TIDEWATER INC,83.4,0.87,Industrials,,-20.25,,
2026q1,2026-03,17,PRDO,PERDOCEO EDUCATION CORP,83.0,0.8,Consumer Discretionary,,-13.6,,
2026q1,2026-03,18,TAYD,"TAYLOR DEVICES, INC.",82.8,0.67,Industrials,,2.95,,
2026q1,2026-03,19,VIRT,"VIRTU FINANCIAL, INC.",82.8,0.73,Financials,leverage_not_applicable,36.1,,
2026q1,2026-03,20,CALM,CAL-MAINE FOODS INC,82.7,0.93,Consumer Staples,,2.25,,
