quarter,rank,ticker,company,score,sector,flags,ret12,uni,excess,win,health,valuation,momentum,growth,profitability,quality,mktcap,conf
2018q1,1,ANET,"ARISTA NETWORKS, INC.",92.2,Information Technology,,23.172733135975164,3.5441757047824263,19.62855743119274,True,20.0,16.8,20.0,10.0,17.9,16.7,5099650803.0,0.67
2018q1,2,LYB,LYONDELLBASELL INDUSTRIES N.V.,83.8,Materials,,-17.14746962688267,3.5441757047824263,-20.691645331665097,False,18.4,17.4,16.9,8.0,14.7,16.7,34650328337.0,0.67
2018q1,3,USNA,USANA HEALTH SCIENCES INC,83.0,Health Care,,-2.3632115753633665,3.5441757047824263,-5.907387280145793,False,20.0,13.1,19.2,,13.6,17.1,1653723970.0,0.6
2018q1,4,ADBE,ADOBE SYSTEMS INC,82.9,Information Technology,,23.32931690862077,3.5441757047824263,19.785141203838343,True,20.0,4.5,20.0,10.0,18.5,18.2,96620687295.0,0.7
2018q1,5,SUPN,SUPERNUS PHARMACEUTICALS INC,82.8,Health Care,,-23.493446508240122,3.5441757047824263,-27.037622213022548,False,18.6,9.1,18.5,10.0,18.2,16.7,2581180272.0,0.63
2018q1,6,HCC,"WARRIOR MET COAL, INC.",82.6,Energy,,39.480705217634984,3.5441757047824263,35.93652951285256,True,18.1,17.4,18.6,10.0,17.4,9.5,1455571286.0,0.6
2018q1,7,KRO,KRONOS WORLDWIDE INC,81.6,Materials,,-35.36905473219918,3.5441757047824263,-38.91323043698161,False,18.4,12.4,16.2,10.0,17.9,14.9,2606062544.0,0.63
2018q1,8,BIIB,BIOGEN INC.,81.5,Health Care,,-13.673216507176233,3.5441757047824263,-17.21739221195866,False,19.5,16.2,11.5,6.0,18.2,18.2,39928119248.0,0.63
2018q1,9,IPGP,IPG PHOTONICS CORP,81.3,Information Technology,,-34.964437568029695,3.5441757047824263,-38.50861327281212,False,20.0,6.7,20.0,10.0,17.4,15.3,10623409857.0,0.67
2018q1,10,NC,NACCO INDUSTRIES INC,80.8,Energy,,18.50780299433459,3.5441757047824263,14.963627289552164,True,19.3,12.4,18.5,,13.5,17.1,245310260.0,0.63
2018q1,11,ON,ON SEMICONDUCTOR CORP,80.4,Information Technology,,-15.903514044355916,3.5441757047824263,-19.44768974913834,False,15.6,17.0,20.0,10.0,13.5,12.4,10629907935.0,0.7
2018q1,12,HUN,HUNTSMAN CORP,79.5,Materials,,-21.093633551904254,3.5441757047824263,-24.63780925668668,False,14.9,18.8,16.9,8.0,12.1,16.7,5052272727.0,0.67
2018q1,13,AME,AMETEK INC/,79.1,Information Technology,,10.01320811888049,3.5441757047824263,6.469032414098064,True,17.3,10.2,18.5,8.0,15.9,17.1,17594706547.0,0.6
2018q1,14,VEEV,VEEVA SYSTEMS INC,79.1,Information Technology,expensive_pe,73.73323259717996,3.5441757047824263,70.18905689239753,True,20.0,1.8,20.0,10.0,17.1,18.2,12027334138.0,0.63
2018q1,15,AEIS,ADVANCED ENERGY INDUSTRIES INC,78.6,Information Technology,,-22.253532312758505,3.5441757047824263,-25.79770801754093,False,20.0,13.5,9.2,10.0,17.0,16.7,2415271755.0,0.63
2018q1,16,PETS,PETMED EXPRESS INC,78.3,Consumer Staples,,-43.47862655759598,3.5441757047824263,-47.022802262378406,False,20.0,8.0,20.0,6.0,14.0,18.2,868101786.0,0.63
2018q1,17,HQY,HEALTHEQUITY INC,78.3,Industrials,expensive_pe,22.200201913044815,3.5441757047824263,18.65602620826239,True,20.0,1.8,17.7,10.0,18.5,18.2,5320356180.0,0.63
2018q1,18,EBS,EMERGENT BIOSOLUTIONS INC.,78.2,Health Care,,-4.045585957045573,3.5441757047824263,-7.589761661827999,False,20.0,10.1,19.2,8.0,13.8,14.9,2787353022.0,0.6
2018q1,19,CTSH,COGNIZANT TECHNOLOGY SOLUTIONS COR,78.0,Information Technology,,-9.014384278125354,3.5441757047824263,-12.55855998290778,False,20.0,11.0,16.9,6.0,13.6,18.2,39957272727.0,0.67
2018q1,20,FAST,FASTENAL CO,77.9,Consumer Discretionary,,21.307323395598708,3.5441757047824263,17.763147690816282,True,20.0,10.6,16.2,8.0,15.7,15.3,7836016797.0,0.67
2018q2,1,MU,MICRON TECHNOLOGY INC,84.8,Information Technology,,-26.411127092653985,2.6607452804636167,-29.0718723731176,False,20.0,17.7,20.0,,17.4,9.7,58431543230.0,0.6
2018q2,2,TXN,TEXAS INSTRUMENTS INC,84.4,Information Technology,,7.078550067496958,2.6607452804636167,4.417804787033342,True,20.0,10.1,18.5,8.0,18.6,17.6,101523103275.0,0.67
2018q2,3,SUPN,SUPERNUS PHARMACEUTICALS INC,84.4,Health Care,,-44.711777784094885,2.6607452804636167,-47.3725230645585,False,18.6,9.1,18.5,10.0,19.1,17.6,3373005195.0,0.67
2018q2,4,ADBE,ADOBE SYSTEMS INC,83.6,Information Technology,,20.852301729617338,2.6607452804636167,18.191556449153722,True,20.0,5.1,20.0,10.0,19.2,17.6,109020220908.0,0.73
2018q2,5,BIIB,BIOGEN INC.,83.3,Health Care,,-19.42185674402329,2.6607452804636167,-22.082602024486906,False,19.5,16.2,13.1,6.0,18.2,18.7,42322462314.0,0.67
2018q2,6,LYB,LYONDELLBASELL INDUSTRIES N.V.,82.9,Materials,,-17.966159550810445,2.6607452804636167,-20.62690483127406,False,18.4,17.4,15.4,8.0,16.8,15.3,36017586146.0,0.67
2018q2,7,USNA,USANA HEALTH SCIENCES INC,82.3,Health Care,,-31.11014900015232,2.6607452804636167,-33.770894280615934,False,20.0,11.9,19.2,,14.5,16.7,2219724975.0,0.63
2018q2,8,ANET,"ARISTA NETWORKS, INC.",82.1,Information Technology,,0.827218518620354,2.6607452804636167,-1.8335267618432627,False,20.0,13.1,18.5,10.0,14.3,14.4,5143396082.0,0.7
2018q2,9,ILMN,ILLUMINA INC,81.7,Health Care,,31.816382018319555,2.6607452804636167,29.15563673785594,True,20.0,5.1,20.0,10.0,18.2,16.5,42950265092.0,0.7
2018q2,10,ZTS,ZOETIS INC.,80.9,Health Care,,34.08343807966181,2.6607452804636167,31.422692799198195,True,16.4,11.3,16.9,8.0,18.8,17.6,38767462084.0,0.6
2018q2,11,MGRC,MCGRATH RENTCORP,80.7,(none),,0.7623592103078503,2.6607452804636167,-1.8983860701557664,False,17.1,12.9,18.5,8.0,17.9,14.4,1553437399.0,0.63
2018q2,12,LOPE,"GRAND CANYON EDUCATION, INC.",80.4,Consumer Discretionary,,4.847232329656559,2.6607452804636167,2.1864870491929422,True,20.0,7.5,20.0,8.0,19.1,13.8,3255906474.0,0.6
2018q2,13,UI,"UBIQUITI NETWORKS, INC.",80.3,Information Technology,,56.603059001960034,2.6607452804636167,53.94231372149642,True,17.3,11.0,18.5,8.0,15.4,18.2,5127656320.0,0.67
2018q2,14,MYGN,MYRIAD GENETICS INC,80.0,Health Care,,-25.66229199716914,2.6607452804636167,-28.323037277632757,False,20.0,12.5,18.5,4.0,15.9,17.1,3379202031.0,0.6
2018q2,15,HQY,HEALTHEQUITY INC,79.9,Industrials,expensive_pe,-12.916108049702203,2.6607452804636167,-15.57685333016582,False,20.0,1.2,20.0,10.0,18.5,18.2,6599913033.0,0.63
2018q2,16,GNRC,GENERAC HOLDINGS INC.,79.8,Information Technology,,34.17746815450431,2.6607452804636167,31.516722874040696,True,14.3,15.9,16.2,10.0,13.8,17.6,3113160639.0,0.7
2018q2,17,GMED,GLOBUS MEDICAL INC,79.7,Health Care,,-16.171224723472243,2.6607452804636167,-18.831970003935858,False,20.0,6.6,20.0,8.0,18.6,14.4,6955267756.0,0.67
2018q2,18,KRO,KRONOS WORLDWIDE INC,79.6,Materials,,-28.621923982198272,2.6607452804636167,-31.282669262661887,False,18.4,13.6,13.1,10.0,15.7,16.7,2597990704.0,0.7
2018q2,19,AEIS,ADVANCED ENERGY INDUSTRIES INC,79.4,Information Technology,,-3.133058686043788,2.6607452804636167,-5.793803966507404,False,20.0,14.1,9.2,10.0,17.4,16.5,2195667187.0,0.67
2018q2,20,STLD,STEEL DYNAMICS INC,79.3,Materials,,-32.59422239025812,2.6607452804636167,-35.25496767072173,False,17.1,17.4,16.9,8.0,12.3,15.5,7142462194.0,0.73
2018q3,1,BIIB,BIOGEN INC.,88.2,Health Care,,-34.10319296565976,-2.718560047003249,-31.38463291865651,False,19.5,15.6,16.2,8.0,19.1,18.7,51519258406.0,0.67
2018q3,2,ALSN,ALLISON TRANSMISSION HOLDINGS INC,86.8,Consumer Discretionary,,-8.35706171437549,-2.718560047003249,-5.638501667372241,False,13.1,16.2,20.0,10.0,18.6,17.6,4578061139.0,0.67
2018q3,3,SUPN,SUPERNUS PHARMACEUTICALS INC,85.6,Health Care,,-45.42204493539259,-2.718560047003249,-42.70348488838934,False,17.7,12.8,16.9,10.0,19.1,17.6,2837607532.0,0.67
2018q3,4,NUE,NUCOR CORP,84.4,Materials,,-17.346573901753658,-2.718560047003249,-14.628013854750408,False,20.0,17.4,16.9,10.0,14.1,14.4,15188728939.0,0.6
2018q3,5,USNA,USANA HEALTH SCIENCES INC,83.7,Health Care,,-43.268355322823695,-2.718560047003249,-40.54979527582044,False,20.0,13.1,19.2,,14.7,16.7,2320796578.0,0.63
2018q3,6,ADBE,ADOBE SYSTEMS INC,82.3,Information Technology,,2.333760884640057,-2.718560047003249,5.052320931643306,True,18.7,5.1,20.0,10.0,19.2,17.6,120708790696.0,0.73
2018q3,7,FAST,FASTENAL CO,82.3,Consumer Discretionary,,15.826531630920005,-2.718560047003249,18.545091677923253,True,20.0,12.6,16.9,8.0,17.5,15.5,8328369608.0,0.7
2018q3,8,STLD,STEEL DYNAMICS INC,82.2,Materials,,-32.08743432411529,-2.718560047003249,-29.368874277112045,False,18.9,17.4,15.4,10.0,13.2,15.5,7024327560.0,0.73
2018q3,9,ZTS,ZOETIS INC.,82.2,Health Care,,36.95357073901096,-2.718560047003249,39.67213078601421,True,16.4,11.1,18.5,8.0,18.8,17.6,41666259327.0,0.6
2018q3,10,TXN,TEXAS INSTRUMENTS INC,82.1,Information Technology,,23.96838407973336,-2.718560047003249,26.68694412673661,True,20.0,11.6,15.4,6.0,18.6,18.7,98797404475.0,0.67
2018q3,11,SNA,SNAP-ON INC,81.8,Industrials,,-12.66779851822022,-2.718560047003249,-9.94923847121697,False,20.0,9.1,18.5,8.0,17.7,16.7,9826166032.0,0.6
2018q3,12,ILMN,ILLUMINA INC,81.7,Health Care,expensive_pe,-17.11982069390856,-2.718560047003249,-14.401260646905312,False,20.0,5.1,20.0,10.0,18.2,16.5,56447862577.0,0.7
2018q3,13,FCN,FTI CONSULTING INC,81.6,Industrials,,44.81485766942279,-2.718560047003249,47.533417716426044,True,18.0,14.1,19.2,8.0,13.8,16.5,2607753978.0,0.7
2018q3,14,GNRC,GENERAC HOLDINGS INC.,81.5,Information Technology,,38.876079684096275,-2.718560047003249,41.59463973109953,True,15.1,16.5,17.7,10.0,13.8,16.5,3394807515.0,0.7
2018q3,15,VPG,"VISHAY PRECISION GROUP, INC.",81.4,Information Technology,,-12.459892131789418,-2.718560047003249,-9.741332084786169,False,20.0,14.5,18.5,10.0,12.8,13.8,504285592.0,0.67
2018q3,16,AAPL,APPLE INC,81.2,Information Technology,,0.7555298834562185,-2.718560047003249,3.4740899304594675,True,13.6,12.9,20.0,8.0,16.6,18.2,860965399301.0,0.67
2018q3,17,GTN,GRAY TELEVISION INC,81.0,Communication Services,,-6.742854233654505,-2.718560047003249,-4.024294186651256,False,16.4,17.9,15.4,8.0,19.1,12.3,1179139254.0,0.63
2018q3,18,UI,"UBIQUITI NETWORKS, INC.",80.6,Information Technology,,20.674336139547744,-2.718560047003249,23.392896186550992,True,17.3,9.8,20.0,8.0,15.4,18.2,5983476152.0,0.67
2018q3,19,RMR,RMR GROUP INC.,80.3,Industrials,,-49.825876241538666,-2.718560047003249,-47.107316194535414,False,18.2,11.1,18.5,10.0,18.2,12.4,1568631631.0,0.6
2018q3,20,ANET,"ARISTA NETWORKS, INC.",80.1,Information Technology,,-10.133148524398228,-2.718560047003249,-7.414588477394979,False,20.0,12.2,16.9,10.0,14.6,14.4,5310587825.0,0.7
2018q4,1,CACC,CREDIT ACCEPTANCE CORP,87.8,Financials,leverage_not_applicable,15.865982621864072,23.3178492362639,-7.451866614399828,False,,13.8,17.0,8.2,20.0,20.0,4792672424.0,0.73
2018q4,2,INVA,"INNOVIVA, INC.",87.6,Health Care,,-18.85387261709863,23.3178492362639,-42.17172185336253,False,16.0,17.8,18.0,8.5,20.0,16.0,1265164214.0,0.87
2018q4,3,REGN,REGENERON PHARMACEUTICALS INC,86.9,Health Care,,0.5301274695001634,23.3178492362639,-22.787721766763738,False,20.0,16.3,13.5,7.8,20.0,18.0,42401513564.0,0.83
2018q4,4,BIIB,BIOGEN INC.,85.3,Health Care,,-1.3923973994546146,23.3178492362639,-24.710246635718516,False,19.5,17.8,13.0,6.5,19.1,18.0,43879811040.0,0.9
2018q4,5,USNA,USANA HEALTH SCIENCES INC,85.3,Health Care,,-33.27953723605182,23.3178492362639,-56.59738647231572,False,20.0,14.8,16.0,7.8,16.2,18.9,2266506694.0,0.8
2018q4,6,AIV,APARTMENT INVESTMENT & MANAGEMENT ,84.3,Real Estate,,21.415028877381204,23.3178492362639,-1.9028203588826962,False,14.3,18.5,16.5,3.5,20.0,20.0,721470182.0,0.7
2018q4,7,DECK,DECKERS OUTDOOR CORP,84.2,Consumer Discretionary,,31.973422875410474,23.3178492362639,8.655573639146574,True,20.0,12.8,19.0,,14.2,18.2,3210389781.0,0.67
2018q4,8,AMGN,AMGEN INC,84.1,Health Care,,27.6010963334844,23.3178492362639,4.2832470972204995,True,13.3,16.5,18.0,5.6,19.1,20.0,105239059472.0,0.77
2018q4,9,MPT,MEDICAL PROPERTIES TRUST INC,83.4,Real Estate,heavy_dilution,38.53793702536792,23.3178492362639,15.220087789104017,True,20.0,13.5,18.0,7.2,20.0,13.0,9619677299.0,0.73
2018q4,10,INTC,INTEL CORP,83.3,Information Technology,,30.711948168647773,23.3178492362639,7.394098932383873,True,18.4,16.2,14.5,8.0,17.4,17.1,198835001293.0,0.67
2018q4,11,ALSN,ALLISON TRANSMISSION HOLDINGS INC,82.9,Consumer Discretionary,,11.50054783782437,23.3178492362639,-11.817301398439529,False,13.1,16.2,15.5,7.8,19.4,19.2,3865077300.0,0.9
2018q4,12,NUE,NUCOR CORP,82.8,Materials,,11.841905266197305,23.3178492362639,-11.475943970066595,False,20.0,19.0,12.0,8.2,15.2,16.6,12402333455.0,0.83
2018q4,13,KLAC,KLA TENCOR CORP,82.4,Information Technology,,103.98777966943946,23.3178492362639,80.66993043317557,True,16.4,20.0,12.0,8.0,17.7,16.5,1210331844.0,0.67
2018q4,14,ZTS,ZOETIS INC.,82.1,Health Care,,55.70895105139222,23.3178492362639,32.39110181512832,True,16.4,10.7,17.0,7.0,20.0,19.2,38926736086.0,0.83
2018q4,15,PLNT,"PLANET FITNESS, INC.",81.7,Consumer Discretionary,negative_equity,39.27639275048145,23.3178492362639,15.95854351421755,True,8.8,,20.0,9.1,17.7,18.0,,0.7
2018q4,16,AME,AMETEK INC/,81.2,Information Technology,,48.268635832773434,23.3178492362639,24.950786596509534,True,14.8,12.7,13.0,10.0,20.0,18.9,15679367650.0,0.6
2018q4,17,GTN,GRAY TELEVISION INC,81.1,Communication Services,,45.45451384004271,23.3178492362639,22.136664603778808,True,16.4,17.2,12.0,9.2,19.1,15.2,993172134.0,0.87
2018q4,18,TXN,TEXAS INSTRUMENTS INC,80.9,Information Technology,,39.563452038947574,23.3178492362639,16.245602802683674,True,20.0,11.1,12.0,6.5,19.4,20.0,87019802807.0,0.9
2018q4,19,FAST,FASTENAL CO,80.9,Consumer Discretionary,,45.07521641966221,23.3178492362639,21.757367183398312,True,20.0,13.5,14.0,7.5,17.4,16.6,7505867821.0,0.93
2018q4,20,MTG,MGIC INVESTMENT CORP,80.6,Financials,leverage_not_applicable,36.712384746192825,23.3178492362639,13.394535509928925,True,,15.3,10.5,7.8,20.0,18.9,2745390023.0,0.6
2019q1,1,CACC,CREDIT ACCEPTANCE CORP,87.8,Financials,leverage_not_applicable,-43.42265249369262,-24.640521141754917,-18.7821313519377,False,,13.8,17.0,8.2,20.0,20.0,5673596915.0,0.73
2019q1,2,REGN,REGENERON PHARMACEUTICALS INC,86.0,Health Care,,18.915308489922865,-24.640521141754917,43.55582963167778,True,20.0,13.3,15.5,7.8,20.0,18.0,46615553662.0,0.83
2019q1,3,AIV,APARTMENT INVESTMENT & MANAGEMENT ,85.7,Real Estate,,-27.92958416256537,-24.640521141754917,-3.2890630208104525,False,14.3,18.5,18.0,3.5,20.0,20.0,826862681.0,0.7
2019q1,4,KLAC,KLA TENCOR CORP,85.5,Information Technology,,23.080836471534205,-24.640521141754917,47.72135761328912,True,16.4,19.4,16.0,8.0,18.8,15.5,1614992955.0,0.67
2019q1,5,BSM,"BLACK STONE MINERALS, L.P.",85.0,Energy,,-70.55185440143713,-24.640521141754917,-45.91133325968221,False,18.7,,16.0,9.4,19.1,13.3,,0.6
2019q1,6,BBY,BEST BUY CO INC,84.8,Consumer Discretionary,,-17.337482519056714,-24.640521141754917,7.303038622698203,True,14.5,16.3,15.0,7.5,20.0,20.0,15414009421.0,0.6
2019q1,7,AME,AMETEK INC/,84.7,Information Technology,,-12.589556154560865,-24.640521141754917,12.050964987194051,True,17.0,11.8,16.5,10.0,20.0,17.9,19215911547.0,0.6
2019q1,8,BIIB,BIOGEN INC.,84.6,Health Care,,33.84381011399873,-24.640521141754917,58.484331255753645,True,19.5,19.0,9.5,7.0,19.1,19.0,34468661056.0,0.9
2019q1,9,DECK,DECKERS OUTDOOR CORP,84.6,Consumer Discretionary,,-8.837339738723726,-24.640521141754917,15.803181403031191,True,20.0,12.8,20.0,7.8,14.9,17.6,3688121690.0,0.77
2019q1,10,MTG,MGIC INVESTMENT CORP,84.5,Financials,leverage_not_applicable,-51.209965732044395,-24.640521141754917,-26.56944459028948,False,,15.3,14.0,7.8,20.0,18.9,3461920948.0,0.6
2019q1,11,PLNT,"PLANET FITNESS, INC.",84.4,Consumer Discretionary,negative_equity,-29.13271260497634,-24.640521141754917,-4.492191463221424,False,8.8,,20.0,9.1,19.1,19.0,,0.7
2019q1,12,MPT,MEDICAL PROPERTIES TRUST INC,84.3,Real Estate,heavy_dilution,-1.556468444544734,-24.640521141754917,23.084052697210183,True,20.0,13.5,20.0,6.2,20.0,13.0,11073397378.0,0.73
2019q1,13,NUE,NUCOR CORP,84.2,Materials,,-36.112218953049705,-24.640521141754917,-11.471697811294788,False,20.0,19.0,13.0,8.8,15.2,16.6,13967884945.0,0.83
2019q1,14,FAST,FASTENAL CO,84.2,Consumer Discretionary,,-0.25788656431282586,-24.640521141754917,24.38263457744209,True,20.0,12.1,17.5,7.0,19.4,16.6,9231255169.0,0.93
2019q1,15,INTC,INTEL CORP,84.1,Information Technology,,3.1512716012766617,-24.640521141754917,27.79179274303158,True,18.4,15.4,16.5,8.0,17.4,16.7,227518424285.0,0.7
2019q1,16,ESNT,ESSENT GROUP LTD.,82.7,Financials,leverage_not_applicable,-38.803950698505375,-24.640521141754917,-14.163429556750458,False,,12.1,15.5,10.0,20.0,16.8,4635556704.0,0.6
2019q1,17,A,AGILENT TECHNOLOGIES INC,82.5,Health Care,,-9.90896155608656,-24.640521141754917,14.731559585668357,True,19.3,13.4,18.0,6.0,17.3,16.7,23205235633.0,0.73
2019q1,18,EXEL,"EXELIXIS, INC.",82.3,Health Care,,-27.647059389228477,-24.640521141754917,-3.0065382474735607,False,20.0,15.5,15.0,8.1,19.1,12.8,6989039776.0,0.83
2019q1,19,MSFT,MICROSOFT CORP,81.9,Information Technology,,35.48975769079063,-24.640521141754917,60.13027883254555,True,18.2,10.7,17.0,8.0,18.6,17.6,880300693821.0,0.73
2019q1,20,PCAR,PACCAR INC,81.7,Consumer Discretionary,,-6.0582316103155005,-24.640521141754917,18.582289531439415,True,14.3,15.6,15.5,8.9,16.6,18.9,23910546332.0,0.67
2019q2,1,JAZZ,JAZZ PHARMACEUTICALS PLC,87.3,Health Care,,-22.601011344336165,-10.298568767612926,-12.302442576723239,False,20.0,15.5,14.0,8.0,20.0,18.5,9187489735.0,0.63
2019q2,2,BBY,BEST BUY CO INC,86.7,Consumer Discretionary,,28.85875463398271,-10.298568767612926,39.15732340159563,True,14.5,16.3,14.5,10.0,20.0,20.0,15125513166.0,0.6
2019q2,3,PCAR,PACCAR INC,86.1,Consumer Discretionary,,9.375035033167478,-10.298568767612926,19.673603800780405,True,17.1,15.1,19.0,8.0,16.6,18.9,25145726555.0,0.63
2019q2,4,ANET,"ARISTA NETWORKS, INC.",86.1,Information Technology,,-19.100992708788333,-10.298568767612926,-8.802423941175407,False,20.0,17.9,16.0,10.0,18.2,12.5,5185943207.0,0.73
2019q2,5,PLNT,"PLANET FITNESS, INC.",84.9,Consumer Discretionary,negative_equity,-16.385977838947742,-10.298568767612926,-6.087409071334816,False,8.8,,20.0,10.0,19.1,18.5,,0.6
2019q2,6,PHM,PULTEGROUP INC/MI/,84.8,Real Estate,,9.012929224683376,-10.298568767612926,19.311497992296303,True,20.0,19.4,17.5,6.0,12.5,17.9,6633787912.0,0.63
2019q2,7,CHDN,CHURCHILL DOWNS INC,84.2,Consumer Discretionary,,16.23225004201796,-10.298568767612926,26.530818809630887,True,13.3,,19.0,10.0,18.2,15.3,,0.6
2019q2,8,BIIB,BIOGEN INC.,84.2,Health Care,,14.401160208219487,-10.298568767612926,24.699728975832414,True,18.1,18.8,10.5,6.0,19.1,20.0,34102654313.0,0.73
2019q2,9,KLAC,KLA TENCOR CORP,84.1,Information Technology,,67.88090965255509,-10.298568767612926,78.17947842016801,True,16.4,19.0,18.5,6.5,18.8,13.3,1598627942.0,0.83
2019q2,10,TER,"TERADYNE, INC",83.7,Information Technology,,77.48741670131338,-10.298568767612926,87.7859854689263,True,20.0,13.5,18.5,6.0,16.2,17.9,7787251450.0,0.77
2019q2,11,GNTX,GENTEX CORP,83.5,Consumer Discretionary,,6.639400582920785,-10.298568767612926,16.93796935053371,True,20.0,7.5,17.5,,18.5,20.0,5614095032.0,0.63
2019q2,12,TSCO,TRACTOR SUPPLY CO /DE/,83.5,Consumer Discretionary,,22.81832014257743,-10.298568767612926,33.116888910190355,True,16.4,17.1,20.0,,11.8,18.2,2365951463.0,0.73
2019q2,13,NUE,NUCOR CORP,83.4,Materials,,-22.010197478047843,-10.298568767612926,-11.711628710434917,False,20.0,18.8,14.0,8.0,15.2,15.7,13189896475.0,0.67
2019q2,14,FAST,FASTENAL CO,82.9,Consumer Discretionary,,35.018666354816965,-10.298568767612926,45.31723512242989,True,20.0,9.5,18.5,8.0,18.4,16.8,9356138043.0,0.77
2019q2,15,WU,WESTERN UNION CO,82.9,Industrials,,12.691913649904695,-10.298568767612926,22.99048241751762,True,20.0,17.1,16.5,2.0,19.1,16.5,6831797046.0,0.63
2019q2,16,REGN,REGENERON PHARMACEUTICALS INC,82.8,Health Care,,99.24920129208866,-10.298568767612926,109.54777005970158,True,20.0,15.5,10.5,8.0,20.0,17.1,35533263041.0,0.67
2019q2,17,CSX,CSX CORP,82.5,Industrials,,-8.589467684846142,-10.298568767612926,1.709101082766784,True,17.3,9.5,19.0,6.0,20.0,18.9,50094273517.0,0.67
2019q2,18,CSCO,"CISCO SYSTEMS, INC.",82.4,Information Technology,,-12.133866973987939,-10.298568767612926,-1.835298206375013,False,17.4,12.6,19.0,6.0,18.2,17.3,220716620095.0,0.77
2019q2,19,DECK,DECKERS OUTDOOR CORP,82.3,Consumer Discretionary,,11.604252022876738,-10.298568767612926,21.902820790489663,True,20.0,10.2,20.0,7.8,14.9,17.6,4415258002.0,0.77
2019q2,20,ANIK,"ANIKA THERAPEUTICS, INC.",82.1,Health Care,,-7.114720496410265,-10.298568767612926,3.1838482712026606,True,20.0,12.8,15.5,4.0,19.1,18.9,592136604.0,0.7
2019q3,1,V,VISA INC.,90.9,Industrials,,16.990095999649334,-4.166542707992448,21.156638707641783,True,17.6,,18.0,6.2,20.0,20.0,,0.6
2019q3,2,CORT,CORCEPT THERAPEUTICS INC,85.0,Health Care,,23.125879948323536,-4.166542707992448,27.292422656315985,True,20.0,14.4,13.5,10.0,20.0,15.6,1625065405.0,0.7
2019q3,3,PHM,PULTEGROUP INC/MI/,84.7,Real Estate,,28.22313896676969,-4.166542707992448,32.38968167476214,True,20.0,18.8,20.0,4.0,12.5,17.9,7668087814.0,0.63
2019q3,4,KLAC,KLA CORP,84.6,Information Technology,,23.819399342662017,-4.166542707992448,27.985942050654465,True,16.4,18.5,19.5,6.5,18.8,13.3,2156524763.0,0.83
2019q3,5,WU,WESTERN UNION CO,84.5,Industrials,,-3.9609298231085943,-4.166542707992448,0.2056128848838541,True,20.0,16.2,19.0,2.0,18.2,17.6,7958408393.0,0.63
2019q3,6,BIIB,BIOGEN INC.,84.4,Health Care,,21.84519532324225,-4.166542707992448,26.0117380312347,True,18.4,18.8,10.5,6.0,19.1,20.0,33949546298.0,0.73
2019q3,7,GNTX,GENTEX CORP,84.3,Consumer Discretionary,,-4.787794245559162,-4.166542707992448,-0.6212515375667138,False,20.0,6.8,19.0,,18.5,20.0,6282494046.0,0.63
2019q3,8,NVR,NVR INC,84.3,Real Estate,,9.839536495684499,-4.166542707992448,14.006079203676947,True,20.0,15.3,20.0,6.0,12.5,18.9,12305255854.0,0.63
2019q3,9,ANET,"ARISTA NETWORKS, INC.",83.9,Information Technology,,-13.389421454182028,-4.166542707992448,-9.22287874618958,False,20.0,17.9,11.5,10.0,18.2,14.7,4772458073.0,0.73
2019q3,10,JAZZ,JAZZ PHARMACEUTICALS PLC,83.6,Health Care,,11.276726250249624,-4.166542707992448,15.443268958242072,True,20.0,15.5,10.0,8.0,20.0,18.5,8258171642.0,0.63
2019q3,11,PCAR,PACCAR INC,83.0,Consumer Discretionary,,27.382882341184136,-4.166542707992448,31.549425049176584,True,17.1,15.1,15.5,8.0,16.6,18.9,24566735010.0,0.63
2019q3,12,META,FACEBOOK INC,82.9,Information Technology,,47.068749602387605,-4.166542707992448,51.23529231038005,True,20.0,9.5,16.0,10.0,19.1,16.5,464544680419.0,0.7
2019q3,13,ANIK,"ANIKA THERAPEUTICS, INC.",82.1,Health Care,,-35.525597042869435,-4.166542707992448,-31.359054334876987,False,20.0,11.3,17.0,4.0,19.1,18.9,800157033.0,0.7
2019q3,14,BMY,BRISTOL MYERS SQUIBB CO,82.0,Health Care,,22.6651412853508,-4.166542707992448,26.831683993343248,True,16.4,15.0,14.0,6.0,18.8,20.0,103023709985.0,0.67
2019q3,15,MSFT,MICROSOFT CORP,82.0,Information Technology,,53.0062074144596,-4.166542707992448,57.17275012245205,True,18.2,9.6,18.0,7.0,18.2,19.2,1037715803408.0,0.9
2019q3,16,FCN,"FTI CONSULTING, INC",81.6,Industrials,,-0.01886653785210246,-4.166542707992448,4.147676170140346,True,18.9,9.4,19.0,8.0,15.6,18.9,3776415212.0,0.77
2019q3,17,BRC,BRADY CORP,81.5,Industrials,,-23.201448130586556,-4.166542707992448,-19.034905422594107,False,20.0,,17.5,2.0,15.6,18.2,,0.63
2019q3,18,GNRC,GENERAC HOLDINGS INC.,81.2,Information Technology,,147.1789742680787,-4.166542707992448,151.34551697607114,True,17.7,13.2,19.0,8.0,14.6,16.8,4714575589.0,0.77
2019q3,19,TER,"TERADYNE, INC",81.1,Information Technology,,37.991145198471244,-4.166542707992448,42.15768790646369,True,20.0,11.5,19.5,4.0,17.4,16.8,9412643117.0,0.77
2019q3,20,REGN,"REGENERON PHARMACEUTICALS, INC.",81.0,Health Care,,101.79524284162333,-4.166542707992448,105.96178554961578,True,20.0,15.5,8.5,8.0,20.0,17.1,31491779395.0,0.67
2019q4,1,V,VISA INC.,90.3,Industrials,,17.124197735654413,7.585349199520774,9.538848536133639,True,16.0,,19.0,6.2,20.0,20.0,,0.6
2019q4,2,MTG,MGIC INVESTMENT CORP,89.2,Financials,leverage_not_applicable,-9.200642223526023,7.585349199520774,-16.785991423046795,False,,15.6,18.0,7.8,20.0,18.9,3719137351.0,0.6
2019q4,3,KLAC,KLA CORP,88.5,Information Technology,,47.942076282180636,7.585349199520774,40.35672708265986,True,16.4,17.6,19.5,10.0,17.0,16.8,2409708449.0,0.67
2019q4,4,ESNT,ESSENT GROUP LTD.,87.2,Financials,leverage_not_applicable,-15.530051656041632,7.585349199520774,-23.115400855562406,False,,12.7,19.0,10.0,20.0,16.8,5546665054.0,0.6
2019q4,5,WU,WESTERN UNION CO,87.1,Industrials,,-14.723219856175362,7.585349199520774,-22.308569055696136,False,20.0,15.0,20.0,3.5,19.1,18.2,9198367783.0,0.77
2019q4,6,BIIB,BIOGEN INC.,86.8,Health Care,,-17.480540712266034,7.585349199520774,-25.065889911786808,False,17.1,19.0,14.5,5.8,19.1,20.0,43268829692.0,0.9
2019q4,7,REGN,"REGENERON PHARMACEUTICALS, INC.",86.7,Health Care,,28.664641471645357,7.585349199520774,21.079292272124583,True,20.0,13.6,15.0,7.8,20.0,19.0,42626293920.0,0.87
2019q4,8,PHM,PULTEGROUP INC/MI/,85.8,Real Estate,,12.552530973127984,7.585349199520774,4.96718177360721,True,20.0,19.0,20.0,5.5,12.5,17.4,8140131534.0,0.8
2019q4,9,GOOGL,ALPHABET INC.,85.3,Information Technology,,30.85360973184377,7.585349199520774,23.268260532322994,True,20.0,11.1,19.0,7.8,16.8,19.2,833869276341.0,0.87
2019q4,10,NVR,NVR INC,84.9,Real Estate,,7.127651738574303,7.585349199520774,-0.4576974609464708,False,20.0,15.3,19.0,6.7,12.5,20.0,12606684099.0,0.67
2019q4,11,DHI,HORTON D R INC /DE/,84.8,Real Estate,,32.233299681112285,7.585349199520774,24.64795048159151,True,20.0,17.2,20.0,7.0,12.5,16.6,17364815638.0,0.8
2019q4,12,CACC,CREDIT ACCEPTANCE CORP,84.7,Financials,leverage_not_applicable,-21.74620189538362,7.585349199520774,-29.331551094904395,False,,13.8,16.0,8.2,18.2,20.0,5553076998.0,0.73
2019q4,13,SEI,"SOLARIS OILFIELD INFRASTRUCTURE, I",84.6,Industrials,,-38.09481134080508,7.585349199520774,-45.68016054032586,False,20.0,,13.0,8.1,20.0,15.0,,0.67
2019q4,14,MGM,MGM RESORTS INTERNATIONAL,84.4,Consumer Discretionary,,-4.55417453039344,7.585349199520774,-12.139523729914213,False,13.6,18.2,18.0,6.5,19.1,17.4,10222881571.0,0.93
2019q4,15,BRC,BRADY CORP,84.3,Industrials,,-5.99966361642692,7.585349199520774,-13.585012815947694,False,20.0,,17.5,2.0,16.4,20.0,,0.63
2019q4,16,MRK,"MERCK & CO., INC.",84.1,Health Care,,-7.204779369649761,7.585349199520774,-14.790128569170534,False,13.5,13.3,18.0,8.9,18.8,20.0,220373695576.0,0.63
2019q4,17,JAZZ,JAZZ PHARMACEUTICALS PLC,84.0,Health Care,,10.564043677261893,7.585349199520774,2.9786944777411186,True,20.0,14.5,16.0,7.0,20.0,14.9,9620570146.0,0.87
2019q4,18,FR,FIRST INDUSTRIAL REALTY TRUST INC,83.9,Real Estate,,4.239652416537387,7.585349199520774,-3.345696782983387,False,20.0,9.8,19.0,7.8,20.0,15.6,5463514048.0,0.6
2019q4,19,INTC,INTEL CORP,83.5,Information Technology,,-14.68873801710896,7.585349199520774,-22.274087216629734,False,17.3,14.2,19.0,4.8,18.2,18.4,253574993535.0,0.93
2019q4,20,PDM,"PIEDMONT OFFICE REALTY TRUST, INC.",83.4,Real Estate,,-23.46177352919786,7.585349199520774,-31.047122728718634,False,20.0,15.5,17.5,3.1,17.0,18.7,2721771608.0,0.63
2020q1,1,BIIB,BIOGEN INC.,87.7,Health Care,,-11.577850786234201,83.18893849531513,-94.76678928154934,False,17.1,17.5,17.5,5.2,19.1,20.0,46134169253.0,0.9
2020q1,2,REGN,"REGENERON PHARMACEUTICALS, INC.",87.6,Health Care,,-3.102667258252245,83.18893849531513,-86.29160575356737,False,20.0,12.1,18.5,7.8,20.0,18.0,55433026561.0,0.87
2020q1,3,KLAC,KLA CORP,85.4,Information Technology,,133.499275874164,83.18893849531513,50.31033737884887,True,16.4,18.2,15.5,10.0,17.0,16.8,1944050591.0,0.67
2020q1,4,VRTX,VERTEX PHARMACEUTICALS INC / MA,84.9,Health Care,,-9.691110676336612,83.18893849531513,-92.88004917165173,False,20.0,9.3,19.0,10.0,19.1,16.0,61706358861.0,0.9
2020q1,5,META,FACEBOOK INC,83.6,Information Technology,,76.57672223388063,83.18893849531513,-6.612216261434497,False,20.0,10.1,14.0,10.0,20.0,17.9,435119347006.0,0.7
2020q1,6,MSFT,MICROSOFT CORP,82.0,Information Technology,,51.01505943266504,83.18893849531513,-32.17387906265009,False,18.2,8.5,18.0,8.0,18.6,18.9,1177142830752.0,0.73
2020q1,7,TER,"TERADYNE, INC",81.9,Information Technology,,125.6188078879938,83.18893849531513,42.42986939267867,True,20.0,12.5,15.5,7.5,17.0,17.6,8804746361.0,0.9
2020q1,8,INVA,"INNOVIVA, INC.",81.8,Health Care,,1.6156426588893602,83.18893849531513,-81.57329583642577,False,17.8,18.2,12.0,6.8,20.0,15.2,852626406.0,0.93
2020q1,9,DVA,DAVITA INC.,81.6,Health Care,,41.690770578903155,83.18893849531513,-41.49816791641197,False,12.3,20.0,19.5,4.4,13.5,20.0,6640169665.0,0.77
2020q1,10,RMD,RESMED INC,81.5,Health Care,,32.81005758654496,83.18893849531513,-50.37888090877017,False,18.9,8.6,19.0,8.0,17.3,17.9,21682152245.0,0.8
2020q1,11,INTC,INTEL CORP,81.2,Information Technology,,21.33433406983787,83.18893849531513,-61.85460442547726,False,18.5,13.2,15.5,6.0,18.2,17.9,229297890211.0,0.73
2020q1,12,ALCO,"ALICO, INC.",81.0,Consumer Staples,,-2.020227310540923,83.18893849531513,-85.20916580585605,False,18.7,16.0,14.0,7.2,17.4,15.8,236976768.0,0.9
2020q1,13,CORT,CORCEPT THERAPEUTICS INC,80.9,Health Care,,100.08410621188459,83.18893849531513,16.89516771656946,True,20.0,15.9,9.5,10.0,20.0,13.6,1366480039.0,0.73
2020q1,14,WU,WESTERN UNION CO,80.4,Industrials,,41.46073464097264,83.18893849531513,-41.72820385434249,False,20.0,15.6,12.5,3.0,19.1,18.2,6227273933.0,0.77
2020q1,15,UTMD,UTAH MEDICAL PRODUCTS INC,80.2,Health Care,,-6.7455467332663055,83.18893849531513,-89.93448522858144,False,19.1,13.1,13.5,8.0,17.8,16.8,329955938.0,0.73
2020q1,16,ANET,"ARISTA NETWORKS, INC.",80.2,Information Technology,,49.044685312246195,83.18893849531513,-34.14425318306893,False,20.0,18.2,9.5,6.2,18.2,16.0,4045962685.0,0.9
2020q1,17,FDS,FACTSET RESEARCH SYSTEMS INC,80.0,Information Technology,,19.532189169726124,83.18893849531513,-63.656749325589004,False,18.1,8.5,16.5,6.0,20.0,18.9,10048955579.0,0.73
2020q1,18,ADBE,ADOBE INC.,79.9,Information Technology,,49.374688821191384,83.18893849531513,-33.814249674123744,False,16.7,5.8,18.0,8.2,20.0,19.2,142301769348.0,0.97
2020q1,19,LGL,LGL GROUP INC,79.4,Information Technology,micro_cap,23.06830233101853,83.18893849531513,-60.1206361642966,False,19.1,19.0,10.5,9.2,16.1,13.4,17902652.0,0.87
2020q1,20,POWI,POWER INTEGRATIONS INC,79.4,Information Technology,,85.75368657589817,83.18893849531513,2.564748080583044,True,20.0,11.8,15.0,6.0,17.8,16.8,2527467312.0,0.9
2020q2,1,INTC,INTEL CORP,89.1,Information Technology,,-3.6758530688707713,54.99990011963848,-58.675753188509255,False,18.5,17.4,17.0,8.0,18.2,18.9,253490270916.0,0.73
2020q2,2,CORT,CORCEPT THERAPEUTICS INC,88.2,Health Care,,30.796673003328003,54.99990011963848,-24.20322711631048,False,20.0,15.4,17.0,10.0,20.0,14.7,1933069233.0,0.73
2020q2,3,REGN,"REGENERON PHARMACEUTICALS, INC.",87.6,Health Care,,-10.440163881044151,54.99990011963848,-65.44006400068264,False,20.0,11.1,19.5,7.8,20.0,18.0,70799745568.0,0.87
2020q2,4,VRTX,VERTEX PHARMACEUTICALS INC / MA,86.9,Health Care,,-30.546654755795245,54.99990011963848,-85.54655487543373,False,20.0,10.4,20.0,10.0,19.1,16.0,75284610717.0,0.9
2020q2,5,BIIB,BIOGEN INC.,86.8,Health Care,,29.422539642056343,54.99990011963848,-25.57736047758214,False,18.1,19.0,14.0,5.2,19.1,20.0,39013832195.0,0.9
2020q2,6,TER,"TERADYNE, INC",85.5,Information Technology,,59.08505173688101,54.99990011963848,4.085151617242531,True,20.0,11.2,19.5,8.5,18.2,16.6,13736185322.0,0.93
2020q2,7,EA,ELECTRONIC ARTS INC.,84.9,Information Technology,,9.331293570985967,54.99990011963848,-45.66860654865252,False,20.0,11.0,18.5,7.2,18.6,18.0,35263665056.0,0.83
2020q2,8,INVA,"INNOVIVA, INC.",84.7,Health Care,,-4.077251169444873,54.99990011963848,-59.07715128908335,False,20.0,18.2,12.0,7.8,20.0,15.2,1013581338.0,0.93
2020q2,9,KLAC,KLA CORP,84.6,Information Technology,,69.04411847018194,54.99990011963848,14.04421835054346,True,16.4,18.5,18.5,8.2,18.8,12.6,2630297542.0,0.83
2020q2,10,TSCO,TRACTOR SUPPLY CO /DE/,84.6,Consumer Discretionary,,42.818225674627605,54.99990011963848,-12.181674445010877,False,16.0,17.6,19.0,8.0,14.5,17.9,2865889134.0,0.8
2020q2,11,RMD,RESMED INC,84.5,Health Care,,29.40908213123288,54.99990011963848,-25.590817988405604,False,19.6,9.1,20.0,8.0,18.5,17.9,28263788586.0,0.8
2020q2,12,META,FACEBOOK INC,84.2,Information Technology,,53.12898152804857,54.99990011963848,-1.8709185915899127,False,20.0,8.4,17.5,10.0,20.0,16.8,592341435875.0,0.7
2020q2,13,DHI,HORTON D R INC /DE/,83.7,Real Estate,,64.58303508356079,54.99990011963848,9.583134963922305,True,20.0,15.9,17.5,8.0,13.8,16.8,18253631098.0,0.63
2020q2,14,UTHR,UNITED THERAPEUTICS CORP,83.1,Health Care,,48.272730299263955,54.99990011963848,-6.727169820374527,False,20.0,14.8,18.5,2.5,19.1,16.5,5875506117.0,0.83
2020q2,15,NOW,"SERVICENOW, INC.",83.1,Information Technology,,35.6712613617582,54.99990011963848,-19.328638757880285,False,14.9,13.5,19.5,10.0,15.3,18.2,16845352597.0,0.77
2020q2,16,FAST,FASTENAL CO,82.7,Consumer Discretionary,,25.159716030316616,54.99990011963848,-29.840184089321866,False,20.0,10.9,17.5,5.0,19.4,18.2,12298771198.0,0.93
2020q2,17,SSD,"SIMPSON MANUFACTURING CO., INC.",82.4,Industrials,,32.502605918411696,54.99990011963848,-22.497294201226786,False,20.0,8.7,17.0,6.5,18.4,20.0,3578981573.0,0.87
2020q2,18,LEN,LENNAR CORP /NEW/,82.0,Industrials,heavy_dilution,62.893628402355574,54.99990011963848,7.893728282717092,True,20.0,17.2,17.5,6.2,16.6,12.6,16548280025.0,0.8
2020q2,19,QLYS,"QUALYS, INC.",82.0,Information Technology,,-3.201301969934378,54.99990011963848,-58.20120208957286,False,18.9,7.5,18.5,7.8,20.0,17.6,3875366522.0,0.93
2020q2,20,POWI,POWER INTEGRATIONS INC,81.9,Information Technology,,39.84427023245094,54.99990011963848,-15.155629887187544,False,20.0,11.0,18.0,6.5,17.8,16.8,3380161897.0,0.9
2020q3,1,VRTX,VERTEX PHARMACEUTICALS INC / MA,89.0,Health Care,,-33.341907009981576,41.84781781244609,-75.18972482242766,False,20.0,12.9,19.0,10.0,20.0,16.0,70567490176.0,0.9
2020q3,2,CORT,CORCEPT THERAPEUTICS INC,87.8,Health Care,,13.03848637368652,41.84781781244609,-28.809331438759568,False,20.0,13.8,16.0,10.0,20.0,16.8,2000876080.0,0.73
2020q3,3,INTC,INTEL CORP,86.8,Information Technology,,5.598432763555294,41.84781781244609,-36.249385048890794,False,18.5,17.4,14.5,8.0,18.2,18.9,219383679039.0,0.73
2020q3,4,PHM,PULTEGROUP INC/MI/,86.4,Real Estate,,0.35997275900674364,41.84781781244609,-41.487845053439344,False,20.0,18.0,18.5,6.5,13.8,18.2,9711512978.0,0.8
2020q3,5,TER,"TERADYNE, INC",85.5,Information Technology,,37.83539777133147,41.84781781244609,-4.012420041114616,False,20.0,13.2,17.5,8.5,18.2,16.6,12915362035.0,0.93
2020q3,6,TSCO,TRACTOR SUPPLY CO /DE/,85.5,Consumer Discretionary,,42.99627834413371,41.84781781244609,1.1484605316876184,True,16.0,17.6,20.0,8.0,14.5,17.9,3117053957.0,0.8
2020q3,7,V,VISA INC.,85.3,Industrials,,12.047580285593629,41.84781781244609,-29.80023752685246,False,17.6,,19.0,2.8,20.0,17.3,,0.6
2020q3,8,REGN,"REGENERON PHARMACEUTICALS, INC.",85.2,Health Care,,8.11031423085371,41.84781781244609,-33.73750358159238,False,19.6,12.7,17.5,6.0,20.0,18.0,63548917016.0,0.87
2020q3,9,BIIB,BIOGEN INC.,85.2,Health Care,,-0.24323267739041476,41.84781781244609,-42.091050489836505,False,18.1,17.2,14.5,4.8,19.1,20.0,41365890998.0,0.9
2020q3,10,USNA,USANA HEALTH SCIENCES INC,84.8,Health Care,,25.186687084921843,41.84781781244609,-16.661130727524245,False,20.0,18.0,14.5,5.6,16.2,18.9,1417890230.0,0.8
2020q3,11,DECK,DECKERS OUTDOOR CORP,84.6,Consumer Discretionary,,63.71983929479297,41.84781781244609,21.87202148234688,True,20.0,10.7,19.5,7.8,16.1,18.9,5520264075.0,0.77
2020q3,12,SSD,"SIMPSON MANUFACTURING CO., INC.",84.6,Industrials,,10.864793342982093,41.84781781244609,-30.983024469463995,False,20.0,8.7,19.5,7.5,18.4,18.9,4122022999.0,0.87
2020q3,13,VMD,"VIEMED HEALTHCARE, INC.",84.6,Health Care,,-35.763889233823164,41.84781781244609,-77.61170704626926,False,18.5,16.5,16.9,10.0,17.8,13.3,339979104.0,0.67
2020q3,14,INVA,"INNOVIVA, INC.",84.5,Health Care,,59.904300377664164,41.84781781244609,18.056482565218076,True,20.0,19.0,10.0,8.8,20.0,15.2,757648436.0,0.93
2020q3,15,KLAC,KLA CORP,83.6,Information Technology,,74.88922042445452,41.84781781244609,33.04140261200843,True,16.4,19.0,18.5,7.8,17.0,13.4,2620289291.0,0.83
2020q3,16,PDEX,PRO DEX INC,83.6,Health Care,,-10.244756175157821,41.84781781244609,-52.09257398760391,False,19.4,15.4,16.5,9.1,16.9,14.8,100727886.0,0.87
2020q3,17,MHO,"M/I HOMES, INC.",83.4,Real Estate,,25.515744179521562,41.84781781244609,-16.332073632924526,False,17.1,19.5,17.0,8.2,10.9,18.9,1308608514.0,0.77
2020q3,18,DHI,HORTON D R INC /DE/,83.3,Real Estate,,12.077592975216579,41.84781781244609,-29.77022483722951,False,20.0,15.0,19.5,7.5,13.8,15.8,24896700645.0,0.8
2020q3,19,META,FACEBOOK INC,83.3,Information Technology,,29.587646182959837,41.84781781244609,-12.260171629486251,False,20.0,8.4,18.5,8.0,20.0,16.8,683199953478.0,0.7
2020q3,20,MED,MEDIFAST INC,83.1,Consumer Staples,,19.97504066230249,41.84781781244609,-21.872777150143598,False,18.5,14.1,17.5,8.5,17.0,15.8,1805162633.0,0.9
2020q4,1,MNST,MONSTER BEVERAGE CORP,93.9,Consumer Staples,,3.849478189196942,18.89704278137996,-15.047564592183017,False,20.0,,19.5,5.6,19.4,20.0,,0.67
2020q4,2,KLAC,KLA CORP,90.6,Information Technology,,68.04716939143438,18.89704278137996,49.15012661005442,True,16.4,18.5,19.5,7.8,20.0,17.6,3501698672.0,0.83
2020q4,3,TSCO,TRACTOR SUPPLY CO /DE/,88.3,Consumer Discretionary,,71.56898180403566,18.89704278137996,52.6719390226557,True,16.9,18.8,19.0,10.0,14.5,17.9,3057035331.0,0.83
2020q4,4,LAKE,LAKELAND INDUSTRIES INC,88.0,Health Care,,-20.3669821787001,18.89704278137996,-39.26402496008006,False,20.0,20.0,18.0,10.0,16.6,12.3,208311111.0,0.8
2020q4,5,PHM,PULTEGROUP INC/MI/,87.7,Real Estate,,34.02929420175855,18.89704278137996,15.132251420378594,True,20.0,18.5,17.0,6.5,15.2,19.2,9046455411.0,0.8
2020q4,6,EBS,EMERGENT BIOSOLUTIONS INC.,86.9,Health Care,,-51.48437281139191,18.89704278137996,-70.38141559277187,False,19.1,17.0,17.5,9.5,18.2,14.2,4743529331.0,0.9
2020q4,7,DHI,HORTON D R INC /DE/,86.8,Real Estate,,58.73364405957033,18.89704278137996,39.83660127819037,True,20.0,16.7,18.5,9.2,15.2,15.8,22687830559.0,0.8
2020q4,8,GOOGL,ALPHABET INC.,86.2,Information Technology,,65.29579857825276,18.89704278137996,46.3987557968728,True,20.0,11.1,19.0,7.2,19.1,18.4,1091148031725.0,0.87
2020q4,9,SUPN,"SUPERNUS PHARMACEUTICALS, INC.",85.9,Health Care,,15.898251288786991,18.89704278137996,-2.998791492592968,False,18.2,17.8,12.5,9.2,20.0,16.8,1417958435.0,0.87
2020q4,10,V,VISA INC.,85.9,Industrials,,-0.31488867228917083,18.89704278137996,-19.21193145366913,False,19.2,,18.0,2.8,20.0,17.3,,0.6
2020q4,11,DECK,DECKERS OUTDOOR CORP,85.7,Consumer Discretionary,,27.73206250889393,18.89704278137996,8.83501972751397,True,20.0,10.1,19.5,7.8,17.9,18.9,7195588278.0,0.77
2020q4,12,RVTY,PERKINELMER INC,85.0,Health Care,,40.37054942695866,18.89704278137996,21.473506645578702,True,15.2,13.6,19.5,9.2,20.0,16.0,17378273141.0,0.9
2020q4,13,DGX,QUEST DIAGNOSTICS INC,85.0,Health Care,,47.85824279441939,18.89704278137996,28.96120001303943,True,16.3,18.1,16.0,7.8,18.6,16.8,13520376847.0,0.9
2020q4,14,REGN,"REGENERON PHARMACEUTICALS, INC.",84.8,Health Care,,30.719707297729837,18.89704278137996,11.822664516349878,True,20.0,14.8,14.5,6.0,20.0,18.0,54844965454.0,0.87
2020q4,15,NVR,NVR INC,84.7,Real Estate,,44.83021382126271,18.89704278137996,25.93317103988275,True,20.0,15.3,17.0,6.7,15.2,18.9,13505244637.0,0.67
2020q4,16,HZO,MARINEMAX INC,84.7,Consumer Discretionary,,68.54125884360765,18.89704278137996,49.64421606222769,True,19.1,17.3,18.0,9.2,12.1,17.4,800446430.0,0.97
2020q4,17,TER,"TERADYNE, INC",84.5,Information Technology,,36.80753897064734,18.89704278137996,17.910496189267384,True,20.0,8.8,19.5,8.5,18.5,17.6,19486820592.0,0.93
2020q4,18,EXP,EAGLE MATERIALS INC,84.1,Materials,,65.06791879767495,18.89704278137996,46.17087601629499,True,18.2,14.8,17.0,7.8,17.2,17.6,3432697212.0,0.73
2020q4,19,SSD,"SIMPSON MANUFACTURING CO., INC.",84.1,Industrials,,50.195970112110786,18.89704278137996,31.298927330730827,True,20.0,9.6,17.0,7.5,18.4,20.0,3964625589.0,0.9
2020q4,20,MED,MEDIFAST INC,84.0,Consumer Staples,,9.36313709338721,18.89704278137996,-9.53390568799275,False,20.0,13.6,18.5,8.5,17.0,14.8,2155218190.0,0.9
2021q1,1,MNST,MONSTER BEVERAGE CORP,92.4,Consumer Staples,,-12.28454853648625,-1.867828776799163,-10.416719759687087,False,20.0,,18.5,6.2,19.4,19.0,,0.67
2021q1,2,KLAC,KLA CORP,91.4,Information Technology,,12.072617696317689,-1.867828776799163,13.940446473116852,True,16.4,18.5,19.5,7.8,20.0,18.4,4468584605.0,0.83
2021q1,3,DGX,QUEST DIAGNOSTICS INC,90.4,Health Care,,8.590631839502594,-1.867828776799163,10.458460616301757,True,17.1,20.0,18.5,8.5,18.6,16.8,14560754734.0,0.9
2021q1,4,LH,LABORATORY CORP OF AMERICA HOLDING,89.5,Health Care,,3.3838991975762456,-1.867828776799163,5.251727974375409,True,17.6,20.0,19.5,8.1,15.6,17.6,18528629641.0,0.93
2021q1,5,GS,GOLDMAN SACHS GROUP INC,89.2,Financials,leverage_not_applicable,2.92134368279775,-1.867828776799163,4.789172459596913,True,,15.8,19.5,9.2,18.2,17.6,115642377826.0,0.73
2021q1,6,RGR,STURM RUGER & CO INC,88.4,Industrials,,10.44061902041662,-1.867828776799163,12.308447797215782,True,20.0,16.0,17.0,8.5,18.9,16.8,1161535586.0,0.9
2021q1,7,GOOGL,ALPHABET INC.,88.4,Information Technology,,34.852053190125254,-1.867828776799163,36.71988196692442,True,20.0,12.0,20.0,7.8,19.1,18.4,1284071189304.0,0.87
2021q1,8,VMD,"VIEMED HEALTHCARE, INC.",88.3,Health Care,,-50.79051308903879,-1.867828776799163,-48.922684312239625,False,20.0,16.5,16.9,10.0,17.7,16.0,398216245.0,0.83
2021q1,9,TSCO,TRACTOR SUPPLY CO /DE/,88.1,Consumer Discretionary,,33.38703541836181,-1.867828776799163,35.25486419516098,True,16.9,18.2,20.0,10.0,13.9,17.9,3850759973.0,0.83
2021q1,10,LPX,LOUISIANA-PACIFIC CORP,88.0,(none),,13.318098362929165,-1.867828776799163,15.185927139728328,True,20.0,15.3,19.5,7.8,17.4,16.8,3945743634.0,0.9
2021q1,11,PHM,PULTEGROUP INC/MI/,87.6,Real Estate,,-19.184051533909386,-1.867828776799163,-17.316222757110225,False,20.0,17.8,18.5,7.0,13.8,19.2,11001765331.0,0.8
2021q1,12,FOXA,FOX CORP,87.4,Communication Services,,10.595981345583327,-1.867828776799163,12.46381012238249,True,18.2,15.9,19.5,4.0,20.0,18.5,17087759201.0,0.63
2021q1,13,RVTY,PERKINELMER INC,87.3,Health Care,,36.23109790106742,-1.867828776799163,38.09892667786659,True,17.3,17.0,16.5,9.2,20.0,16.0,15536296478.0,0.9
2021q1,14,EBS,EMERGENT BIOSOLUTIONS INC.,86.5,Health Care,,-55.80669491455834,-1.867828776799163,-53.93886613775918,False,20.0,17.0,15.5,10.0,18.2,14.4,4918764900.0,0.9
2021q1,15,ANET,"ARISTA NETWORKS, INC.",86.5,Information Technology,,84.14652884678759,-1.867828776799163,86.01435762358675,True,20.0,17.5,19.5,5.5,18.2,14.5,6030292351.0,0.83
2021q1,16,LEN,LENNAR CORP /NEW/,86.2,Industrials,heavy_dilution,-18.896097721624294,-1.867828776799163,-17.02826894482513,False,20.0,17.2,19.5,6.2,16.6,15.2,27185691670.0,0.8
2021q1,17,SUPN,"SUPERNUS PHARMACEUTICALS, INC.",86.2,Health Care,,23.453014965911056,-1.867828776799163,25.320843742710217,True,20.0,16.8,16.0,8.8,20.0,13.3,1475443263.0,0.87
2021q1,18,INVA,"INNOVIVA, INC.",85.9,Health Care,heavy_dilution,61.924691969176294,-1.867828776799163,63.79252074597546,True,19.6,18.5,13.5,8.5,20.0,14.4,866401802.0,0.93
2021q1,19,CINF,CINCINNATI FINANCIAL CORP,85.4,Financials,leverage_not_applicable,34.726932762300365,-1.867828776799163,36.59476153909953,True,,17.5,19.5,9.2,17.0,13.6,16274242388.0,0.73
2021q1,20,MHO,"M/I HOMES, INC.",85.4,Real Estate,,-24.919589126039742,-1.867828776799163,-23.05176034924058,False,17.1,19.5,18.0,9.2,12.5,17.6,1678599474.0,0.8
2021q2,1,KLAC,KLA CORP,91.8,Information Technology,,-0.4162282282118679,-21.540523885107852,21.124295656895985,True,16.4,19.0,19.5,7.8,20.0,18.4,4384866340.0,0.83
2021q2,2,LH,LABORATORY CORP OF AMERICA HOLDING,91.3,Health Care,,-14.793157241854448,-21.540523885107852,6.747366643253404,True,19.6,20.0,19.5,8.1,15.6,17.6,20041261032.0,0.93
2021q2,3,LPX,LOUISIANA-PACIFIC CORP,90.8,(none),,-12.003583270319018,-21.540523885107852,9.536940614788834,True,20.0,18.2,18.5,8.5,17.9,16.8,4289377772.0,0.9
2021q2,4,ANET,"ARISTA NETWORKS, INC.",90.8,Information Technology,,3.491483531154449,-21.540523885107852,25.032007416262303,True,20.0,16.9,19.5,7.5,18.9,17.0,7237189377.0,0.83
2021q2,5,MNST,MONSTER BEVERAGE CORP,90.2,Consumer Staples,,1.4778308666349327,-21.540523885107852,23.018354751742784,True,20.0,,16.5,7.5,19.4,17.8,,0.67
2021q2,6,PHM,PULTEGROUP INC/MI/,89.8,Real Estate,,-26.479841957220085,-21.540523885107852,-4.939318072112233,False,20.0,19.0,19.5,8.0,13.8,18.4,11448633610.0,0.8
2021q2,7,DGX,QUEST DIAGNOSTICS INC,89.1,Health Care,,2.6243781062681437,-21.540523885107852,24.164901991375995,True,15.2,20.0,17.5,8.5,20.0,16.8,14972595254.0,0.9
2021q2,8,GOOGL,ALPHABET INC.,89.0,Information Technology,,-10.75154151166966,-21.540523885107852,10.788982373438191,True,20.0,11.1,20.0,9.2,20.0,17.6,1520194818477.0,0.87
2021q2,9,GS,GOLDMAN SACHS GROUP INC,88.4,Financials,leverage_not_applicable,-19.991782229629774,-21.540523885107852,1.5487416554780786,True,,15.1,19.5,9.2,18.2,17.6,134219423594.0,0.73
2021q2,10,QRVO,"QORVO, INC.",87.8,Information Technology,,-51.79146300166634,-21.540523885107852,-30.250939116558484,False,20.0,14.8,18.5,8.1,16.9,18.4,18778304414.0,0.9
2021q2,11,ATKR,ATKORE INC.,87.3,Industrials,,16.91548840936776,-21.540523885107852,38.45601229447561,True,16.8,17.8,18.0,8.5,18.9,16.0,2571376986.0,0.93
2021q2,12,SWBI,"SMITH & WESSON BRANDS, INC.",87.1,Industrials,,-61.6525133377297,-21.540523885107852,-40.11198945262185,False,20.0,17.5,17.8,9.2,17.9,13.4,1567570360.0,0.9
2021q2,13,TER,"TERADYNE, INC",86.9,Information Technology,,-32.91895880487121,-21.540523885107852,-11.378434919763357,False,20.0,11.8,18.5,8.8,18.9,17.6,21773747858.0,0.93
2021q2,14,MHO,"M/I HOMES, INC.",86.8,Real Estate,,-32.40156624309459,-21.540523885107852,-10.86104235798674,False,20.0,20.0,17.0,9.2,12.5,16.8,1667232582.0,0.8
2021q2,15,RGR,STURM RUGER & CO INC,86.7,Industrials,,-25.945995471057536,-21.540523885107852,-4.405471585949684,False,20.0,14.8,18.0,8.5,18.9,15.2,1581882494.0,0.9
2021q2,16,LEN,LENNAR CORP /NEW/,86.7,Industrials,heavy_dilution,-27.975018971030597,-21.540523885107852,-6.4344950859227446,False,20.0,17.2,19.5,6.8,16.6,15.2,26680811588.0,0.8
2021q2,17,ALLY,ALLY FINANCIAL INC.,86.4,Financials,leverage_not_applicable,-31.151447208501292,-21.540523885107852,-9.61092332339344,False,,14.8,19.5,8.5,17.0,18.0,16839681929.0,0.67
2021q2,18,GOLF,ACUSHNET HOLDINGS CORP.,86.3,Consumer Discretionary,,-14.356058162595254,-21.540523885107852,7.1844657225125985,True,20.0,15.1,19.0,8.5,16.4,16.0,3178867846.0,0.9
2021q2,19,REGN,"REGENERON PHARMACEUTICALS, INC.",86.2,Health Care,,5.834860687152221,-21.540523885107852,27.375384572260074,True,20.0,16.3,13.5,10.0,20.0,15.0,63408140441.0,0.87
2021q2,20,FLGT,"FULGENT GENETICS, INC.",86.0,Health Care,,-40.876074168333574,-21.540523885107852,-19.33555028322572,False,20.0,,16.8,10.0,17.9,12.8,,0.67
2021q3,1,ANET,"ARISTA NETWORKS, INC.",91.3,Information Technology,,31.404952365796014,-24.0882937668323,55.493246132628315,True,20.0,17.5,18.5,8.5,18.9,17.0,6864254037.0,0.83
2021q3,2,LPX,LOUISIANA-PACIFIC CORP,90.8,(none),,-15.52775358407299,-24.0882937668323,8.560540182759311,True,20.0,18.2,18.5,8.5,17.9,16.8,4366215049.0,0.9
2021q3,3,NUE,NUCOR CORP,90.3,Materials,,10.4948442092476,-24.0882937668323,34.5831379760799,True,20.0,19.0,18.5,8.5,18.2,15.2,23576640864.0,0.83
2021q3,4,KLAC,KLA CORP,89.9,Information Technology,,-8.431661651767463,-24.0882937668323,15.656632115064838,True,16.4,19.5,17.5,8.8,20.0,16.8,4524171320.0,0.83
2021q3,5,GOOGL,ALPHABET INC.,89.8,Information Technology,,-28.44639141184694,-24.0882937668323,-4.358097645014638,False,20.0,11.1,20.0,9.2,20.0,18.4,1664463807695.0,0.87
2021q3,6,ATKR,ATKORE INC.,89.6,Industrials,,-10.48092058948643,-24.0882937668323,13.60737317734587,True,18.1,17.8,18.5,9.2,18.9,16.0,3147944829.0,0.93
2021q3,7,INVA,"INNOVIVA, INC.",89.2,Health Care,,-30.520644567446176,-24.0882937668323,-6.432350800613875,False,18.4,18.0,19.0,7.5,20.0,15.2,1211512432.0,0.93
2021q3,8,REGN,"REGENERON PHARMACEUTICALS, INC.",88.5,Health Care,,13.828958480462505,-24.0882937668323,37.917252247294805,True,20.0,16.3,16.0,10.0,20.0,15.0,68702938871.0,0.87
2021q3,9,LH,LABORATORY CORP OF AMERICA HOLDING,88.4,Health Care,,-26.8124007499571,-24.0882937668323,-2.7241069831247984,False,19.6,18.8,18.5,8.1,15.6,16.6,20447389316.0,0.93
2021q3,10,DGX,QUEST DIAGNOSTICS INC,88.4,Health Care,,-13.9935454162607,-24.0882937668323,10.094748350571601,True,17.1,18.8,17.5,8.5,18.6,16.8,16486078349.0,0.9
2021q3,11,KLIC,KULICKE & SOFFA INDUSTRIES INC,88.2,Information Technology,,-32.96525524907297,-24.0882937668323,-8.876961482240667,False,20.0,19.0,17.5,9.2,16.1,15.2,3316402630.0,0.93
2021q3,12,MNST,MONSTER BEVERAGE CORP,88.1,Consumer Staples,,-2.1051477068958935,-24.0882937668323,21.98314605993641,True,20.0,,15.0,8.1,19.4,16.8,,0.67
2021q3,13,MATX,"MATSON, INC.",87.9,Industrials,,-22.725654639432726,-24.0882937668323,1.362639127399575,True,14.7,18.8,19.0,9.2,20.0,15.0,2765406326.0,0.87
2021q3,14,RGR,STURM RUGER & CO INC,87.0,Industrials,,-28.23151593528864,-24.0882937668323,-4.14322216845634,False,20.0,16.3,16.0,8.5,18.9,16.0,1297080286.0,0.9
2021q3,15,RVTY,PERKINELMER INC,86.3,Health Care,,-30.442003508752236,-24.0882937668323,-6.3537097419199355,False,14.9,16.2,18.5,9.2,20.0,16.0,20985929170.0,0.9
2021q3,16,ALLY,ALLY FINANCIAL INC.,85.9,Financials,leverage_not_applicable,-43.92807238676324,-24.0882937668323,-19.83977861993094,False,,15.3,18.5,8.5,17.0,18.0,17248510172.0,0.67
2021q3,17,QRVO,"QORVO, INC.",85.8,Information Technology,,-52.50313864314968,-24.0882937668323,-28.41484487631738,False,20.0,15.5,15.5,8.1,16.9,18.4,16046740909.0,0.9
2021q3,18,LEN,LENNAR CORP /NEW/,85.5,Industrials,,-19.118928744961995,-24.0882937668323,4.969365021870306,True,20.0,17.8,15.5,7.5,18.2,15.2,25158111649.0,0.8
2021q3,19,EVTC,"EVERTEC, INC.",85.5,Information Technology,,-31.095022691919606,-24.0882937668323,-7.006728925087305,False,17.1,13.0,18.0,7.5,20.0,18.4,2985437529.0,0.93
2021q3,20,MLI,MUELLER INDUSTRIES INC,85.2,Materials,,46.843702823084456,-24.0882937668323,70.93199658991676,True,19.6,20.0,16.0,8.5,14.7,15.0,1163750892.0,0.87
2021q4,1,KLAC,KLA CORP,90.8,Information Technology,,-11.198544351579098,-22.450172219170195,11.251627867591097,True,16.4,19.0,19.5,9.2,20.0,15.8,5817139655.0,0.83
2021q4,2,NUE,NUCOR CORP,90.3,Materials,,17.387794968493743,-22.450172219170195,39.837967187663935,True,20.0,19.0,18.5,8.5,18.2,15.2,27325349263.0,0.83
2021q4,3,REGN,"REGENERON PHARMACEUTICALS, INC.",89.8,Health Care,,14.246577077810363,-22.450172219170195,36.696749296980556,True,20.0,16.3,17.5,10.0,20.0,15.0,71693185206.0,0.87
2021q4,4,ATKR,ATKORE INC.,89.6,Industrials,,2.0055785021956707,-22.450172219170195,24.455750721365867,True,18.1,17.8,18.5,9.2,18.9,16.0,4026921314.0,0.93
2021q4,5,BCC,BOISE CASCADE CO,89.2,Industrials,,1.5287549988035387,-22.450172219170195,23.978927217973734,True,20.0,20.0,19.0,9.2,14.7,15.2,2798570691.0,0.93
2021q4,6,LPX,LOUISIANA-PACIFIC CORP,88.9,(none),,-23.37960428928779,-22.450172219170195,-0.9294320701175955,False,20.0,17.0,19.5,9.2,17.0,15.0,5574269975.0,0.9
2021q4,7,MLI,MUELLER INDUSTRIES INC,88.8,Materials,,1.0482649901175423,-22.450172219170195,23.498437209287736,True,20.0,18.8,19.0,8.5,16.5,15.0,1680784823.0,0.87
2021q4,8,STLD,STEEL DYNAMICS INC,88.6,Materials,,60.135222600023575,-22.450172219170195,82.58539481919377,True,19.6,19.0,18.5,9.2,16.9,14.2,9648152749.0,0.97
2021q4,9,KLIC,KULICKE & SOFFA INDUSTRIES INC,88.4,Information Technology,,-25.77894747759075,-22.450172219170195,-3.3287752584205563,False,20.0,19.0,16.5,10.0,17.3,14.4,3445007249.0,0.93
2021q4,10,LEN,LENNAR CORP /NEW/,88.4,Industrials,,-20.644543129404557,-22.450172219170195,1.8056290897656382,True,20.0,15.2,18.5,8.5,18.2,16.8,31195200579.0,0.8
2021q4,11,MATX,"MATSON, INC.",88.3,Industrials,,-29.526312526549436,-22.450172219170195,-7.076140307379241,False,15.1,18.8,19.0,9.2,20.0,15.0,3084742052.0,0.83
2021q4,12,GOOGL,ALPHABET INC.,88.1,Information Technology,,-39.089565489824,-22.450172219170195,-16.6393932706538,False,20.0,11.1,19.0,9.2,20.0,17.6,1803621660207.0,0.87
2021q4,13,DGX,QUEST DIAGNOSTICS INC,88.0,Health Care,,-7.7952142011577745,-22.450172219170195,14.65495801801242,True,16.3,17.3,19.5,7.5,18.6,17.6,19628768650.0,0.9
2021q4,14,ANET,"ARISTA NETWORKS, INC.",86.7,Information Technology,,-15.582609757133149,-22.450172219170195,6.867562462037046,True,20.0,12.9,19.5,7.0,18.9,17.0,11485699870.0,0.83
2021q4,15,UHAL,AMERCO /NV/,86.6,Industrials,,-16.966109260410967,-22.450172219170195,5.484062958759228,True,17.3,,19.5,8.1,20.0,13.0,,0.67
2021q4,16,MNST,MONSTER BEVERAGE CORP,86.3,Consumer Staples,,5.716365901118947,-22.450172219170195,28.166538120289143,True,20.0,,16.5,8.1,19.4,13.6,,0.67
2021q4,17,FNF,"FIDELITY NATIONAL FINANCIAL, INC.",86.1,Financials,leverage_not_applicable,-21.64095711054107,-22.450172219170195,0.8092151086291253,True,,18.8,18.5,10.0,14.2,16.0,13186192850.0,0.6
2021q4,18,WLK,WESTLAKE CHEMICAL CORP,85.9,Materials,,6.8089989593763,-22.450172219170195,29.259171178546495,True,18.4,17.1,17.5,8.5,17.8,15.2,12529358498.0,0.97
2021q4,19,BKE,BUCKLE INC,85.8,Consumer Discretionary,,10.910145353753343,-22.450172219170195,33.360317572923535,True,20.0,15.1,17.0,8.5,18.6,15.2,2122354838.0,0.9
2021q4,20,JEF,JEFFERIES FINANCIAL GROUP INC.,85.6,Financials,leverage_not_applicable,-8.457740951234339,-22.450172219170195,13.992431267935856,True,,17.5,18.5,8.5,16.8,15.8,8918375059.0,0.67
2022q1,1,NUE,NUCOR CORP,93.6,Materials,,5.64877872529197,-12.082903365889985,17.731682091181955,True,20.0,18.2,19.5,9.2,20.0,16.0,35583994279.0,0.83
2022q1,2,REGN,"REGENERON PHARMACEUTICALS, INC.",90.7,Health Care,,17.64697122972001,-12.082903365889985,29.729874595609992,True,20.0,16.3,18.5,10.0,20.0,15.0,79287990305.0,0.87
2022q1,3,STLD,STEEL DYNAMICS INC,90.2,Materials,,37.84049046538569,-12.082903365889985,49.923393831275675,True,19.6,19.0,19.5,9.2,17.8,14.2,12968348490.0,0.97
2022q1,4,MLI,MUELLER INDUSTRIES INC,89.7,Materials,,37.89221278575119,-12.082903365889985,49.975116151641174,True,20.0,20.0,18.0,9.2,16.5,15.0,1533829344.0,0.87
2022q1,5,KLIC,KULICKE & SOFFA INDUSTRIES INC,88.9,Information Technology,,-4.4396682199135835,-12.082903365889985,7.643235145976401,True,20.0,19.0,15.5,10.0,18.1,15.2,3187798228.0,0.93
2022q1,6,KLAC,KLA CORP,88.8,Information Technology,,10.524461483840653,-12.082903365889985,22.607364849730637,True,16.4,19.5,15.0,10.0,20.0,16.8,4950877694.0,0.83
2022q1,7,MATX,"MATSON, INC.",88.5,Industrials,,-49.729525477245474,-12.082903365889985,-37.64662211135549,False,16.3,17.8,19.0,9.2,20.0,15.0,4132862377.0,0.83
2022q1,8,WLK,WESTLAKE CORP,88.4,Materials,,-4.885960914018117,-12.082903365889985,7.196942451871868,True,18.4,17.1,19.5,9.2,17.8,15.2,15918077850.0,0.97
2022q1,9,BCC,BOISE CASCADE CO,87.9,Industrials,,-4.104142586211945,-12.082903365889985,7.97876077967804,True,20.0,20.0,17.0,9.1,15.4,15.2,2730571877.0,0.9
2022q1,10,GOOGL,ALPHABET INC.,87.7,Information Technology,,-25.410324575727838,-12.082903365889985,-13.327421209837853,False,20.0,11.9,17.0,9.2,20.0,18.4,1731596079938.0,0.87
2022q1,11,ATKR,ATKORE INC.,87.0,Industrials,,42.7062158962064,-12.082903365889985,54.789119262096385,True,18.1,18.2,15.5,9.2,19.4,15.2,3565159954.0,0.93
2022q1,12,PFE,PFIZER INC,86.5,Health Care,,-18.50305548996458,-12.082903365889985,-6.420152124074596,False,15.3,17.3,18.5,9.2,18.8,16.0,295393532024.0,0.83
2022q1,13,ANET,"ARISTA NETWORKS, INC.",86.2,Information Technology,,20.779972492897336,-12.082903365889985,32.86287585878732,True,20.0,12.9,19.5,6.5,18.9,17.0,11104574044.0,0.83
2022q1,14,LPX,LOUISIANA-PACIFIC CORP,85.9,(none),,-11.434837724926739,-12.082903365889985,0.6480656409632459,True,20.0,18.2,14.0,9.2,17.0,16.0,4419574367.0,0.9
2022q1,15,SCCO,SOUTHERN COPPER CORP/,85.8,Materials,,6.799477216268146,-12.082903365889985,18.88238058215813,True,18.1,10.7,18.5,9.1,20.0,18.0,55411782775.0,0.83
2022q1,16,CF,"CF INDUSTRIES HOLDINGS, INC.",85.2,Materials,,-28.492622688085344,-12.082903365889985,-16.409719322195357,False,15.8,13.9,19.5,9.2,19.2,16.0,22673199463.0,0.97
2022q1,17,AOSL,ALPHA & OMEGA SEMICONDUCTOR LTD,85.2,Information Technology,,-50.68618479328391,-12.082903365889985,-38.603281427393924,False,20.0,18.8,17.2,9.2,14.7,13.8,1614420819.0,0.83
2022q1,18,RS,RELIANCE STEEL & ALUMINUM CO,84.9,Industrials,,42.48230419017827,-12.082903365889985,54.56520755606825,True,19.6,18.2,18.5,8.5,15.4,13.2,10196614473.0,0.93
2022q1,19,ACLS,AXCELIS TECHNOLOGIES INC,84.9,Industrials,,76.41996842786187,-12.082903365889985,88.50287179375186,True,20.0,11.7,19.0,9.2,17.4,16.0,2470490764.0,0.93
2022q1,20,KIM,KIMCO REALTY CORP,84.3,Real Estate,,-17.610340913695445,-12.082903365889985,-5.5274375478054605,False,15.8,,18.5,8.1,17.5,16.0,,0.6
2022q2,1,NUE,NUCOR CORP,88.4,Materials,,59.43915199854042,5.304790143276583,54.13436185526383,True,20.0,19.0,13.0,9.2,20.0,16.0,24993778173.0,0.83
2022q2,2,MATX,"MATSON, INC.",88.3,Industrials,,8.532378703182397,5.304790143276583,3.227588559905814,True,18.9,18.8,13.5,10.0,20.0,16.0,2497123129.0,0.83
2022q2,3,STLD,STEEL DYNAMICS INC,88.1,Materials,,67.31662280558925,5.304790143276583,62.01183266231266,True,19.6,19.0,15.0,9.2,18.9,15.2,10282347708.0,0.97
2022q2,4,MLI,MUELLER INDUSTRIES INC,87.9,Materials,,66.40584618072889,5.304790143276583,61.1010560374523,True,20.0,18.8,16.0,9.2,17.6,15.0,1508912127.0,0.87
2022q2,5,CF,"CF INDUSTRIES HOLDINGS, INC.",86.6,Materials,,-17.521025947608106,5.304790143276583,-22.82581609088469,False,16.7,14.8,18.5,10.0,19.2,16.0,18860600739.0,0.97
2022q2,6,MRK,"MERCK & CO., INC.",85.1,Health Care,,30.18836377375578,5.304790143276583,24.883573630479194,True,15.3,14.4,19.0,8.0,18.8,18.0,231510289505.0,0.77
2022q2,7,KLAC,KLA CORP,85.0,Information Technology,,54.07370661476678,5.304790143276583,48.76891647149019,True,14.5,20.0,10.5,10.0,20.0,18.4,4315484196.0,0.83
2022q2,8,ATKR,ATKORE INC.,85.0,Industrials,,87.85692129396342,5.304790143276583,82.55213115068685,True,18.1,18.2,12.5,10.0,19.4,15.2,3006338156.0,0.93
2022q2,9,RS,RELIANCE STEEL & ALUMINUM CO,84.3,Industrials,,62.622158999582076,5.304790143276583,57.31736885630549,True,19.6,19.0,15.0,8.5,16.5,14.2,9446396962.0,0.93
2022q2,10,PLAB,PHOTRONICS INC,84.1,Information Technology,,32.39220493619488,5.304790143276583,27.087414792918295,True,20.0,17.1,15.0,8.5,14.6,17.4,1201808374.0,0.93
2022q2,11,REGN,"REGENERON PHARMACEUTICALS, INC.",83.4,Health Care,,21.55365294236693,5.304790143276583,16.248862799090347,True,20.0,14.8,14.0,8.0,20.0,15.0,67107916788.0,0.87
2022q2,12,WLK,WESTLAKE CORP,83.2,Materials,,23.439511188541374,5.304790143276583,18.13472104526479,True,18.4,17.1,13.0,9.2,17.8,16.0,12644164652.0,0.97
2022q2,13,LPG,DORIAN LPG LTD.,83.2,Industrials,,107.18423552531485,5.304790143276583,101.87944538203827,True,17.3,14.1,18.0,3.8,20.0,18.4,631098415.0,0.87
2022q2,14,VRTX,VERTEX PHARMACEUTICALS INC / MA,83.1,Health Care,,24.883776213097786,5.304790143276583,19.5789860698212,True,20.0,12.4,18.5,8.0,20.0,12.6,73075165429.0,0.87
2022q2,15,GNE,GENIE ENERGY LTD.,83.0,Utilities,,58.41603421492998,5.304790143276583,53.111244071653395,True,20.0,19.1,17.5,3.0,16.7,15.0,245321045.0,0.83
2022q2,16,PFE,PFIZER INC,82.6,Health Care,,-27.463644960119026,5.304790143276583,-32.76843510339561,False,15.3,16.6,16.5,9.2,18.8,14.4,299159413506.0,0.83
2022q2,17,KLIC,KULICKE & SOFFA INDUSTRIES INC,82.5,Information Technology,,41.0314522853739,5.304790143276583,35.72666214209732,True,20.0,19.0,9.5,9.0,18.1,15.2,2436087922.0,0.93
2022q2,18,ACLS,AXCELIS TECHNOLOGIES INC,82.5,Industrials,,234.2997835903605,5.304790143276583,228.9949934470839,True,20.0,13.9,13.5,10.0,18.2,15.2,1793747068.0,0.93
2022q2,19,GNK,GENCO SHIPPING & TRADING LTD,82.5,Industrials,,-18.444042654797265,5.304790143276583,-23.74883279807385,False,19.6,17.0,14.5,9.1,18.2,12.4,842073784.0,0.9
2022q2,20,IMKTA,INGLES MARKETS INC,82.3,Consumer Staples,,-4.015686912706585,5.304790143276583,-9.320477055983169,False,18.9,,17.0,6.9,12.6,18.8,,0.73
2022q3,1,NUE,NUCOR CORP,87.5,Materials,,48.14602699223551,7.216904756534581,40.92912223570093,True,20.0,18.2,12.0,9.2,20.0,16.8,25611379941.0,0.83
2022q3,2,MLI,MUELLER INDUSTRIES INC,87.4,Materials,,28.45964693232044,7.216904756534581,21.242742175785857,True,20.0,18.8,17.0,7.8,17.6,15.0,1683049976.0,0.87
2022q3,3,STLD,STEEL DYNAMICS INC,87.3,Materials,,53.4421898549027,7.216904756534581,46.22528509836812,True,19.6,19.0,14.5,10.0,16.9,16.0,11028458377.0,0.97
2022q3,4,RS,RELIANCE STEEL & ALUMINUM CO,87.1,Industrials,,52.77792903032563,7.216904756534581,45.56102427379105,True,19.6,19.0,15.5,9.2,16.5,16.0,9699435552.0,0.93
2022q3,5,CF,"CF INDUSTRIES HOLDINGS, INC.",86.4,Materials,,-9.16485189752514,7.216904756534581,-16.38175665405972,False,16.7,14.8,17.5,10.0,19.2,16.8,21175000000.0,0.97
2022q3,6,PFG,PRINCIPAL FINANCIAL GROUP INC,85.8,Financials,leverage_not_applicable,3.3363073169536017,7.216904756534581,-3.8805974395809795,False,,17.8,16.5,7.8,18.2,17.0,17145180363.0,0.67
2022q3,7,KLAC,KLA CORP,85.7,Information Technology,,53.50073107930709,7.216904756534581,46.283826322772505,True,14.5,20.0,10.5,10.0,20.0,19.2,4093001644.0,0.83
2022q3,8,ANET,"ARISTA NETWORKS, INC.",84.8,Information Technology,,62.928508876089964,7.216904756534581,55.71160411955538,True,20.0,17.2,14.5,9.1,18.9,13.6,9019969748.0,0.8
2022q3,9,RELL,"RICHARDSON ELECTRONICS, LTD.",84.6,Industrials,,-26.628566231791496,7.216904756534581,-33.84547098832608,False,20.0,,18.5,8.1,12.5,17.0,,0.63
2022q3,10,ACLS,AXCELIS TECHNOLOGIES INC,84.5,Industrials,,169.23711914522562,7.216904756534581,162.02021438869104,True,20.0,13.1,14.5,10.0,19.4,16.0,1980841076.0,0.93
2022q3,11,BSM,"BLACK STONE MINERALS, L.P.",84.5,Energy,,22.71835340159498,7.216904756534581,15.5014486450604,True,20.0,,18.0,5.6,19.1,13.3,,0.6
2022q3,12,VRTX,VERTEX PHARMACEUTICALS INC / MA,84.3,Health Care,,20.10084270631063,7.216904756534581,12.883937949776048,True,20.0,12.4,19.0,8.0,20.0,13.4,75084933394.0,0.87
2022q3,13,BCC,BOISE CASCADE CO,84.1,Industrials,,84.25053223807943,7.216904756534581,77.03362748154485,True,20.0,19.0,14.5,6.6,16.5,16.0,2337121037.0,0.9
2022q3,14,LPG,DORIAN LPG LTD.,83.2,Industrials,,153.28469100851785,7.216904756534581,146.06778625198328,True,17.3,14.6,17.0,4.2,20.0,18.4,563421408.0,0.9
2022q3,15,ATKR,ATKORE INC.,83.0,Industrials,,91.73629630174183,7.216904756534581,84.51939154520726,True,18.1,18.2,9.5,10.0,19.4,16.0,2818011789.0,0.93
2022q3,16,PSA,PUBLIC STORAGE,82.9,Real Estate,,-6.474460637540713,7.216904756534581,-13.691365394075294,False,20.0,10.2,13.5,8.5,20.0,19.0,57260567442.0,0.73
2022q3,17,MATX,"MATSON, INC.",82.7,Industrials,,46.70570172635073,7.216904756534581,39.48879696981615,True,17.7,18.8,7.5,10.0,20.0,17.0,2107889981.0,0.83
2022q3,18,PLAB,PHOTRONICS INC,82.7,Information Technology,,38.23528893755397,7.216904756534581,31.018384181019385,True,20.0,19.0,10.5,8.5,14.6,18.4,901973239.0,0.93
2022q3,19,ON,ON SEMICONDUCTOR CORP,82.7,Information Technology,,49.12561241403925,7.216904756534581,41.90870765750467,True,19.6,13.9,16.5,8.5,16.6,16.0,27087579962.0,0.97
2022q3,20,CALM,CAL-MAINE FOODS INC,82.6,Consumer Staples,,-4.010483361654171,7.216904756534581,-11.227388118188752,False,20.0,16.3,17.5,9.1,13.6,14.4,2713775901.0,0.9
2022q4,1,STLD,STEEL DYNAMICS INC,90.1,Materials,,22.751083929917783,7.368055396179695,15.383028533738088,True,19.6,18.2,19.5,8.5,16.5,16.8,15186474928.0,0.97
2022q4,2,RS,RELIANCE STEEL & ALUMINUM CO,88.5,Industrials,,40.291396289070214,7.368055396179695,32.92334089289052,True,20.0,16.6,18.5,9.2,16.5,16.6,11258263377.0,0.93
2022q4,3,CALM,CAL-MAINE FOODS INC,88.3,Consumer Staples,,14.48086791459624,7.368055396179695,7.112812518416545,True,20.0,18.2,18.5,10.0,17.0,13.4,2658123754.0,0.9
2022q4,4,NUE,NUCOR CORP,88.1,Materials,,33.752769706963036,7.368055396179695,26.38471431078334,True,20.0,18.2,16.5,7.2,18.2,16.8,31552817972.0,0.83
2022q4,5,LPG,DORIAN LPG LTD.,87.4,Industrials,,171.41558179927364,7.368055396179695,164.04752640309394,True,17.3,15.0,19.0,7.2,20.0,17.6,786797079.0,0.9
2022q4,6,KLAC,KLA CORP,86.8,Information Technology,,56.04944895603767,7.368055396179695,48.68139355985798,True,14.5,19.5,13.5,9.5,20.0,18.4,5099244453.0,0.83
2022q4,7,VRTX,VERTEX PHARMACEUTICALS INC / MA,86.6,Health Care,,40.89965245806633,7.368055396179695,33.53159706188663,True,20.0,11.9,17.0,8.0,20.0,18.4,74887843939.0,0.87
2022q4,8,ATKR,ATKORE INC.,86.6,Industrials,,41.068578173861916,7.368055396179695,33.700522777682224,True,18.1,17.8,16.0,8.0,19.4,16.0,4107684127.0,0.93
2022q4,9,ACLS,AXCELIS TECHNOLOGIES INC,86.5,Industrials,,63.41986069048713,7.368055396179695,56.05180529430743,True,20.0,13.1,16.0,9.0,19.4,17.6,2595765282.0,0.93
2022q4,10,LEN,LENNAR CORP /NEW/,86.2,Industrials,,66.92123485120408,7.368055396179695,59.55317945502438,True,20.0,17.8,13.5,8.5,16.6,18.4,24304112249.0,0.8
2022q4,11,BSM,"BLACK STONE MINERALS, L.P.",86.2,Energy,,5.851275713460535,7.368055396179695,-1.51677968271916,False,20.0,,17.0,8.1,19.1,13.3,,0.6
2022q4,12,CF,"CF INDUSTRIES HOLDINGS, INC.",86.1,Materials,,-4.745170639036167,7.368055396179695,-12.113226035215863,False,18.4,15.6,15.5,10.0,19.2,16.0,18743999329.0,0.97
2022q4,13,VSH,VISHAY INTERTECHNOLOGY INC,84.9,Information Technology,,12.96291662353941,7.368055396179695,5.594861227359715,True,20.0,18.8,16.5,6.5,14.6,17.0,3004020616.0,0.9
2022q4,14,BCC,BOISE CASCADE CO,84.7,Industrials,,106.64612126494339,7.368055396179695,99.27806586876369,True,20.0,18.5,15.5,6.8,16.5,16.0,2699127141.0,0.93
2022q4,15,WHD,"CACTUS, INC.",84.7,Industrials,,-8.691963752620236,7.368055396179695,-16.06001914879993,False,20.0,,16.0,7.2,20.0,13.0,,0.63
2022q4,16,RELL,"RICHARDSON ELECTRONICS, LTD.",84.4,Industrials,,-36.372930163507334,7.368055396179695,-43.74098555968703,False,20.0,,16.5,9.1,13.4,17.0,,0.63
2022q4,17,CRUS,"CIRRUS LOGIC, INC.",84.3,Information Technology,,11.69441285163666,7.368055396179695,4.326357455456964,True,20.0,17.1,12.5,9.2,16.5,17.4,4124279976.0,0.9
2022q4,18,AMR,"ALPHA METALLURGICAL RESOURCES, INC",84.3,Energy,,133.86677630972832,7.368055396179695,126.49872091354862,True,20.0,18.1,18.5,9.1,14.3,12.8,1924748019.0,0.77
2022q4,19,MLI,MUELLER INDUSTRIES INC,84.2,Materials,,62.380674891287555,7.368055396179695,55.012619495107856,True,20.0,18.8,14.5,6.8,17.6,15.0,1670591367.0,0.87
2022q4,20,HDSN,HUDSON TECHNOLOGIES INC /NY,83.9,Industrials,,33.30039450265176,7.368055396179695,25.932339106472067,True,18.9,16.8,17.0,10.0,17.9,11.8,475124477.0,0.93
2023q1,1,LEN,LENNAR CORP /NEW/,91.0,Industrials,,65.74660703748563,9.002732112571742,56.74387492491389,True,20.0,17.2,18.5,8.5,16.6,19.2,28227680024.0,0.8
2023q1,2,CALM,CAL-MAINE FOODS INC,90.6,Consumer Staples,,2.6110658319376423,9.002732112571742,-6.3916662806341,False,20.0,18.2,18.0,10.0,17.4,16.0,2972509669.0,0.9
2023q1,3,LPG,DORIAN LPG LTD.,90.2,Industrials,,122.27192875767648,9.002732112571742,113.26919664510473,True,18.7,16.2,19.0,7.8,20.0,17.6,827901506.0,0.9
2023q1,4,PHM,PULTEGROUP INC/MI/,90.1,Real Estate,,108.60971934000827,9.002732112571742,99.60698722743652,True,20.0,18.5,19.5,7.8,16.8,16.6,12226981061.0,0.8
2023q1,5,KLAC,KLA CORP,89.5,Information Technology,,76.95113918475509,9.002732112571742,67.94840707218336,True,14.5,19.5,17.0,8.2,20.0,19.2,5398682987.0,0.83
2023q1,6,ATKR,ATKORE INC.,88.0,Industrials,,35.79340459574944,9.002732112571742,26.7906724831777,True,18.1,16.5,18.5,7.5,19.4,16.8,5087704619.0,0.93
2023q1,7,DHI,HORTON D R INC /DE/,87.8,Real Estate,,69.91799592605659,9.002732112571742,60.91526381348485,True,20.0,17.3,18.5,7.2,16.8,16.8,32158651794.0,0.8
2023q1,8,GRBK,"GREEN BRICK PARTNERS, INC.",87.5,Real Estate,,71.79120702522282,9.002732112571742,62.788474912651075,True,20.0,18.5,18.0,8.0,14.9,16.8,1585036132.0,0.83
2023q1,9,NVR,NVR INC,87.1,Real Estate,,45.3640318458584,9.002732112571742,36.36129973328666,True,20.0,15.6,19.0,7.0,16.8,17.4,18445188399.0,0.8
2023q1,10,MHO,"M/I HOMES, INC.",87.0,Real Estate,,116.02471541687311,9.002732112571742,107.02198330430136,True,20.0,19.5,17.0,7.8,13.8,17.6,1792836324.0,0.8
2023q1,11,SMCI,"SUPER MICRO COMPUTER, INC.",86.5,Information Technology,,847.9399425933694,9.002732112571742,838.9372104807977,True,20.0,19.0,18.5,10.0,12.5,15.2,6782912024.0,0.97
2023q1,12,RELL,"RICHARDSON ELECTRONICS, LTD.",86.3,Industrials,,-57.88933470016298,9.002732112571742,-66.89206681273473,False,20.0,,17.5,9.1,14.2,17.0,,0.63
2023q1,13,SSD,"SIMPSON MANUFACTURING CO., INC.",86.1,Industrials,,88.58810185940973,9.002732112571742,79.58536974683798,True,20.0,13.9,15.5,8.8,19.2,17.4,4651488083.0,0.87
2023q1,14,KBH,KB HOME,86.0,Real Estate,,78.95288675133062,9.002732112571742,69.95015463875887,True,20.0,19.0,17.5,7.5,13.8,16.8,3130753080.0,0.8
2023q1,15,MLI,MUELLER INDUSTRIES INC,85.9,Materials,,49.075238859104786,9.002732112571742,40.072506746533044,True,20.0,18.1,18.0,5.8,17.6,15.0,2080594225.0,0.87
2023q1,16,RS,RELIANCE STEEL & ALUMINUM CO,85.6,Industrials,,32.1178351512909,9.002732112571742,23.115103038719155,True,19.6,16.1,20.0,6.2,16.5,15.8,14278039886.0,0.93
2023q1,17,VSH,VISHAY INTERTECHNOLOGY INC,85.2,Information Technology,,1.8811037432708622,9.002732112571742,-7.12162836930088,False,20.0,18.1,18.0,6.0,14.6,17.0,3150252657.0,0.9
2023q1,18,VRTX,VERTEX PHARMACEUTICALS INC / MA,85.2,Health Care,,32.67210462704473,9.002732112571742,23.66937251447299,True,20.0,11.1,18.0,7.2,20.0,17.4,81705497742.0,0.87
2023q1,19,BSM,"BLACK STONE MINERALS, L.P.",85.1,Energy,,14.149065055816369,9.002732112571742,5.1463329432446265,True,20.0,,16.0,8.1,19.1,13.3,,0.6
2023q1,20,STLD,STEEL DYNAMICS INC,85.0,Materials,,33.04681923430586,9.002732112571742,24.044087121734115,True,19.6,16.1,17.5,7.5,16.1,16.8,17574031442.0,0.97
2023q2,1,KLAC,KLA CORP,91.4,Information Technology,,71.65530873033808,0.14771386868552838,71.50759486165255,True,16.4,19.0,19.5,7.2,20.0,18.4,6559784491.0,0.83
2023q2,2,PHM,PULTEGROUP INC/MI/,90.6,Real Estate,,42.801299572795635,0.14771386868552838,42.65358570411011,True,20.0,18.0,19.5,7.8,16.8,17.6,16297047228.0,0.8
2023q2,3,LPG,DORIAN LPG LTD.,89.6,Industrials,,84.2961621365351,0.14771386868552838,84.14844826784957,True,18.7,15.5,19.0,7.8,20.0,17.6,1064978573.0,0.9
2023q2,4,IBKR,"INTERACTIVE BROKERS GROUP, INC.",87.8,Financials,leverage_not_applicable,48.36996856051658,0.14771386868552838,48.222254691831054,True,,15.3,18.5,9.2,20.0,16.0,10277249962.0,0.67
2023q2,5,ANET,"ARISTA NETWORKS, INC.",87.5,Information Technology,,116.26559068631974,0.14771386868552838,116.11787681763421,True,20.0,17.2,19.5,8.0,18.9,12.6,12948678211.0,0.83
2023q2,6,PLAB,PHOTRONICS INC,87.4,Information Technology,,-4.342771614866758,0.14771386868552838,-4.490485483552287,False,20.0,16.6,17.0,7.5,15.9,19.2,1591100605.0,0.93
2023q2,7,MHO,"M/I HOMES, INC.",87.3,Real Estate,,40.08486749582261,0.14771386868552838,39.93715362713708,True,20.0,17.5,19.0,7.2,13.8,18.4,2477689064.0,0.8
2023q2,8,LEN,LENNAR CORP /NEW/,87.3,Industrials,,21.148990250225918,0.14771386868552838,21.00127638154039,True,20.0,15.6,19.5,7.0,16.6,17.4,33652465101.0,0.8
2023q2,9,MLI,MUELLER INDUSTRIES INC,87.2,Materials,,32.44658822935749,0.14771386868552838,32.29887436067196,True,20.0,17.5,19.0,5.8,17.6,16.0,2471342584.0,0.87
2023q2,10,KEYS,"KEYSIGHT TECHNOLOGIES, INC.",87.2,Information Technology,,-18.3338295059697,0.14771386868552838,-18.481543374655228,False,20.0,11.0,16.0,10.0,20.0,18.9,29322606448.0,0.73
2023q2,11,KBH,KB HOME,87.0,Real Estate,,37.70049280710619,0.14771386868552838,37.55277893842066,True,20.0,18.0,19.5,7.0,13.8,17.4,4029149767.0,0.8
2023q2,12,MNST,MONSTER BEVERAGE CORP,87.0,Consumer Staples,,-13.039690186007002,0.14771386868552838,-13.18740405469253,False,20.0,,18.0,7.2,19.4,13.8,,0.67
2023q2,13,ALSN,ALLISON TRANSMISSION HOLDINGS INC,86.6,Consumer Discretionary,,36.46220923916661,0.14771386868552838,36.31449537048108,True,16.4,13.8,20.0,8.0,18.9,18.2,4969762277.0,0.9
2023q2,14,VSH,VISHAY INTERTECHNOLOGY INC,86.5,Information Technology,,-22.873274871284533,0.14771386868552838,-23.02098873997006,False,20.0,17.5,19.0,6.0,14.6,18.0,4094492638.0,0.9
2023q2,15,BSM,"BLACK STONE MINERALS, L.P.",86.1,Energy,,9.28793406964903,0.14771386868552838,9.140220200963501,True,20.0,,16.0,9.1,19.1,13.3,,0.6
2023q2,16,ATKR,ATKORE INC.,86.1,Industrials,,-13.107066432867065,0.14771386868552838,-13.254780301552593,False,19.5,14.1,18.5,6.5,19.4,16.8,5647613147.0,0.93
2023q2,17,SSD,"SIMPSON MANUFACTURING CO., INC.",85.9,Industrials,,22.488757867184937,0.14771386868552838,22.34104399849941,True,20.0,12.6,18.0,7.2,19.2,17.4,5875876533.0,0.87
2023q2,18,ETD,ETHAN ALLEN INTERIORS INC,85.5,Consumer Discretionary,,5.219040376206019,0.14771386868552838,5.0713265075204905,True,20.0,15.8,18.0,5.0,17.6,17.6,726204512.0,0.93
2023q2,19,AMAT,APPLIED MATERIALS INC /DE,85.4,Information Technology,,64.55275436681896,0.14771386868552838,64.40504049813343,True,18.4,12.8,19.5,6.8,18.1,18.4,119963640127.0,0.97
2023q2,20,GRBK,"GREEN BRICK PARTNERS, INC.",85.3,Real Estate,,0.7746521959795416,0.14771386868552838,0.6269383272940132,True,20.0,16.3,18.0,7.0,14.9,17.6,2567884985.0,0.83
2023q3,1,PHM,PULTEGROUP INC/MI/,89.3,Real Estate,,95.16732469349802,13.781872302190866,81.38545239130715,True,20.0,18.0,18.5,6.8,16.8,18.2,15535483937.0,0.8
2023q3,2,LPG,DORIAN LPG LTD.,88.4,Industrials,,33.79286822417593,13.781872302190866,20.010995921985067,True,18.7,14.4,19.0,9.2,20.0,16.0,1192859039.0,0.83
2023q3,3,ANET,"ARISTA NETWORKS, INC.",87.9,Information Technology,,108.67722644929883,13.781872302190866,94.89535414710797,True,20.0,16.2,18.5,8.5,18.9,14.5,14696102212.0,0.83
2023q3,4,WHD,"CACTUS, INC.",87.9,Industrials,,20.03925878143984,13.781872302190866,6.257386479248975,True,20.0,,16.0,10.0,17.4,15.7,,0.63
2023q3,5,KLAC,KLA CORP,87.3,Information Technology,,70.33919625245079,13.781872302190866,56.55732395025993,True,16.4,17.5,17.5,6.2,20.0,18.4,6203271817.0,0.83
2023q3,6,PLAB,PHOTRONICS INC,87.3,Information Technology,,22.513613807656952,13.781872302190866,8.731741505466086,True,20.0,18.5,16.0,6.5,15.9,19.2,1246845313.0,0.93
2023q3,7,TAYD,TAYLOR DEVICES INC,87.1,Industrials,,134.3661969813028,13.781872302190866,120.58432467911194,True,19.1,,14.5,8.1,18.6,18.0,,0.67
2023q3,8,MNST,MONSTER BEVERAGE CORP,87.0,Consumer Staples,,-1.473092696421785,13.781872302190866,-15.254964998612651,False,20.0,,17.0,7.2,19.4,14.7,,0.67
2023q3,9,IBKR,"INTERACTIVE BROKERS GROUP, INC.",86.7,Financials,leverage_not_applicable,61.992298777725054,13.781872302190866,48.21042647553419,True,,15.3,17.5,9.2,20.0,16.0,10709025339.0,0.67
2023q3,10,ALSN,ALLISON TRANSMISSION HOLDINGS INC,86.6,Consumer Discretionary,,64.95562171247227,13.781872302190866,51.1737494102814,True,16.4,13.8,20.0,7.0,18.9,19.2,5198621532.0,0.9
2023q3,11,MTG,MGIC INVESTMENT CORP,85.7,Financials,leverage_not_applicable,57.04599391970844,13.781872302190866,43.264121617517574,True,,14.1,19.0,4.0,20.0,20.0,4380550744.0,0.7
2023q3,12,NOW,"SERVICENOW, INC.",85.4,Information Technology,,60.00966641122063,13.781872302190866,46.22779410902976,True,15.5,16.3,19.0,9.0,16.8,17.4,23245638057.0,0.93
2023q3,13,CALM,CAL-MAINE FOODS INC,85.1,Consumer Staples,,59.37001067690719,13.781872302190866,45.58813837471632,True,20.0,18.2,12.0,10.0,18.2,15.2,2363752901.0,0.93
2023q3,14,TEX,TEREX CORP,85.1,Industrials,,-7.013681902914204,13.781872302190866,-20.79555420510507,False,16.3,15.7,18.5,9.1,15.1,19.0,3905323214.0,0.83
2023q3,15,V,VISA INC.,84.7,Industrials,,20.47936843989906,13.781872302190866,6.6974961377081925,True,16.0,,17.0,6.2,20.0,17.0,,0.6
2023q3,16,VSH,VISHAY INTERTECHNOLOGY INC,84.6,Information Technology,,-22.07523156054435,13.781872302190866,-35.857103862735215,False,20.0,17.5,17.0,5.0,14.6,19.0,3442716208.0,0.9
2023q3,17,MLI,MUELLER INDUSTRIES INC,84.4,Materials,,99.98106051857225,13.781872302190866,86.19918821638139,True,20.0,17.5,15.5,5.2,18.6,16.0,2128163614.0,0.87
2023q3,18,JPM,JPMORGAN CHASE & CO,84.3,Financials,leverage_not_applicable,49.05775870624707,13.781872302190866,35.27588640405621,True,,12.7,18.5,8.5,18.2,18.0,428553816077.0,0.67
2023q3,19,MHO,"M/I HOMES, INC.",84.3,Real Estate,,103.90290188429883,13.781872302190866,90.12102958210797,True,20.0,17.5,18.0,6.0,13.8,17.4,2388175082.0,0.8
2023q3,20,DHI,HORTON D R INC /DE/,84.3,Real Estate,,78.96551325093372,13.781872302190866,65.18364094874286,True,20.0,16.8,17.5,6.8,15.2,16.4,35378137590.0,0.8
2023q4,1,WHD,"CACTUS, INC.",89.8,Industrials,,29.71644277846015,1.4026119313306995,28.31383084712945,True,20.0,,13.5,10.0,20.0,17.3,,0.63
2023q4,2,ANET,"ARISTA NETWORKS, INC.",89.6,Information Technology,,87.72876116913777,1.4026119313306995,86.32614923780707,True,20.0,15.6,19.5,7.5,18.9,17.0,18817371223.0,0.83
2023q4,3,LPG,DORIAN LPG LTD.,88.8,Industrials,,-37.7984713835784,1.4026119313306995,-39.2010833149091,False,18.7,13.8,19.0,9.2,20.0,17.0,1821466259.0,0.83
2023q4,4,KLAC,KLA CORP,86.9,Information Technology,,9.362134848610616,1.4026119313306995,7.959522917279916,True,14.9,17.0,19.5,5.8,20.0,18.4,7861949777.0,0.83
2023q4,5,NOW,"SERVICENOW, INC.",86.8,Information Technology,,50.054491816832325,1.4026119313306995,48.65187988550163,True,15.5,16.3,19.5,9.0,16.8,18.4,29381013561.0,0.93
2023q4,6,IBKR,"INTERACTIVE BROKERS GROUP, INC.",86.5,Financials,leverage_not_applicable,114.42911064579349,1.4026119313306995,113.02649871446279,True,,15.3,16.5,10.0,20.0,16.0,10256218137.0,0.67
2023q4,7,SITC,SITE CENTERS CORP.,86.4,Real Estate,heavy_dilution,0.24928863316229233,1.4026119313306995,-1.1533232981684072,False,20.0,18.8,17.0,4.2,20.0,15.0,773752672.0,0.73
2023q4,8,V,VISA INC.,86.2,Industrials,,22.31828598531367,1.4026119313306995,20.91567405398297,True,16.0,,18.0,6.6,20.0,17.0,,0.6
2023q4,9,NMIH,"NMI HOLDINGS, INC.",86.0,Financials,leverage_not_applicable,23.854440510645027,1.4026119313306995,22.451828579314327,True,,13.8,18.5,7.5,20.0,17.6,2417408147.0,0.73
2023q4,10,CAT,CATERPILLAR INC,85.8,Industrials,,24.658646814322548,1.4026119313306995,23.256034882991848,True,14.7,14.2,18.5,7.8,20.0,19.2,144571408916.0,0.83
2023q4,11,PLAB,PHOTRONICS INC,85.8,Information Technology,,-24.89640154399777,1.4026119313306995,-26.29901347532847,False,20.0,15.3,18.0,6.0,15.9,19.2,1935355779.0,0.93
2023q4,12,UE,URBAN EDGE PROPERTIES,85.8,Real Estate,,21.69651307981335,1.4026119313306995,20.29390114848265,True,20.0,13.5,18.0,6.0,18.8,18.0,2195739133.0,0.7
2023q4,13,MTG,MGIC INVESTMENT CORP,85.6,Financials,leverage_not_applicable,25.683359754889736,1.4026119313306995,24.280747823559036,True,,13.5,20.0,3.5,20.0,20.0,5062961364.0,0.7
2023q4,14,CALM,CAL-MAINE FOODS INC,85.2,Consumer Staples,,86.99846677501458,1.4026119313306995,85.59585484368388,True,20.0,17.5,17.5,6.8,17.8,14.2,2801647722.0,0.93
2023q4,15,BRC,BRADY CORP,85.2,Industrials,,27.691662858996715,1.4026119313306995,26.289050927666015,True,20.0,,18.5,4.1,16.4,17.8,,0.73
2023q4,16,PHM,PULTEGROUP INC/MI/,85.2,Real Estate,,6.223910190638482,1.4026119313306995,4.821298259307783,True,20.0,15.8,19.5,5.0,16.8,16.6,21655268128.0,0.8
2023q4,17,AMAT,APPLIED MATERIALS INC /DE,85.0,Information Technology,,1.1290903513424766,1.4026119313306995,-0.2735215799882229,False,20.0,12.5,18.5,6.2,18.1,18.2,134512999427.0,0.97
2023q4,18,MLI,MUELLER INDUSTRIES INC,85.0,Materials,,70.51074791681656,1.4026119313306995,69.10813598548586,True,20.0,15.9,18.5,4.5,18.6,16.0,2670114763.0,0.87
2023q4,19,ACGL,ARCH CAPITAL GROUP LTD.,84.8,Financials,leverage_not_applicable,30.76433703140029,1.4026119313306995,29.36172510006959,True,,15.9,16.0,9.2,18.2,17.0,28509397312.0,0.67
2023q4,20,ARLP,ALLIANCE RESOURCE PARTNERS LP,84.7,Energy,,39.91131295929864,1.4026119313306995,38.508701027967945,True,19.4,,18.0,5.9,16.9,16.0,,0.67
2024q1,1,LPG,DORIAN LPG LTD.,90.1,Industrials,,-34.83958273277234,-7.6700857194276555,-27.16949701334469,False,19.5,14.4,19.0,9.2,20.0,17.0,1596845050.0,0.83
2024q1,2,V,VISA INC.,88.8,Industrials,,26.513784162336762,-7.6700857194276555,34.183869881764416,True,16.0,,19.0,6.6,20.0,18.3,,0.6
2024q1,3,PLAB,PHOTRONICS INC,88.0,Information Technology,,-26.694913656104504,-7.6700857194276555,-19.02482793667685,False,20.0,17.2,18.0,6.0,16.4,19.2,1747187556.0,0.93
2024q1,4,TAYD,TAYLOR DEVICES INC,87.6,Industrials,,-35.16174369910049,-7.6700857194276555,-27.491657979672837,False,19.1,,16.5,6.6,18.6,18.0,,0.67
2024q1,5,SITC,SITE CENTERS CORP.,87.6,Real Estate,,-24.068846221380547,-7.6700857194276555,-16.398760501952893,False,20.0,18.8,20.0,2.8,18.8,16.0,831656492.0,0.7
2024q1,6,UE,URBAN EDGE PROPERTIES,87.1,Real Estate,,13.995205093341244,-7.6700857194276555,21.6652908127689,True,20.0,15.9,17.5,6.5,18.8,17.0,2072153957.0,0.7
2024q1,7,ANET,"ARISTA NETWORKS, INC.",86.8,Information Technology,,6.876336880457035,-7.6700857194276555,14.54642259988469,True,20.0,14.1,19.5,7.0,18.9,16.0,23169553909.0,0.83
2024q1,8,WHD,"CACTUS, INC.",86.3,Industrials,,-7.685284875549769,-7.6700857194276555,-0.015199156122113422,False,20.0,,16.5,8.1,17.4,15.7,,0.63
2024q1,9,NOW,"SERVICENOW, INC.",86.1,Information Technology,,4.4254992705341945,-7.6700857194276555,12.09558498996185,True,15.5,16.3,19.5,9.0,16.8,17.6,31706157842.0,0.93
2024q1,10,HRMY,"HARMONY BIOSCIENCES HOLDINGS, INC.",86.0,Health Care,,-1.1614150776639631,-7.6700857194276555,6.508670641763692,True,20.0,16.3,12.5,8.5,18.6,18.7,1962344347.0,0.8
2024q1,11,NMIH,"NMI HOLDINGS, INC.",85.7,Financials,leverage_not_applicable,11.471858586790319,-7.6700857194276555,19.141944306217972,True,,13.8,18.5,7.5,18.2,19.2,2634062636.0,0.73
2024q1,12,IBKR,"INTERACTIVE BROKERS GROUP, INC.",85.1,Financials,leverage_not_applicable,49.19393697579275,-7.6700857194276555,56.864022695220406,True,,14.7,18.5,9.2,18.2,16.0,13820531938.0,0.67
2024q1,13,DNOW,DNOW INC.,84.9,Industrials,,12.3684219607356,-7.6700857194276555,20.038507680163256,True,20.0,19.0,18.0,5.3,13.5,17.6,1667279709.0,0.87
2024q1,14,ALSN,ALLISON TRANSMISSION HOLDINGS INC,84.8,Consumer Discretionary,,19.18808604033808,-7.6700857194276555,26.85817175976574,True,16.4,13.3,19.5,6.0,18.9,19.2,7143923684.0,0.9
2024q1,15,ACGL,ARCH CAPITAL GROUP LTD.,84.7,Financials,leverage_not_applicable,9.418473570152441,-7.6700857194276555,17.088559289580097,True,,13.8,18.0,9.2,18.2,17.0,35484164215.0,0.67
2024q1,16,MLI,MUELLER INDUSTRIES INC,84.5,Materials,,42.93143306190852,-7.6700857194276555,50.601518781336175,True,20.0,15.3,19.5,3.5,18.6,16.0,3054067557.0,0.87
2024q1,17,WWD,"WOODWARD, INC.",84.5,Information Technology,,19.10511530733723,-7.6700857194276555,26.775201026764883,True,20.0,10.6,20.0,8.5,16.6,17.2,9501161069.0,0.83
2024q1,18,MNST,MONSTER BEVERAGE CORP,84.3,Consumer Staples,,-1.282048477029707,-7.6700857194276555,6.388037242397949,True,20.0,,16.5,7.2,19.4,12.8,,0.67
2024q1,19,NFLX,NETFLIX INC,84.2,Communication Services,,53.54584118679524,-7.6700857194276555,61.2159269062229,True,15.1,15.3,17.5,6.5,20.0,18.2,26723839952.0,0.93
2024q1,20,CAT,CATERPILLAR INC,84.0,Industrials,,-8.640914670706334,-7.6700857194276555,-0.9708289512786781,False,14.7,12.2,19.5,6.8,20.0,19.2,179170351758.0,0.83
2024q2,1,WHD,"CACTUS, INC.",90.7,Industrials,,-16.29343131795703,0.0,-16.29343131795703,False,20.0,,17.5,8.1,20.0,16.0,,0.63
2024q2,2,UTHR,UNITED THERAPEUTICS CORP,88.3,Health Care,,-9.794375415179902,0.0,-9.794375415179902,False,20.0,13.8,19.5,9.2,20.0,14.7,15468119023.0,0.83
2024q2,3,SITC,SITE CENTERS CORP.,87.5,Real Estate,,-25.931675536157773,0.0,-25.931675536157773,False,20.0,16.9,18.0,3.5,18.8,19.0,823141230.0,0.73
2024q2,4,LPG,DORIAN LPG LTD.,87.2,Industrials,,-35.0021253259906,0.0,-35.0021253259906,False,19.5,13.8,16.5,9.2,20.0,17.0,1742163766.0,0.83
2024q2,5,POWL,POWELL INDUSTRIES INC,86.9,Information Technology,,47.52972785996412,0.0,47.52972785996412,True,18.5,20.0,17.0,10.0,13.2,16.8,581349480.0,0.9
2024q2,6,ACGL,ARCH CAPITAL GROUP LTD.,86.9,Financials,leverage_not_applicable,-5.093123463810967,0.0,-5.093123463810967,False,,13.8,19.0,9.2,18.2,18.0,38727793287.0,0.67
2024q2,7,WES,"WESTERN MIDSTREAM PARTNERS, LP",86.7,Utilities,,6.717108681171768,0.0,6.717108681171768,True,13.8,,20.0,6.9,20.0,17.3,,0.63
2024q2,8,ANET,"ARISTA NETWORKS, INC.",86.4,Information Technology,,16.765572188463285,0.0,16.765572188463285,True,20.0,14.1,19.5,6.5,18.9,16.0,28003535419.0,0.83
2024q2,9,BRC,BRADY CORP,86.3,Industrials,,4.386361908089498,0.0,4.386361908089498,True,20.0,,18.5,4.1,16.4,18.8,,0.73
2024q2,10,V,VISA INC.,86.0,Industrials,,36.25599579939261,0.0,36.25599579939261,True,16.0,,15.5,5.9,20.0,20.0,,0.6
2024q2,11,EXEL,"EXELIXIS, INC.",85.9,Health Care,,96.1726888209419,0.0,96.1726888209419,True,20.0,14.4,16.5,7.8,19.1,16.8,6598475798.0,0.87
2024q2,12,NMIH,"NMI HOLDINGS, INC.",84.9,Financials,leverage_not_applicable,23.94241331369653,0.0,23.94241331369653,True,,13.3,17.5,7.5,18.2,20.0,2772526101.0,0.73
2024q2,13,DNOW,DNOW INC.,84.9,Industrials,,8.011656359389496,0.0,8.011656359389496,True,20.0,19.0,18.0,5.3,15.1,16.0,1506036180.0,0.87
2024q2,14,NVT,NVENT ELECTRIC PLC,84.9,Industrials,,-3.2771701619433657,0.0,-3.2771701619433657,False,20.0,8.9,19.5,7.2,18.6,19.2,12829135023.0,0.83
2024q2,15,NFLX,NETFLIX INC,84.5,Communication Services,,98.42489989867494,0.0,98.42489989867494,True,14.0,15.3,18.5,7.0,20.0,18.2,29696185471.0,0.93
2024q2,16,IBKR,"INTERACTIVE BROKERS GROUP, INC.",84.3,Financials,leverage_not_applicable,81.8775866317625,0.0,81.8775866317625,True,,14.7,19.5,8.8,18.2,14.8,15167820324.0,0.67
2024q2,17,UE,URBAN EDGE PROPERTIES,84.2,Real Estate,,4.752095729547623,0.0,4.752095729547623,True,20.0,15.0,16.5,6.2,18.8,16.0,2216136720.0,0.7
2024q2,18,KLAC,KLA CORP,83.9,Information Technology,,9.64966591768186,0.0,9.64966591768186,True,16.4,17.0,19.5,4.5,20.0,14.9,11151308805.0,0.83
2024q2,19,ALSN,ALLISON TRANSMISSION HOLDINGS INC,83.9,Consumer Discretionary,,26.443798001711283,0.0,26.443798001711283,True,16.4,13.3,18.5,6.0,18.9,19.2,6680924027.0,0.9
2024q2,20,SEZL,SEZZLE INC.,83.9,Industrials,,1119.1113484739028,0.0,1119.1113484739028,True,16.4,18.0,17.1,10.0,18.2,12.5,85547114.0,0.67
2024q3,1,WHD,"CACTUS, INC.",90.0,Industrials,,-33.12822737872217,0.01602259110822235,-33.1442499698304,False,20.0,,17.5,7.5,20.0,16.0,,0.63
2024q3,2,ACGL,ARCH CAPITAL GROUP LTD.,89.7,Financials,leverage_not_applicable,-14.716642182340522,0.01602259110822235,-14.732664773448743,False,,15.3,20.0,9.2,18.2,18.0,42946431091.0,0.67
2024q3,3,EXEL,"EXELIXIS, INC.",89.2,Health Care,,59.15220818044531,0.01602259110822235,59.13618558933708,True,20.0,15.4,17.5,7.8,19.1,18.4,7620403081.0,0.87
2024q3,4,UTHR,UNITED THERAPEUTICS CORP,87.4,Health Care,,16.98339174409893,0.01602259110822235,16.96736915299071,True,20.0,12.8,19.5,9.2,20.0,14.7,17400724404.0,0.83
2024q3,5,SITC,SITE CENTERS CORP.,87.0,Real Estate,,-23.07313626149652,0.01602259110822235,-23.08915885260474,False,20.0,17.3,19.0,2.5,18.8,18.0,858621429.0,0.7
2024q3,6,NMIH,"NMI HOLDINGS, INC.",86.6,Financials,leverage_not_applicable,-6.919151660939993,0.01602259110822235,-6.935174252048215,False,,13.3,19.5,7.0,18.2,20.0,3354886699.0,0.73
2024q3,7,ANET,"ARISTA NETWORKS, INC.",86.4,Information Technology,,51.85243492612794,0.01602259110822235,51.836412335019716,True,20.0,14.1,19.5,6.5,18.9,16.0,30667418491.0,0.83
2024q3,8,BRC,BRADY CORP,86.3,Industrials,,3.229660098310294,0.01602259110822235,3.2136375072020718,True,20.0,,19.5,4.1,16.4,17.8,,0.73
2024q3,9,V,VISA INC.,86.2,Industrials,,25.03270992289437,0.01602259110822235,25.016687331786148,True,16.0,,17.0,6.2,20.0,18.3,,0.6
2024q3,10,UE,URBAN EDGE PROPERTIES,85.6,Real Estate,,-0.6749743708048039,0.01602259110822235,-0.6909969619130263,False,20.0,12.6,19.5,7.2,18.8,16.0,2566495119.0,0.7
2024q3,11,HRMY,"HARMONY BIOSCIENCES HOLDINGS, INC.",85.6,Health Care,,-31.100001335144047,0.01602259110822235,-31.116023926252268,False,20.0,14.7,15.0,7.5,19.4,17.6,2337515473.0,0.9
2024q3,12,POWL,POWELL INDUSTRIES INC,85.5,Information Technology,,37.95053580624212,0.01602259110822235,37.9345132151339,True,18.5,18.5,18.5,10.0,13.2,15.2,899956568.0,0.9
2024q3,13,CALM,CAL-MAINE FOODS INC,85.4,Consumer Staples,,36.64942871388435,0.01602259110822235,36.63340612277612,True,20.0,16.2,19.5,5.8,17.2,15.2,3653516423.0,0.93
2024q3,14,SEZL,SEZZLE INC.,85.3,Industrials,,179.72330240832414,0.01602259110822235,179.70727981721592,True,16.4,17.2,18.5,10.0,18.2,13.5,165421480.0,0.73
2024q3,15,IBKR,"INTERACTIVE BROKERS GROUP, INC.",85.2,Financials,leverage_not_applicable,98.56078065434384,0.01602259110822235,98.54475806323562,True,,14.7,19.5,7.8,20.0,14.8,17241333409.0,0.67
2024q3,16,NFLX,NETFLIX INC,85.1,Communication Services,,69.03576210686467,0.01602259110822235,69.01973951575644,True,15.1,15.3,17.5,7.5,20.0,18.2,31209421487.0,0.93
2024q3,17,ALSN,ALLISON TRANSMISSION HOLDINGS INC,84.6,Consumer Discretionary,,-10.720582185584604,0.01602259110822235,-10.736604776692825,False,16.4,12.8,18.5,6.5,18.9,20.0,8456341981.0,0.9
2024q3,18,WES,"WESTERN MIDSTREAM PARTNERS, LP",83.6,Utilities,,12.617177663714575,0.01602259110822235,12.601155072606353,True,11.4,,19.0,7.5,20.0,17.3,,0.63
2024q3,19,THC,TENET HEALTHCARE CORP,83.2,Health Care,,22.166063185526585,0.01602259110822235,22.150040594418364,True,13.6,15.1,19.5,5.0,20.0,18.4,27585353776.0,0.9
2024q3,20,TAYD,TAYLOR DEVICES INC,83.1,Industrials,,-1.7227500544847563,0.01602259110822235,-1.7387726455929786,False,19.1,,14.5,6.6,18.6,16.0,,0.67
2024q4,1,UTHR,UNITED THERAPEUTICS CORP,89.6,Health Care,,38.09375497595067,-1.8483881841276584,39.942143160078324,True,20.0,13.8,18.5,8.8,20.0,17.6,17133169891.0,0.87
2024q4,2,EXEL,"EXELIXIS, INC.",88.8,Health Care,,31.621630135879975,-1.8483881841276584,33.47001832000763,True,20.0,13.4,18.5,7.5,19.1,19.2,9778782633.0,0.87
2024q4,3,WHD,"CACTUS, INC.",87.5,Industrials,,-20.761106522326102,-1.8483881841276584,-18.912718338198445,False,20.0,,16.5,6.2,20.0,16.0,,0.63
2024q4,4,HRMY,"HARMONY BIOSCIENCES HOLDINGS, INC.",87.1,Health Care,,8.747452295497693,-1.8483881841276584,10.595840479625352,True,20.0,16.1,13.5,8.5,19.4,18.4,2010847677.0,0.9
2024q4,5,NFLX,NETFLIX INC,87.0,Communication Services,,5.1922969927354234,-1.8483881841276584,7.040685176863082,True,16.0,14.8,18.5,8.0,20.0,18.4,39220017729.0,0.9
2024q4,6,SEZL,SEZZLE INC.,87.0,Industrials,,48.885851844905794,-1.8483881841276584,50.73424002903345,True,16.4,17.2,19.2,10.0,19.1,13.8,248049778.0,0.73
2024q4,7,V,VISA INC.,86.6,Industrials,,11.758316863280061,-1.8483881841276584,13.60670504740772,True,14.4,,19.0,6.2,20.0,18.3,,0.6
2024q4,8,CALM,CAL-MAINE FOODS INC,86.5,Consumer Staples,,-15.613835345372829,-1.8483881841276584,-13.76544716124517,False,20.0,15.8,19.5,7.5,18.1,14.4,5024317503.0,0.9
2024q4,9,IBKR,"INTERACTIVE BROKERS GROUP, INC.",86.0,Financials,leverage_not_applicable,46.373513934905475,-1.8483881841276584,48.22190211903313,True,,13.1,19.5,7.8,20.0,17.0,21857249773.0,0.67
2024q4,10,NMIH,"NMI HOLDINGS, INC.",85.3,Financials,leverage_not_applicable,10.963010821557774,-1.8483881841276584,12.811399005685432,True,,13.3,16.5,7.0,20.0,20.0,2994067335.0,0.73
2024q4,11,ANET,"ARISTA NETWORKS, INC.",85.0,Information Technology,,18.5470010190933,-1.8483881841276584,20.395389203220958,True,20.0,12.6,19.5,6.5,18.9,16.0,35325617881.0,0.83
2024q4,12,META,"META PLATFORMS, INC.",84.5,Information Technology,,13.093122607786256,-1.8483881841276584,14.941510791913915,True,20.0,8.6,18.5,8.5,20.0,17.4,1527378467947.0,0.9
2024q4,13,GHC,GRAHAM HOLDINGS CO,84.4,Consumer Discretionary,,26.982960271353896,-1.8483881841276584,28.831348455481553,True,18.5,17.5,18.5,6.0,15.9,16.4,3855838672.0,0.87
2024q4,14,ESP,ESPEY MFG & ELECTRONICS CORP,84.2,Information Technology,,63.33774505191943,-1.8483881841276584,65.18613323604708,True,19.1,17.8,17.5,8.2,14.0,16.0,78597250.0,0.9
2024q4,15,AXS,AXIS CAPITAL HOLDINGS LTD,84.2,Financials,leverage_not_applicable,21.8981599591322,-1.8483881841276584,23.746548143259858,True,,15.9,20.0,6.2,15.6,18.0,7717537682.0,0.67
2024q4,16,PLNT,"PLANET FITNESS, INC.",84.2,Consumer Discretionary,negative_equity,9.709718021073854,-1.8483881841276584,11.558106205201513,True,13.3,,18.5,7.5,17.4,19.0,,0.67
2024q4,17,ALSN,ALLISON TRANSMISSION HOLDINGS INC,83.2,Consumer Discretionary,,-8.343983610393678,-1.8483881841276584,-6.49559542626602,False,16.4,11.2,19.5,6.5,18.9,19.0,9511734118.0,0.9
2024q4,18,BRC,BRADY CORP,83.1,Industrials,,7.6017300995650405,-1.8483881841276584,9.4501182836927,True,19.1,,17.5,4.1,16.4,17.8,,0.73
2024q4,19,MPLX,MPLX LP,83.0,Energy,,20.54293767840565,-1.8483881841276584,22.391325862533307,True,12.0,,19.0,4.7,20.0,19.0,,0.6
2024q4,20,POWL,POWELL INDUSTRIES INC,82.9,Information Technology,,44.492182016478246,-1.8483881841276584,46.3405702006059,True,18.5,16.7,17.5,10.0,14.2,14.2,898578178.0,0.87
2025q1,1,EXEL,"EXELIXIS, INC.",90.4,Health Care,,16.170101616431552,4.084562141557935,12.085539474873617,True,20.0,13.1,19.5,8.5,19.1,19.2,10841821177.0,0.87
2025q1,2,CALM,CAL-MAINE FOODS INC,90.3,Consumer Staples,,-5.41748517885392,4.084562141557935,-9.502047320411855,False,20.0,17.5,18.5,10.0,18.9,14.4,4437528924.0,0.93
2025q1,3,SEZL,SEZZLE INC.,89.6,Industrials,,81.39868736800535,4.084562141557935,77.31412522644742,True,18.2,18.2,19.2,10.0,19.1,13.8,202997428.0,0.73
2025q1,4,NFLX,NETFLIX INC,88.6,Communication Services,,3.106605926912187,4.084562141557935,-0.9779562146457481,False,16.0,14.8,19.5,8.0,20.0,19.2,41033344852.0,0.9
2025q1,5,V,VISA INC.,84.8,Industrials,,-13.113627742242729,4.084562141557935,-17.198189883800666,False,14.4,,19.0,6.2,20.0,16.7,,0.6
2025q1,6,IBKR,"INTERACTIVE BROKERS GROUP, INC.",84.6,Financials,leverage_not_applicable,62.844625685700436,4.084562141557935,58.7600635441425,True,,13.1,17.5,8.5,20.0,17.0,20486454675.0,0.67
2025q1,7,HRMY,"HARMONY BIOSCIENCES HOLDINGS, INC.",84.4,Health Care,,-15.607106393968484,4.084562141557935,-19.691668535526418,False,20.0,16.6,10.0,8.5,19.4,18.4,1939553383.0,0.9
2025q1,8,UTHR,UNITED THERAPEUTICS CORP,84.2,Health Care,,92.35734959670405,4.084562141557935,88.27278745514612,True,20.0,14.2,14.5,8.2,20.0,15.6,14968943852.0,0.87
2025q1,9,MPLX,MPLX LP,83.7,Energy,,15.365858402660892,4.084562141557935,11.281296261102957,True,12.0,,19.0,5.3,20.0,19.0,,0.6
2025q1,10,PLNT,"PLANET FITNESS, INC.",83.6,Consumer Discretionary,negative_equity,-23.01004369784849,4.084562141557935,-27.094605839406427,False,13.3,,17.5,6.6,18.8,19.0,,0.67
2025q1,11,BRC,BRADY CORP,83.4,Industrials,,16.577751014814357,4.084562141557935,12.493188873256422,True,19.1,,16.5,5.3,16.4,17.8,,0.73
2025q1,12,NMIH,"NMI HOLDINGS, INC.",83.3,Financials,leverage_not_applicable,4.0499281979782475,4.084562141557935,-0.03463394357968763,False,,15.0,13.0,7.0,20.0,20.0,2936238576.0,0.73
2025q1,13,META,"META PLATFORMS, INC.",83.0,Information Technology,,-0.42423192692140343,4.084562141557935,-4.508794068479339,False,19.5,9.1,15.5,8.0,20.0,19.2,1503509447712.0,0.9
2025q1,14,FFIV,"F5, INC.",82.5,Information Technology,,8.660381759136104,4.084562141557935,4.575819617578169,True,18.4,8.9,19.0,6.2,18.2,20.0,15753338717.0,0.9
2025q1,15,MGRC,MCGRATH RENTCORP,82.4,(none),,0.7117605752655631,4.084562141557935,-3.372801566292372,False,20.0,13.9,14.5,6.0,18.6,17.6,2735149792.0,0.87
2025q1,16,ANET,"ARISTA NETWORKS, INC.",82.4,Information Technology,,58.46669264284361,4.084562141557935,54.38213050128567,True,20.0,14.7,12.0,7.0,18.9,18.0,24762770490.0,0.83
2025q1,17,G,GENPACT LTD,82.1,Industrials,,-25.10743153035865,4.084562141557935,-29.191993671916585,False,20.0,10.6,20.0,5.8,15.9,18.0,9111572512.0,0.9
2025q1,18,GHC,GRAHAM HOLDINGS CO,82.0,Consumer Discretionary,,10.857966470113523,4.084562141557935,6.773404328555587,True,18.5,17.5,17.5,6.0,13.3,17.4,4249152631.0,0.87
2025q1,19,PDEX,PRO DEX INC,80.9,Health Care,,-0.9277992783005451,4.084562141557935,-5.012361419858481,False,18.8,12.4,16.5,9.2,14.1,18.0,174618487.0,0.87
2025q1,20,POWL,POWELL INDUSTRIES INC,80.8,Information Technology,,218.8906303659778,4.084562141557935,214.80606822441987,True,20.0,19.2,12.5,8.8,15.0,13.4,690524838.0,0.87
2025q2,1,CALM,CAL-MAINE FOODS INC,89.9,Consumer Staples,,-14.911578361066624,7.734550700009835,-22.646129061076458,False,20.0,17.5,18.0,10.0,18.9,14.4,4863707228.0,0.93
2025q2,2,MNST,MONSTER BEVERAGE CORP,87.7,Consumer Staples,,53.44828174194767,7.734550700009835,45.713731041937834,True,20.0,,18.0,5.0,19.4,16.5,,0.7
2025q2,3,NFLX,NETFLIX INC,87.5,Communication Services,,-46.68179749552252,7.734550700009835,-54.41634819553235,False,16.0,14.1,19.5,7.5,20.0,19.2,58924626295.0,0.9
2025q2,4,EXEL,"EXELIXIS, INC.",87.2,Health Care,,23.434658773266804,7.734550700009835,15.70010807325697,True,20.0,11.9,19.5,7.0,19.1,18.4,12944407395.0,0.87
2025q2,5,IBKR,"INTERACTIVE BROKERS GROUP, INC.",86.7,Financials,leverage_not_applicable,57.80658320773551,7.734550700009835,50.07203250772567,True,,12.5,19.5,8.0,20.0,18.0,27420846078.0,0.67
2025q2,6,ANET,"ARISTA NETWORKS, INC.",86.0,Information Technology,,66.04438367376646,7.734550700009835,58.30983297375663,True,20.0,14.1,15.5,8.1,18.9,18.0,32698488366.0,0.8
2025q2,7,PLNT,"PLANET FITNESS, INC.",86.0,Consumer Discretionary,negative_equity,-52.15956285284638,7.734550700009835,-59.89411355285621,False,13.3,,18.5,6.6,20.0,19.0,,0.67
2025q2,8,HRMY,"HARMONY BIOSCIENCES HOLDINGS, INC.",85.3,Health Care,,15.2215171135345,7.734550700009835,7.486966413524665,True,20.0,16.6,11.5,8.0,19.4,18.4,1846637246.0,0.9
2025q2,9,NXT,NEXTRACKER INC.,84.8,Industrials,,119.12819887840742,7.734550700009835,111.39364817839758,True,20.0,12.9,17.5,8.0,17.8,17.1,7934096945.0,0.73
2025q2,10,KLAC,KLA CORP,84.6,Information Technology,,238.9985373913309,7.734550700009835,231.26398669132107,True,16.4,17.5,17.0,8.0,20.0,14.2,12114678423.0,0.83
2025q2,11,ODC,OIL-DRI CORP OF AMERICA,83.9,Industrials,,75.41807914127669,7.734550700009835,67.68352844126686,True,16.4,,18.5,5.6,15.1,20.0,,0.67
2025q2,12,FOXA,FOX CORP,83.9,Communication Services,,-6.036095488177362,7.734550700009835,-13.770646188187197,False,20.0,12.2,19.0,7.2,15.5,18.4,26518915123.0,0.83
2025q2,13,META,"META PLATFORMS, INC.",83.8,Information Technology,,-23.43262402639197,7.734550700009835,-31.167174726401804,False,18.4,7.6,19.5,7.5,20.0,19.2,1925403145331.0,0.9
2025q2,14,V,VISA INC.,83.7,Industrials,,-2.605275715437083,7.734550700009835,-10.339826415446918,False,14.4,,18.0,6.2,20.0,16.7,,0.6
2025q2,15,POWL,POWELL INDUSTRIES INC,83.5,Information Technology,,309.32017591690277,7.734550700009835,301.58562521689294,True,20.0,18.5,15.5,8.0,15.6,14.2,853172961.0,0.9
2025q2,16,GHC,GRAHAM HOLDINGS CO,83.3,Consumer Discretionary,,21.50454414386016,7.734550700009835,13.769993443850325,True,17.1,17.5,17.5,5.5,15.6,18.4,4184189928.0,0.87
2025q2,17,PGR,PROGRESSIVE CORP/OH/,83.1,Financials,leverage_not_applicable,-12.827005699938399,7.734550700009835,-20.561556399948234,False,,13.6,18.0,8.8,15.2,19.2,156933478647.0,0.73
2025q2,18,FFIV,"F5, INC.",82.8,Information Technology,,41.32915911382895,7.734550700009835,33.59460841381912,True,18.4,8.9,19.0,6.2,19.4,19.2,17412862726.0,0.9
2025q2,19,SEZL,SEZZLE INC.,82.7,Industrials,,-4.251043301080893,7.734550700009835,-11.985594001090728,False,18.2,10.0,20.0,10.0,20.0,12.8,1042914577.0,0.73
2025q2,20,RMD,RESMED INC,82.6,Health Care,,-23.725647404365592,7.734550700009835,-31.460198104375426,False,20.0,9.9,17.5,6.5,18.5,18.4,37979465912.0,0.93
