ticker,company,sector,cross_listed,currency,price,price_asof,shares_outstanding,market_cap,eps_trailing,pe_trailing,pe_forward,dividend_yield,beta
IIP.UN,InterRent Real Estate Investment Trust,Real Estate,False,CAD,13.539999961853027,2026-07-10,139856082.0,1893651345.0,-0.0178,,19.911764,0.0293,0.891
NXE,NexGen Energy Ltd.,Energy,True,CAD,13.699999809265137,2026-08-01,661909421.0,9068158941.0,,,-48.92857,,1.648
KEL,Kelt Exploration Ltd.,Energy,False,CAD,9.640000343322754,2026-08-01,202198000.0,1949188789.0,0.5,19.28,10.365592,,0.325
PPTA,Perpetua Resources Corp.,Materials,True,USD,29.100000381469727,2026-08-01,125094503.0,3640250085.0,-0.83,,-207.64597,,0.689
IAU,I-80 Gold Corp.,Materials,True,USD,1.9800000190734863,2026-08-01,862051146.0,1706861286.0,-0.09,,10.091777,,2.041
ABRA,AbraSilver Resource Corp.,Materials,False,CAD,14.539999961853027,2026-08-01,164504146.0,2391890277.0,-0.18,,-130.69662,,1.921
GRT.UN,Granite Real Estate Investment Trust,Real Estate,True,CAD,92.55999755859376,2026-08-01,,,5.0922,18.177,13.939759,3.69,
NTR,Nutrien Ltd.,Materials,True,USD,94.20999908447266,2026-08-01,480023548.0,45223018018.0,3.97,23.73,13.0004635,3.23,1.061
BDGI,Badger Infrastructure Solutions Ltd.,Industrials,False,USD,95.11000061035156,2026-08-01,33659562.0,3201360962.0,1.35,70.452,23.018854,0.86,1.011
IPCO,International Petroleum Corporation,Energy,False,USD,30.31999969482422,2026-08-01,112826752.0,3420907086.0,0.3159,95.966,10.448276,,0.898
WCP,Whitecap Resources Inc.,Energy,True,CAD,16.270000457763672,2026-08-01,1215900000.0,19782693557.0,1.35,12.052,13.336065,4.41,0.69
BBUC,Brookfield Business Corporation,Industrials,True,USD,43.66999816894531,2026-08-01,206492638.0,9017533123.0,0.0112,3896.324,,0.85,1.372
OTEX,Open Text Corporation,Information Technology,True,USD,37.15999984741211,2026-08-01,242662360.0,9017333261.0,1.82,20.418,5.9354715,4.38,1.032
TECK.B,Teck Resources Limited,Materials,True,CAD,91.0199966430664,2026-08-01,483000468.0,43962700976.0,4.93,18.462,18.233757,0.59,1.587
GWO,Great-West Lifeco Inc.,Financials,True,CAD,93.29000091552734,2026-08-01,895200000.0,83513208820.0,4.34,21.495,14.6819515,2.88,0.69
SEA,Seabridge Gold Inc.,Materials,True,CAD,38.33000183105469,2026-08-01,107622939.0,4125187449.0,-0.15,,-119.78126,,1.846
CRT.UN,CT Real Estate Investment Trust,Real Estate,False,CAD,18.170000076293945,2026-08-01,110302431.0,2004195180.0,1.773,10.248,13.87023,5.12,0.85
AAV,Advantage Energy Ltd.,Energy,False,CAD,10.800000190734863,2026-08-01,167435718.0,1808305786.0,0.67,16.119,8.950252,,0.452
TFII,TFI International Inc.,Industrials,True,USD,199.25999450683597,2026-08-01,82193031.0,16377782906.0,4.01,49.691,18.000875,1.4,1.487
SII,Sprott Inc.,Financials,True,USD,147.3300018310547,2026-08-01,25782581.0,3798547706.0,,,23.92789,1.54,1.345
ATRL,AtkinsRéalis Group Inc.,Industrials,False,CAD,91.16000366210938,2026-08-01,162583235.0,14821088298.0,15.15,6.017,18.674818,0.09,0.948
PSK,PrairieSky Royalty Ltd.,Energy,False,CAD,34.09000015258789,2026-08-01,232443000.0,7923981905.0,1.08,31.565,31.179972,3.06,0.86
EIF,Exchange Income Corporation,Industrials,False,CAD,129.05999755859375,2026-08-01,,,2.62,49.26,24.824339,2.2,0.919
MDA,MDA Space Ltd.,Industrials,True,CAD,48.09999847412109,2026-08-01,161919141.0,7788310435.0,0.8735,55.068,26.46274,,
ALA,AltaGas Ltd.,Energy,False,CAD,55.58000183105469,2026-08-01,312005563.0,17341269763.0,3.28,16.945,19.771973,2.4,0.49
L,Loblaw Companies Limited,Consumer Staples,False,CAD,65.30999755859375,2026-08-01,1163888224.0,76013537068.0,2.39,27.326,22.806955,0.94,0.382
CCL.B,CCL Industries Inc.,Consumer Discretionary,False,CAD,95.01000213623048,2026-08-01,160112031.0,15212244407.0,4.75,20.002,17.712132,1.55,0.647
CLS,Celestica Inc.,Information Technology,True,USD,523.739990234375,2026-08-01,114982086.0,60220716599.0,9.13,57.365,18.835949,,1.516
CRR.UN,Crombie Real Estate Investment Trust,Real Estate,False,CAD,17.139999389648438,2026-08-01,110706754.0,1897513696.0,,,26.36923,5.21,0.914
KNT,K92 Mining Inc.,Materials,False,USD,24.299999237060547,2026-08-01,245120724.0,5956433406.0,1.27,19.134,6.7587676,,1.302
QSR,Restaurant Brands International Inc.,Consumer Discretionary,True,USD,103.91000366210938,2026-08-01,346983973.0,36055105905.0,2.37,43.844,16.880072,3.56,0.53
CVE,Cenovus Energy Inc.,Energy,True,CAD,40.380001068115234,2026-08-01,1844245000.0,74470615070.0,3.33,12.126,11.130038,2.08,0.495
T,Telus Corporation,Communication Services,True,CAD,13.390000343322754,2026-08-01,1575000000.0,21089250541.0,-0.57,,14.951706,10.78,0.733
CEU,CES Energy Solutions Corp.,Energy,False,CAD,16.6299991607666,2026-08-01,210857332.0,3506557254.0,0.84,19.798,13.243503,1.19,0.974
BYD,Boyd Group Services Inc.,Consumer Discretionary,True,USD,149.3699951171875,2026-08-01,27830064.0,4156976524.0,0.36,414.917,20.316196,0.43,0.718
LUN,Lundin Mining Corporation,Materials,False,USD,37.70000076293945,2026-08-01,,,0.18,209.444,18.429453,0.32,2.111
SKE,Skeena Resources Limited,Materials,True,CAD,40.380001068115234,2026-08-01,124084385.0,5010527599.0,-1.85,,8.817923,,2.242
NFI,NFI Group Inc.,Consumer Discretionary,False,USD,25.26000022888184,2026-08-01,,,-1.1481,,12.788884,,0.558
JWEL,Jamieson Wellness Inc.,Consumer Staples,False,CAD,41.54999923706055,2026-08-01,41481951.0,1723575032.0,,,16.575644,2.22,0.928
BBD.B,Bombardier Inc.,Industrials,False,USD,363.5,2026-08-01,86557529.0,31463661792.0,4.22,86.137,25.167356,,2.094
SIA,Sienna Senior Living Inc.,Healthcare,False,CAD,22.020000457763672,2026-08-01,106131563.0,2337017066.0,0.52,42.346,33.876926,4.2,1.039
PET,Pet Valu Holdings Ltd.,Consumer Discretionary,False,CAD,19.34000015258789,2026-08-01,68111950.0,1317285123.0,1.31,14.763,11.042721,2.65,0.841
FM,First Quantum Minerals Ltd.,Materials,False,USD,42.119998931884766,2026-08-01,834206136.0,35136761557.0,-0.03,,15.048641,,1.998
MG,Magna International Inc.,Consumer Discretionary,True,USD,98.66000366210938,2026-08-01,267519846.0,26393508986.0,1.83,53.913,9.129923,2.84,1.855
TA,TransAlta Corporation,Utilities,True,CAD,17.989999771118164,2026-08-01,316300000.0,5690236928.0,-0.07,,32.22109,1.59,0.476
MFC,Manulife Financial Corporation,Financials,True,CAD,62.97999954223633,2026-08-01,1665674480.0,104904177988.0,2.9,21.717,12.7973795,2.97,0.781
HWX,Headwater Exploration Inc.,Energy,False,CAD,12.960000038146973,2026-08-01,237762877.0,3081406895.0,0.88,14.727,22.539131,3.62,1.033
CHP.UN,Choice Properties Real Estate Investment Trust,Real Estate,False,CAD,15.920000076293944,2026-08-01,328024272.0,5222146435.0,-0.7102,,15.307693,4.89,0.782
TVK,TerraVest Industries Inc.,Energy,False,CAD,116.41000366210938,2026-08-01,21685695.0,2524431834.0,3.87,30.08,22.751125,0.7,0.591
IVN,Ivanhoe Mines Ltd.,Materials,False,USD,10.829999923706056,2026-08-01,1426373110.0,15447620672.0,0.16,67.687,17.932138,,1.819
ASM,Avino Silver & Gold Mines Ltd.,Materials,True,USD,8.3100004196167,2026-08-01,175271023.0,1456502275.0,0.2,41.55,7.276708,,2.927
GIB.A,CGI Inc.,Information Technology,True,CAD,104.86000061035156,2026-08-01,182952649.0,19184414886.0,8.17,12.835,10.73999,0.66,0.17
CSH.UN,Chartwell Retirement Residences,Real Estate,False,CAD,21.88999938964844,2026-08-01,324211401.0,7096987370.0,0.1063,205.921,91.208336,2.76,0.899
USA,Americas Gold And Silver Corporation,Materials,False,USD,6.170000076293945,2026-08-01,337542787.0,2082639022.0,-0.16,,12.212984,,2.198
SVM,Silvercorp Metals Inc.,Materials,True,USD,14.359999656677246,2026-08-01,221202535.0,3176468327.0,0.08,179.5,6.1480207,0.27,1.977
AG,First Majestic Silver Corp.,Materials,True,USD,23.21999931335449,2026-08-01,492906383.0,11445285875.0,0.6,38.7,16.271898,0.41,2.108
HBM,Hudbay Minerals Inc.,Materials,True,USD,34.790000915527344,2026-08-01,444144760.0,15451796607.0,1.68,20.708,12.780256,0.13,2.265
OGC,OceanaGold Corporation,Materials,True,USD,35.27000045776367,2026-08-01,222447523.0,7845724238.0,,,6.8637924,0.99,1.509
BLX,Boralex Inc.,Energy,True,CAD,37.09000015258789,2026-08-01,,,-0.15,,59.822582,1.78,-0.031
AYA,Aya Gold & Silver Inc.,Materials,True,USD,32.18000030517578,2026-08-01,143349749.0,4612994967.0,0.53,60.717,16.884089,,1.697
TOU,Tourmaline Oil Corp.,Energy,False,CAD,60.869998931884766,2026-08-01,388601707.0,23654185490.0,4.07,14.956,12.089375,3.23,0.245
NGEX,NGEx Minerals Ltd.,Materials,True,CAD,27.0,2026-08-01,216858780.0,5855187060.0,-0.61,,-51.376324,,1.874
TD,Toronto-Dominion Bank,Financials,True,CAD,167.89999389648438,2026-08-01,1652051000.0,277379352817.0,12.93,12.985,15.623312,2.67,0.873
FFH,Fairfax Financial Holdings Limited,Financials,False,USD,2407.070068359375,2026-08-01,19221125.0,46266594668.0,204.1,11.794,10.370505,0.88,0.449
SES,Secure Energy Services Inc.,Industrials,False,CAD,24.63999938964844,2026-08-01,218034987.0,5372381947.0,0.66,37.333,22.885166,1.74,0.728
BTO,B2Gold Corp.,Materials,True,USD,5.480000019073486,2026-08-01,1332417631.0,7301648643.0,0.39,14.051,3.8750844,2.16,1.35
POW,Power Corporation of Canada,Financials,False,CAD,95.94000244140624,2026-08-01,,,4.61,20.811,13.774588,2.79,0.934
LUG,Lundin Gold Inc.,Materials,False,USD,81.5999984741211,2026-08-01,241832730.0,19733550399.0,,,13.346876,7.02,1.467
SOBO,South Bow Corporation,Energy,True,USD,50.93999862670898,2026-08-01,208584627.0,10625300613.0,1.54,33.078,18.739462,5.46,
MFI,Maple Leaf Foods Inc.,Consumer Staples,False,CAD,29.0,2026-08-01,124430069.0,3608472001.0,,,15.875623,2.97,0.886
BAM,Brookfield Asset Management Ltd.,Financials,True,USD,73.16000366210938,2026-08-01,1596765155.0,116819344587.0,1.54,47.506,24.100918,4.21,1.254
CSU,Constellation Software Inc.,Information Technology,False,USD,3224.989990234375,2026-08-01,21191530.0,68342472128.0,36.28,88.892,17.068228,0.19,0.694
VET,Vermilion Energy Inc.,Energy,True,CAD,15.510000228881836,2026-08-01,152800000.0,2369928035.0,-1.58,,14.361111,3.24,0.487
HR.UN,H&R Real Estate Investment Trust,Real Estate,False,CAD,11.029999732971191,2026-08-01,264567258.0,2918176785.0,-2.1933,,8.895161,5.44,1.09
ONEX,Onex Corporation,Financials,False,USD,113.38999938964844,2026-08-01,76186484.0,8638785374.0,7.99,14.191,5.6695,0.37,0.963
AIF,Altus Group Limited,Real Estate,False,CAD,46.68000030517578,2026-08-01,,,,,15.914198,1.28,0.81
WPK,Winpak Ltd.,Consumer Discretionary,False,USD,44.02000045776367,2026-08-01,,,2.19,20.1,12.294957,0.45,0.141
BEI.UN,Boardwalk Real Estate Investment Trust,Real Estate,False,CAD,65.63999938964844,2026-08-01,47766328.0,3135381741.0,3.8,17.274,14.085837,2.65,0.836
ATS,ATS Corporation,Industrials,True,CAD,39.58000183105469,2026-08-01,97007132.0,3839542462.0,,,17.6135,,1.239
FTT,Finning International Inc.,Industrials,False,CAD,99.75,2026-08-01,130564565.0,13023815359.0,5.08,19.636,18.6302,1.33,1.347
VITL.UN,Vital Infrastructure Property Trust.,Real Estate,False,CAD,5.519999980926514,2026-08-01,250006220.0,1380034330.0,0.1498,36.837,,6.44,1.279
SHOP,Shopify Inc.,Information Technology,True,USD,173.41000366210938,2026-08-01,1219581025.0,211487550011.0,0.2874,603.428,53.136047,,2.59
CIGI,Colliers International Group Inc.,Real Estate,True,USD,139.1999969482422,2026-08-01,49778127.0,6929115126.0,1.36,102.353,11.674688,0.31,1.25
H,Hydro One Limited,Utilities,True,CAD,57.97999954223633,2026-08-01,600096020.0,34793566965.0,2.49,23.285,24.293566,2.42,0.403
FCR.UN,First Capital Real Estate Investment Trust,Real Estate,False,CAD,22.90999984741211,2026-08-01,212554778.0,4869629932.0,1.244,18.416,16.97037,3.95,0.887
CG,Centerra Gold Inc.,Materials,True,USD,25.540000915527344,2026-08-01,195607541.0,4995816776.0,1.19,21.462,8.911867,1.16,1.565
PEY,Peyto Exploration & Development Corp.,Energy,False,CAD,25.229999542236328,2026-08-01,,,2.27,11.115,11.680555,5.6,0.311
CCA,Cogeco Communications Inc.,Communication Services,False,CAD,60.58000183105469,2026-08-01,30013827.0,1818237695.0,-26.66,,6.9907155,6.68,0.664
VNP,5N Plus Inc.,Materials,False,USD,29.790000915527344,2026-08-01,89935323.0,2679173355.0,,,24.06691,,
FSV,FirstService Corporation,Real Estate,True,USD,198.92999267578125,2026-08-01,43922540.0,8737510561.0,3.3,60.282,21.26174,0.88,0.908
SRU.UN,SmartCentres Real Estate Investment Trust,Real Estate,False,CAD,29.11000061035156,2026-08-01,144708787.0,4212472878.0,1.476,19.723,14.555,6.26,0.85
CS,Capstone Copper Corp.,Materials,False,USD,14.4399995803833,2026-08-01,763949339.0,11031428135.0,0.25,57.76,10.717493,,2.176
BN,Brookfield Corporation,Financials,True,USD,62.810001373291016,2026-08-01,2233510540.0,140286800085.0,0.56,112.161,,0.67,1.838
IMO,Imperial Oil Limited,Energy,True,CAD,179.55999755859375,2026-08-01,483592715.0,86833906725.0,7.32,24.53,15.285565,1.91,0.817
ACO.X,ATCO Ltd.,Utilities,False,CAD,79.94999694824219,2026-08-01,100985167.0,8073763793.0,3.44,23.241,15.415881,2.6,0.427
ELD,Eldorado Gold Corporation,Materials,False,USD,44.72999954223633,2026-08-01,260810332.0,11666046031.0,2.38,18.794,5.8987594,1.0,1.403
PXT,Parex Resources Inc.,Energy,False,USD,23.489999771118164,2026-08-01,96180254.0,2259274144.0,5.98,3.928,3.6528077,6.34,0.492
EDR,Endeavour Silver Corp.,Materials,True,USD,11.720000267028809,2026-08-01,296144479.0,3470813373.0,0.23,50.957,6.908341,,2.367
TFPM,Triple Flag Precious Metals Corp.,Materials,True,USD,42.02999877929688,2026-08-01,206603912.0,8683562169.0,,,21.779902,0.8,0.304
CAE,CAE Inc.,Industrials,True,CAD,37.70000076293945,2026-08-01,321579686.0,12123554408.0,1.28,29.453,25.368416,,1.041
CNQ,Canadian Natural Resources Limited,Energy,True,CAD,64.93000030517578,2026-08-01,2085710000.0,135425150937.0,5.42,11.98,12.620903,3.74,0.878
KMP.UN,Killam Apartment Real Estate Investment Trust,Real Estate,False,CAD,18.549999237060547,2026-08-01,122126262.0,2265442067.0,,,14.379845,3.87,0.944
REI.UN,RioCan Real Estate Investment Trust,Real Estate,False,CAD,21.790000915527344,2026-08-01,290616179.0,6332526806.0,0.12,181.583,13.450618,5.22,1.002
GFL,GFL Environmental Inc.,Industrials,True,CAD,59.22999954223633,2026-08-01,349077362.0,20675851991.0,-0.38,,47.331367,0.17,0.492
PAAS,Pan American Silver Corp.,Materials,True,USD,63.2599983215332,2026-08-01,421350000.0,26654600293.0,3.11,20.341,9.88064,1.42,1.549
CP,Canadian Pacific Kansas City Limited,Industrials,True,CAD,127.41999816894533,2026-08-01,879079224.0,112012273112.0,4.62,27.58,21.263388,0.8,1.219
SLF,Sun Life Financial Inc.,Financials,True,CAD,115.7300033569336,2026-08-01,554299767.0,64149113896.0,,,13.546399,3.16,0.825
WFG,West Fraser Timber Co. Ltd.,Materials,True,USD,98.6999969482422,2026-08-01,76022344.0,7503405121.0,-3.1,,26.881058,2.0,1.12
EFR,Energy Fuels Inc.,Energy,True,USD,18.11000061035156,2026-08-01,249919146.0,4526035887.0,,,38.614075,,1.573
QBR.B,Quebecor Inc.,Communication Services,False,CAD,63.72999954223633,2026-08-01,150608193.0,9598260071.0,3.49,18.261,13.430442,2.47,0.63
BHC,Bausch Health Companies Inc.,Healthcare,True,USD,9.06999969482422,2026-08-01,373990561.0,3392094274.0,-3.04,,1.5820066,,0.379
SCR,Strathcona Resources Ltd.,Energy,True,CAD,41.08000183105469,2026-08-01,214235608.0,8800799169.0,,,10.66091,2.82,-0.209
LB,Laurentian Bank of Canada,Financials,False,CAD,40.290000915527344,2026-08-01,44793140.0,1804715652.0,0.34,118.5,13.869191,4.67,1.179
WCN,Waste Connections Inc.,Industrials,True,USD,233.1199951171875,2026-08-01,252049532.0,58757785669.0,4.16,56.038,26.819647,0.84,0.478
TSU,Trisura Group Ltd.,Financials,False,CAD,42.27999877929688,2026-08-01,47237592.0,1997205332.0,2.5343,16.683,11.901813,,0.574
MRU,Metro Inc.,Consumer Staples,False,CAD,92.77999877929688,2026-08-01,210933000.0,19570363483.0,4.69,19.783,16.756607,1.75,0.362
BIR,Birchcliff Energy Ltd.,Energy,False,CAD,6.21999979019165,2026-08-01,274329604.0,1706330079.0,0.39,15.949,8.638888,1.88,0.143
FNV,Franco-Nevada Corporation,Materials,True,USD,307.760009765625,2026-08-01,192855530.0,59353219796.0,6.7,45.934,23.823057,0.84,0.909
AC,Air Canada,Industrials,False,CAD,26.530000686645508,2026-08-01,287071362.0,7616003431.0,,,11.027976,,1.646
IMG,Iamgold Corporation,Materials,True,USD,20.850000381469727,2026-08-01,578000000.0,12051300220.0,,,6.4514666,,2.255
TVE,Tamarack Valley Energy Ltd.,Energy,False,CAD,13.170000076293944,2026-08-01,475036000.0,6256224156.0,0.73,18.041,14.797753,1.49,0.99
DPM,Dundee Precious Metals Inc.,Materials,False,USD,53.540000915527344,2026-08-01,219368650.0,11744997722.0,2.82,18.986,9.051622,0.46,1.276
DOO,BRP Inc.,Consumer Discretionary,True,CAD,90.62999725341795,2026-08-01,,,3.65,24.83,18.88798,1.15,1.027
ATD,Alimentation Couche-Tard Inc.,Consumer Discretionary,False,USD,93.12999725341795,2026-08-01,917962609.0,85489855255.0,3.11,29.945,18.300419,0.94,0.738
EFN,Element Fleet Management Corp.,Industrials,False,USD,32.15999984741211,2026-08-01,,,1.14,28.211,14.612868,1.78,0.494
SU,Suncor Energy Inc.,Energy,True,CAD,90.79000091552734,2026-08-01,1180745189.0,107199856790.0,5.29,17.163,11.622415,2.55,0.569
POU,Paramount Resources Ltd.,Energy,False,CAD,28.850000381469727,2026-08-01,145935878.0,4210250136.0,,,15.636856,2.03,0.703
ATZ,Aritzia Inc.,Consumer Discretionary,False,CAD,140.2100067138672,2026-08-01,96253101.0,13495647937.0,3.35,41.854,23.240551,,1.729
GMIN,G Mining Ventures Corp.,Materials,False,USD,45.900001525878906,2026-08-01,296042923.0,13588370617.0,1.2,38.25,18.624996,,0.847
WDO,Wesdome Gold Mines Ltd.,Materials,False,CAD,28.280000686645508,2026-08-01,148294000.0,4193754422.0,,,7.349311,0.12,0.88
CAR.UN,Canadian Apartment Properties Real Estate Investment Trust,Real Estate,False,CAD,34.7400016784668,2026-08-01,153216000.0,5322724097.0,,,13.785715,4.48,0.926
BTE,Baytex Energy Corp.,Energy,True,CAD,5.960000038146973,2026-08-01,708888000.0,4224972507.0,0.44,13.545,15.684211,1.41,0.569
K,Kinross Gold Corporation,Materials,True,USD,33.18000030517578,2026-08-01,1186240789.0,39359469741.0,2.14,15.505,7.805746,0.7,1.413
AQN,Algonquin Power & Utilities Corp.,Utilities,True,USD,8.15999984741211,2026-08-01,,,0.23,35.478,14.335146,4.32,0.9
BCE,BCE Inc.,Communication Services,True,CAD,30.950000762939453,2026-08-01,932525817.0,28861674748.0,2.61,11.858,11.574247,5.75,0.595
ENB,Enbridge Inc.,Energy,True,CAD,75.08999633789062,2026-08-01,2184085509.0,164002972872.0,3.09,24.301,23.290941,5.09,0.794
EMA,Emera Incorporated,Utilities,True,CAD,73.66000366210938,2026-08-01,305900000.0,22532595120.0,5.02,14.673,20.262817,3.91,0.452
RBA,"RB Global, Inc.",Industrials,True,USD,156.05999755859375,2026-08-01,186300000.0,29073977545.0,2.27,68.749,23.09454,1.21,0.552
TPZ,Topaz Energy Corp.,Energy,False,CAD,31.229999542236328,2026-08-01,154851000.0,4835996659.0,1.02,30.618,25.185484,4.42,
X,TMX Group Limited,Financials,False,CAD,52.52000045776367,2026-08-01,275392607.0,14463619846.0,1.98,26.525,19.36814,1.87,0.043
NPI,Northland Power Inc.,Energy,False,CAD,21.700000762939453,2026-08-01,,,-1.25,,14.6226425,3.3,0.616
IGM,IGM Financial Inc.,Financials,False,CAD,90.93000030517578,2026-08-01,230888705.0,20994710016.0,4.94,18.407,14.9643545,2.85,1.117
MTL,Mullen Group Ltd.,Industrials,False,CAD,27.280000686645508,2026-08-01,96241057.0,2625456101.0,1.07,25.495,18.04985,3.05,0.929
CNR,Canadian National Railway Company,Industrials,True,CAD,179.0500030517578,2026-08-01,604900000.0,108307346846.0,7.83,22.867,19.939463,2.05,1.002
KXS,Kinaxis Inc.,Information Technology,False,USD,174.7100067138672,2026-08-01,27320045.0,4773085245.0,2.91,60.038,24.006376,,0.741
WN,George Weston Limited,Consumer Staples,False,CAD,103.2300033569336,2026-08-01,377043624.0,38922214571.0,2.56,40.324,18.952866,1.23,0.508
FRU,Freehold Royalties Ltd.,Energy,False,CAD,17.100000381469727,2026-08-01,163960334.0,2803721774.0,0.8,21.375,21.78344,6.31,0.781
LIF,Labrador Iron Ore Royalty Corporation,Materials,False,CAD,27.0,2026-08-01,64000000.0,1728000000.0,,,13.012048,5.05,0.83
MAU,Montage Gold Corp.,Materials,True,USD,17.110000610351562,2026-08-01,403252111.0,6899643865.0,0.04,427.75,7.1005573,,2.183
SPB,Superior Plus Corp.,Utilities,False,USD,8.069999694824219,2026-08-01,214568858.0,1731570619.0,0.12,67.25,12.428194,2.26,0.323
AGI,Alamos Gold Inc.,Materials,True,USD,40.41999816894531,2026-08-01,418604465.0,16919991709.0,2.5,16.168,9.213962,0.58,1.331
CCO,Cameco Corporation,Energy,True,CAD,130.97999572753906,2026-08-01,435532978.0,57046107598.0,,,49.65445,0.2,0.992
RCH,Richelieu Hardware Ltd.,Consumer Discretionary,False,CAD,36.16999816894531,2026-08-01,,,1.34,26.993,18.562328,1.77,0.901
CM,Canadian Imperial Bank of Commerce,Financials,True,CAD,166.05999755859375,2026-08-01,912800674.0,151579677696.0,9.93,16.723,14.918078,2.58,1.277
RCI.B,Rogers Communications Inc.,Communication Services,True,CAD,47.630001068115234,2026-08-01,429076558.0,20436916916.0,1.09,43.697,9.802207,4.21,0.792
DIR.UN,Dream Industrial Real Estate Investment Trust,Real Estate,False,CAD,13.880000114440918,2026-08-01,,,,,12.283186,4.86,1.247
GEI,Gibson Energy Inc.,Energy,False,CAD,31.43000030517578,2026-08-01,172600000.0,5424818053.0,1.14,27.57,20.29824,5.55,0.602
MX,Methanex Corporation,Materials,True,USD,75.30999755859375,2026-08-01,77364263.0,5826302458.0,2.05,36.737,9.673426,1.35,0.869
IAG,iA Financial Corporation Inc.,Financials,False,CAD,207.1199951171875,2026-08-01,,,10.8,19.178,13.433848,1.96,0.715
AP.UN,Allied Properties Real Estate Investment Trust,Real Estate,False,CAD,9.81999969482422,2026-08-01,183955983.0,1806447697.0,-12.4701,,5.395604,7.33,1.094
EQX,Equinox Gold Corp.,Materials,True,USD,13.5,2026-08-01,789157839.0,10653630826.0,,,6.1774287,0.33,2.4
PBH,Premium Brands Holdings Corporation,Consumer Staples,True,CAD,95.25,2026-08-01,,,0.9,105.833,12.59984,3.67,0.894
RUS,Russel Metals Inc.,Industrials,False,CAD,69.68000030517578,2026-08-01,54911755.0,3826251105.0,3.59,19.409,17.60485,2.62,1.101
GSY,goeasy Ltd.,Financials,False,CAD,48.72999954223633,2026-08-01,16033683.0,781321365.0,,,9.311471,17.95,1.301
BIP.UN,Brookfield Infrastructure Partners L.P.,Utilities,True,USD,56.13999938964844,2026-08-01,457606976.0,25690055353.0,0.14,401.0,26.9723,4.36,1.027
ARE,Aecon Group Inc.,Industrials,True,CAD,49.25,2026-08-01,68529529.0,3375079303.0,-2.58,,23.20377,1.7,1.235
PPL,Pembina Pipeline Corporation,Energy,True,CAD,68.04000091552734,2026-08-01,581555000.0,39569002732.0,3.05,22.308,21.677696,4.29,0.71
EMP.A,Empire Company Limited,Consumer Staples,False,CAD,51.27999877929688,2026-08-01,125689580.0,6445361509.0,0.66,77.697,13.193813,1.76,0.352
DML,Denison Mines Corp.,Energy,True,CAD,4.199999809265137,2026-08-01,905016962.0,3801071068.0,-0.32,,-74.04795,,1.601
FVI,Fortuna Mining Corp.,Materials,True,USD,12.729999542236328,2026-08-01,302957387.0,3856647398.0,,,5.475853,,2.12
LNR,Linamar Corporation,Consumer Discretionary,False,CAD,105.66999816894533,2026-08-01,59213688.0,6257110303.0,10.5,10.064,8.000309,1.12,1.324
TIH,Toromont Industries Ltd.,Industrials,False,CAD,221.92999267578125,2026-08-01,81562763.0,18101223395.0,6.09,36.442,23.802347,1.06,0.972
BB,BlackBerry Limited,Information Technology,True,USD,12.479999542236328,2026-08-01,586100431.0,7314533111.0,0.09,138.667,38.96062,,1.46
CJT,Cargojet Inc.,Industrials,False,CAD,88.51000213623047,2026-08-01,14921249.0,1320679781.0,4.69,18.872,21.15091,1.82,1.159
SSRM,SSR Mining Inc.,Materials,True,USD,37.45000076293945,2026-08-01,207491071.0,7770540767.0,,,5.7555075,,0.877
VZLA,Vizsla Silver Corp.,Materials,True,USD,4.78000020980835,2026-08-01,351018130.0,1677866735.0,-0.3441,,4.2555423,,1.592
TCL.A,Transcontinental Inc.,Consumer Discretionary,False,CAD,5.409999847412109,2026-08-01,74112647.0,400949409.0,3.94,1.373,4.7436996,13.58,1.265
FTS,Fortis Inc.,Utilities,True,CAD,79.61000061035156,2026-08-01,510900000.0,40672749312.0,3.53,22.552,20.540752,3.21,0.427
BMO,Bank of Montreal,Financials,True,CAD,253.0500030517578,2026-08-01,700416619.0,177240427575.0,12.56,20.147,15.531773,2.72,1.152
ARX,ARC Resources Ltd.,Energy,False,CAD,33.06999969482422,2026-08-01,565874000.0,18713453007.0,2.78,11.896,13.175299,2.51,0.114
LAC,Lithium Americas Corp.,Materials,True,USD,4.329999923706055,2026-08-01,351062478.0,1520100503.0,-0.94,,-20.83984,,3.454
TRP,TC Energy Corporation,Energy,True,CAD,91.95999908447266,2026-08-01,1041766896.0,95800882802.0,3.55,25.904,23.451166,3.72,0.978
SAP,Saputo Inc.,Consumer Staples,False,CAD,39.400001525878906,2026-08-01,400448655.0,15777677618.0,0.16,246.25,16.750134,2.03,0.126
DFY,Definity Financial Corporation,Financials,False,CAD,81.77999877929688,2026-08-01,120215798.0,9831247814.0,4.0,20.445,17.631725,1.07,0.127
ERO,Ero Copper Corp.,Materials,True,USD,40.81999969482422,2026-08-01,104277968.0,4256626622.0,,,6.1413655,,1.586
OLA,Orla Mining Ltd.,Materials,True,USD,13.460000038146973,2026-08-01,375312739.0,5051709481.0,0.25,53.84,5.441653,0.67,1.172
STN,Stantec Inc.,Industrials,True,CAD,102.0999984741211,2026-08-01,114066995.0,11646240015.0,4.3,23.744,14.867214,0.95,0.722
GIL,Gildan Activewear Inc.,Consumer Discretionary,True,USD,79.79000091552734,2026-08-01,185191848.0,14776457721.0,0.63,126.651,10.344775,1.81,1.11
TRI,Thomson Reuters Corporation,Industrials,True,USD,153.1199951171875,2026-08-01,436538837.0,66842824590.0,3.4533,44.34,21.710293,2.66,0.171
IFC,Intact Financial Corporation,Financials,False,CAD,283.1600036621094,2026-08-01,176349221.0,49935046064.0,17.45,16.227,15.133126,2.14,0.291
CTC.A,Canadian Tire Corporation Limited,Consumer Discretionary,False,CAD,205.2899932861328,2026-08-01,49189530.0,10098118283.0,,,12.933014,3.52,0.975
NWC,North West Company Inc.,Consumer Staples,False,CAD,50.77999877929688,2026-08-01,,,2.65,19.162,13.335784,3.23,0.509
TXG,Torex Gold Resources Inc.,Materials,False,USD,56.47999954223633,2026-08-01,93346413.0,5272205364.0,,,5.1545405,1.19,1.454
DOL,Dollarama Inc.,Consumer Staples,False,CAD,190.8999938964844,2026-08-01,,,4.42,43.19,32.77,0.24,0.388
ABX,Barrick Gold Corporation,Materials,False,USD,53.7400016784668,2026-08-01,1675508360.0,90041822079.0,2.46,21.846,8.638827,1.9,1.106
EQB,EQB Inc.,Financials,False,CAD,139.77999877929688,2026-08-01,35434112.0,4952980132.0,7.51,18.613,11.580376,1.63,1.313
SJ,Stella-Jones Inc.,Materials,False,CAD,79.18000030517578,2026-08-01,54556381.0,4319774264.0,5.59,14.165,12.648825,1.76,0.303
BEP.UN,Brookfield Renewable Partners L.P.,Energy,True,USD,46.59000015258789,2026-08-01,303275965.0,14129627256.0,-0.58,,-18.640911,4.85,0.995
AEM,Agnico Eagle Mines Limited,Materials,True,USD,211.8300018310547,2026-08-01,506364864.0,107263270068.0,11.71,18.09,12.112904,1.21,0.619
ARIS,Aris Mining Corporation,Materials,True,USD,20.75,2026-08-01,206430693.0,4283436880.0,1.08,19.213,4.915794,,1.94
LSPD,Lightspeed Commerce Inc.,Information Technology,True,USD,14.65999984741211,2026-08-01,129299592.0,1895531999.0,-0.81,,11.399294,,1.797
NG,NovaGold Resources Inc.,Materials,True,USD,8.880000114440918,2026-08-01,438780614.0,3896371903.0,-0.29,,-26.547085,,2.158
AAUC,Allied Gold Corporation,Materials,True,USD,26.3700008392334,2026-08-01,126547893.0,3337068045.0,-0.75,,2.5636399,,0.608
CU,Canadian Utilities Limited,Utilities,False,CAD,55.56999969482422,2026-08-01,205731737.0,11432512562.0,1.78,31.219,20.017002,3.32,0.599
OR,Osisko Gold Royalties Ltd.,Materials,True,USD,43.29999923706055,2026-08-01,187495864.0,8118570768.0,,,21.888033,0.77,1.323
NA,National Bank of Canada,Financials,False,CAD,226.1000061035156,2026-08-01,385142589.0,87080741724.0,10.89,20.762,15.923803,2.33,1.189
PMZ.UN,Primaris Real Estate Investment Trust,Real Estate,False,CAD,22.65999984741211,2026-08-01,118070954.0,2675487800.0,1.0155,22.315,12.948571,3.81,1.062
RY,Royal Bank of Canada,Financials,True,CAD,293.4700012207031,2026-08-01,1389662335.0,407824207149.0,14.65,20.032,16.650251,2.4,0.932
DSV,Discovery Silver Corp.,Materials,False,USD,9.510000228881836,2026-08-01,810857272.0,7711252842.0,0.14,67.929,15.729408,,2.448
BNS,Bank of Nova Scotia,Financials,True,CAD,122.68000030517578,2026-08-01,1219093484.0,149558388989.0,7.05,17.401,13.205001,3.71,1.209
KEY,Keyera Corp.,Energy,False,CAD,58.38999938964844,2026-08-01,,,0.78,74.859,19.301394,3.63,0.824
EFX,Equifax Inc.,Industrials,True,USD,31.34000015258789,2026-08-01,122066954.0,3825578357.0,0.562,55.762,11.265277,0.54,2.076
ATH,Athabasca Oil Corporation,Energy,False,CAD,10.0600004196167,2026-08-01,481300000.0,4841878202.0,0.48,20.958,11.303371,,0.354
BDT,Bird Construction Inc.,Industrials,False,CAD,70.22000122070312,2026-08-01,55403298.0,3890419653.0,0.9,78.022,18.914225,1.26,0.735
WPM,Wheaton Precious Metals Corp.,Materials,True,USD,162.4199981689453,2026-08-01,454125089.0,73758996124.0,3.288,49.398,21.792578,0.71,1.191
TKO,Taseko Mines Limited,Materials,False,CAD,11.010000228881836,2026-08-01,,,-0.06,,9.330509,,2.006
CPX,Capital Power Corporation,Utilities,False,CAD,67.31999969482422,2026-08-01,157080000.0,10574625552.0,-1.33,,23.338696,4.22,0.41
DSG,Descartes Systems Group Inc.,Information Technology,True,USD,108.9000015258789,2026-08-01,85690827.0,9331731191.0,1.89,57.619,23.895853,,0.186
CURA,"Curaleaf Holdings, Inc.",Healthcare,True,USD,12.640000343322754,2026-08-01,232910632.0,2943990468.0,-0.51,,-13.967971,,1.628
WSP,WSP Global Inc.,Industrials,False,CAD,180.7100067138672,2026-08-01,134816636.0,24362715197.0,6.26,28.867,13.7509165,0.88,0.465
