ticker,company,period_end,fiscal_quarter,currency,revenue,gross_profit,ebit,ebitda,net_income,eps_diluted,gross_margin_pct,ebit_margin_pct,ebitda_margin_pct,net_margin_pct,period_start,period_type,q4_derived,source
AAUC,Allied Gold Corporation,2024-12-31,FY2024,USD,730382000.0,220234000.0,-5366000.0,42255000.0,-119551000.0,-1.29,30.153,-0.735,5.785,-16.368,2024-01-01,FY,False,SEC XBRL (IFRS)
AAUC,Allied Gold Corporation,2025-12-31,FY2025,USD,1331824000.0,506542000.0,237353000.0,309096000.0,3307000.0,-0.45,38.034,17.822,23.208,0.248,2025-01-01,FY,False,SEC XBRL (IFRS)
AEM,Agnico Eagle Mines Limited,2020-12-31,FY2020,USD,3138113000.0,1713961000.0,1600469000.0,,511607000.0,2.1,54.618,51.001,,16.303,2020-01-01,FY,False,SEC XBRL (IFRS)
AEM,Agnico Eagle Mines Limited,2021-12-31,FY2021,USD,3869625000.0,2096504000.0,1943990000.0,,561945000.0,2.3,54.178,50.237,,14.522,2021-01-01,FY,False,SEC XBRL (IFRS)
AEM,Agnico Eagle Mines Limited,2022-12-31,FY2022,USD,5741162000.0,3097841000.0,2771724000.0,,670249000.0,1.53,53.958,48.278,,11.674,2022-01-01,FY,False,SEC XBRL (IFRS)
AEM,Agnico Eagle Mines Limited,2023-12-31,FY2023,USD,6626909000.0,3693646000.0,,,1941307000.0,3.95,55.737,,,29.294,2023-01-01,FY,False,SEC XBRL (IFRS)
AEM,Agnico Eagle Mines Limited,2024-12-31,FY2024,USD,8285753000.0,5199673000.0,,,1895581000.0,3.78,62.754,,,22.878,2024-01-01,FY,False,SEC XBRL (IFRS)
AEM,Agnico Eagle Mines Limited,2025-12-31,FY2025,USD,11907851000.0,8567167000.0,,,4461461000.0,8.86,71.946,,,37.467,2025-01-01,FY,False,SEC XBRL (IFRS)
AGI,Alamos Gold Inc.,2020-12-31,FY2020,USD,748100000.0,266100000.0,227600000.0,,144200000.0,0.37,35.57,30.424,,19.275,2020-01-01,FY,False,SEC XBRL (IFRS)
AGI,Alamos Gold Inc.,2021-12-31,FY2021,USD,823600000.0,289500000.0,14900000.0,,-66700000.0,-0.17,35.151,1.809,,-8.099,2021-01-01,FY,False,SEC XBRL (IFRS)
AGI,Alamos Gold Inc.,2022-12-31,FY2022,USD,821200000.0,212300000.0,111500000.0,,37100000.0,0.09,25.852,13.578,,4.518,2022-01-01,FY,False,SEC XBRL (IFRS)
AGI,Alamos Gold Inc.,2023-12-31,FY2023,USD,1023300000.0,385600000.0,318100000.0,,210000000.0,0.53,37.682,31.086,,20.522,2023-01-01,FY,False,SEC XBRL (IFRS)
AGI,Alamos Gold Inc.,2024-12-31,FY2024,USD,1346900000.0,595800000.0,561900000.0,,284300000.0,0.69,44.235,41.718,,21.108,2024-01-01,FY,False,SEC XBRL (IFRS)
AGI,Alamos Gold Inc.,2025-12-31,FY2025,USD,1808800000.0,999300000.0,1097500000.0,,885800000.0,2.1,55.247,60.676,,48.972,2025-01-01,FY,False,SEC XBRL (IFRS)
AQN,Algonquin Power & Utilities Corp.,2020-12-31,FY2020,USD,1676991000.0,1156539000.0,,,,,68.965,,,,2020-01-01,FY,False,SEC XBRL (IFRS)
AQN,Algonquin Power & Utilities Corp.,2021-12-31,FY2021,USD,2274142000.0,,,,,,,,,,2021-01-01,FY,False,SEC XBRL (IFRS)
AQN,Algonquin Power & Utilities Corp.,2022-12-31,FY2022,USD,2765013000.0,,,,,,,,,,2022-01-01,FY,False,SEC XBRL (IFRS)
AQN,Algonquin Power & Utilities Corp.,2023-12-31,FY2023,USD,2403924000.0,,,,,,,,,,2023-01-01,FY,False,SEC XBRL (IFRS)
AQN,Algonquin Power & Utilities Corp.,2024-12-31,FY2024,USD,2319500000.0,,,,,,,,,,2024-01-01,FY,False,SEC XBRL (IFRS)
AQN,Algonquin Power & Utilities Corp.,2025-12-31,FY2025,USD,2433600000.0,,,,,,,,,,2025-01-01,FY,False,SEC XBRL (IFRS)
ARIS,Aris Mining Corporation,2022-12-31,FY2022,USD,399963000.0,204140000.0,61491000.0,,,-0.25,51.04,15.374,,,2022-01-01,FY,False,SEC XBRL (IFRS)
ARIS,Aris Mining Corporation,2023-12-31,FY2023,USD,447674000.0,185908000.0,108827000.0,,11419000.0,0.08,41.528,24.309,,2.551,2023-01-01,FY,False,SEC XBRL (IFRS)
ARIS,Aris Mining Corporation,2024-12-31,FY2024,USD,510604000.0,195845000.0,117438000.0,,23291000.0,0.14,38.356,23.0,,4.561,2024-01-01,FY,False,SEC XBRL (IFRS)
ARIS,Aris Mining Corporation,2025-12-31,FY2025,USD,927664000.0,513158000.0,359367000.0,,79366000.0,0.41,55.317,38.739,,8.555,2025-01-01,FY,False,SEC XBRL (IFRS)
ASM,Avino Silver & Gold Mines Ltd.,2020-12-31,FY2020,USD,16022000.0,190000.0,-8890000.0,-6895000.0,-7651000.0,-0.09,1.186,-55.486,-43.035,-47.753,2020-01-01,FY,False,SEC XBRL (IFRS)
ASM,Avino Silver & Gold Mines Ltd.,2021-12-31,FY2021,USD,11228000.0,3547000.0,-1618000.0,358000.0,-2057000.0,-0.02,31.591,-14.41,3.188,-18.32,2021-01-01,FY,False,SEC XBRL (IFRS)
ASM,Avino Silver & Gold Mines Ltd.,2022-12-31,FY2022,USD,44187000.0,15062000.0,7680000.0,7820000.0,3096000.0,0.03,34.087,17.381,17.698,7.007,2022-01-01,FY,False,SEC XBRL (IFRS)
ASM,Avino Silver & Gold Mines Ltd.,2023-12-31,FY2023,USD,43889000.0,7819000.0,-510000.0,-375000.0,542000.0,0.0,17.815,-1.162,-0.854,1.235,2023-01-01,FY,False,SEC XBRL (IFRS)
ASM,Avino Silver & Gold Mines Ltd.,2024-12-31,FY2024,USD,66178000.0,23201000.0,14421000.0,14574000.0,8100000.0,0.06,35.058,21.791,22.022,12.24,2024-01-01,FY,False,SEC XBRL (IFRS)
ASM,Avino Silver & Gold Mines Ltd.,2025-12-31,FY2025,USD,92227000.0,48535000.0,39898000.0,40062000.0,26643000.0,0.17,52.626,43.261,43.438,28.889,2025-01-01,FY,False,SEC XBRL (IFRS)
BTO,B2Gold Corp.,2020-12-31,FY2020,USD,,958287000.0,1052934000.0,1355848000.0,672413000.0,0.59,,,,,2020-01-01,FY,False,SEC XBRL (IFRS)
BTO,B2Gold Corp.,2021-12-31,FY2021,USD,2985000.0,,713593000.0,1094929000.0,460825000.0,0.4,,23905.963,36681.039,15438.023,2021-01-01,FY,False,SEC XBRL (IFRS)
BTO,B2Gold Corp.,2022-12-31,FY2022,USD,11964000.0,,502397000.0,888868000.0,286723000.0,0.24,,4199.239,7429.522,2396.548,2022-01-01,FY,False,SEC XBRL (IFRS)
BTO,B2Gold Corp.,2023-12-31,FY2023,USD,18519000.0,,327397000.0,731768000.0,41588000.0,0.01,,1767.898,3951.444,224.569,2023-01-01,FY,False,SEC XBRL (IFRS)
BTO,B2Gold Corp.,2024-12-31,FY2024,USD,20734000.0,,-248327000.0,121234000.0,-626653000.0,-0.48,,-1197.68,584.711,-3022.345,2024-01-01,FY,False,SEC XBRL (IFRS)
BTO,B2Gold Corp.,2025-12-31,FY2025,USD,12448000.0,,1382259000.0,1825371000.0,426699000.0,0.28,,11104.266,14663.97,3427.852,2025-01-01,FY,False,SEC XBRL (IFRS)
ATS,ATS Corporation,2023-03-31,FY2023,CAD,2577384000.0,725810000.0,222489000.0,,127701000.0,1.38,28.161,8.632,,4.955,2022-04-01,FY,False,SEC XBRL (IFRS)
ATS,ATS Corporation,2024-03-31,FY2024,CAD,3032883000.0,855504000.0,315391000.0,,194181000.0,1.97,28.208,10.399,,6.403,2023-04-01,FY,False,SEC XBRL (IFRS)
ATS,ATS Corporation,2025-03-31,FY2025,CAD,2533288000.0,646647000.0,9256000.0,,-27978000.0,-0.29,25.526,0.365,,-1.104,2024-04-01,FY,False,SEC XBRL (IFRS)
BCE,BCE Inc.,2020-12-31,FY2020,CAD,22883000000.0,15916000000.0,3265000000.0,7669000000.0,2699000000.0,2.76,69.554,14.268,33.514,11.795,2020-01-01,FY,False,SEC XBRL (IFRS)
BCE,BCE Inc.,2021-12-31,FY2021,CAD,23449000000.0,16165000000.0,3936000000.0,8545000000.0,2892000000.0,2.99,68.937,16.785,36.441,12.333,2021-01-01,FY,False,SEC XBRL (IFRS)
BCE,BCE Inc.,2022-12-31,FY2022,CAD,24174000000.0,16533000000.0,3893000000.0,8616000000.0,2926000000.0,2.98,68.392,16.104,35.642,12.104,2022-01-01,FY,False,SEC XBRL (IFRS)
BCE,BCE Inc.,2023-12-31,FY2023,CAD,24673000000.0,16747000000.0,3323000000.0,8241000000.0,2327000000.0,2.28,67.876,13.468,33.401,9.431,2023-01-01,FY,False,SEC XBRL (IFRS)
BCE,BCE Inc.,2024-12-31,FY2024,CAD,24409000000.0,16704000000.0,952000000.0,5993000000.0,375000000.0,0.18,68.434,3.9,24.552,1.536,2024-01-01,FY,False,SEC XBRL (IFRS)
BCE,BCE Inc.,2025-12-31,FY2025,CAD,24468000000.0,16748000000.0,7707000000.0,12945000000.0,6514000000.0,6.79,68.449,31.498,52.906,26.623,2025-01-01,FY,False,SEC XBRL (IFRS)
BHC,Bausch Health Companies Inc.,2020-12-31,FY2020,USD,8027000000.0,,676000000.0,2501000000.0,-559000000.0,-1.58,,8.422,31.157,-6.964,2020-01-01,FY,False,SEC XBRL (IFRS)
BHC,Bausch Health Companies Inc.,2021-12-31,FY2021,USD,8434000000.0,,450000000.0,2002000000.0,-937000000.0,-2.64,,5.336,23.737,-11.11,2021-01-01,FY,False,SEC XBRL (IFRS)
BHC,Bausch Health Companies Inc.,2022-12-31,FY2022,USD,8124000000.0,,454000000.0,1848000000.0,-212000000.0,-0.62,,5.588,22.747,-2.61,2022-01-01,FY,False,SEC XBRL (IFRS)
BHC,Bausch Health Companies Inc.,2023-12-31,FY2023,USD,8757000000.0,,963000000.0,2227000000.0,-611000000.0,-1.62,,10.997,25.431,-6.977,2023-01-01,FY,False,SEC XBRL (IFRS)
BHC,Bausch Health Companies Inc.,2024-12-31,FY2024,USD,9625000000.0,,1546000000.0,2813000000.0,-72000000.0,-0.13,,16.062,29.226,-0.748,2024-01-01,FY,False,SEC XBRL (IFRS)
BHC,Bausch Health Companies Inc.,2025-12-31,FY2025,USD,10266000000.0,,1813000000.0,3021000000.0,120000000.0,0.42,,17.66,29.427,1.169,2025-01-01,FY,False,SEC XBRL (IFRS)
BNS,Bank of Nova Scotia,2020-10-31,FY2020,CAD,31336000000.0,,8396000000.0,9942000000.0,6853000000.0,5.3,,26.793,31.727,21.869,2019-11-01,FY,False,SEC XBRL (IFRS)
BNS,Bank of Nova Scotia,2021-10-31,FY2021,CAD,31252000000.0,,12826000000.0,14337000000.0,9955000000.0,7.7,,41.041,45.875,31.854,2020-11-01,FY,False,SEC XBRL (IFRS)
BNS,Bank of Nova Scotia,2022-10-31,FY2022,CAD,31416000000.0,,12932000000.0,14463000000.0,10174000000.0,8.02,,41.164,46.037,32.385,2021-11-01,FY,False,SEC XBRL (IFRS)
BNS,Bank of Nova Scotia,2023-10-31,FY2023,CAD,32214000000.0,,9671000000.0,11491000000.0,7450000000.0,5.72,,30.021,35.671,23.127,2022-11-01,FY,False,SEC XBRL (IFRS)
BNS,Bank of Nova Scotia,2024-10-31,FY2024,CAD,33670000000.0,,9924000000.0,11684000000.0,7892000000.0,5.87,,29.474,34.702,23.439,2023-11-01,FY,False,SEC XBRL (IFRS)
BNS,Bank of Nova Scotia,2025-10-31,FY2025,CAD,37741000000.0,,10509000000.0,12113000000.0,7758000000.0,5.67,,27.845,32.095,20.556,2024-11-01,FY,False,SEC XBRL (IFRS)
BYD,Boyd Group Services Inc.,2024-12-31,FY2024,USD,3070342000.0,1396508000.0,31660000.0,,24544000.0,1.14,45.484,1.031,,0.799,2024-01-01,FY,False,SEC XBRL (IFRS)
BYD,Boyd Group Services Inc.,2025-12-31,FY2025,USD,3142794000.0,1458594000.0,28724000.0,,18420000.0,0.82,46.411,0.914,,0.586,2025-01-01,FY,False,SEC XBRL (IFRS)
BMO,Bank of Montreal,2020-10-31,FY2020,CAD,25186000000.0,,6348000000.0,,5097000000.0,7.55,,25.204,,20.237,2019-11-01,FY,False,SEC XBRL (IFRS)
BMO,Bank of Montreal,2021-10-31,FY2021,CAD,27186000000.0,,10258000000.0,,7754000000.0,11.58,,37.733,,28.522,2020-11-01,FY,False,SEC XBRL (IFRS)
BMO,Bank of Montreal,2022-10-31,FY2022,CAD,33710000000.0,,17886000000.0,,13537000000.0,19.99,,53.058,,40.157,2021-11-01,FY,False,SEC XBRL (IFRS)
BMO,Bank of Montreal,2023-10-31,FY2023,CAD,29259000000.0,,5947000000.0,,4437000000.0,5.76,,20.325,,15.165,2022-11-01,FY,False,SEC XBRL (IFRS)
BMO,Bank of Montreal,2024-10-31,FY2024,CAD,32795000000.0,,9535000000.0,,7327000000.0,9.51,,29.075,,22.342,2023-11-01,FY,False,SEC XBRL (IFRS)
BMO,Bank of Montreal,2025-10-31,FY2025,CAD,36274000000.0,,11550000000.0,,8725000000.0,11.44,,31.841,,24.053,2024-11-01,FY,False,SEC XBRL (IFRS)
BTE,Baytex Energy Corp.,2020-12-31,FY2020,CAD,811742000.0,,-2599357000.0,,-2438964000.0,-4.35,,-320.22,,-300.46,2020-01-01,FY,False,SEC XBRL (IFRS)
BTE,Baytex Energy Corp.,2021-12-31,FY2021,CAD,1529039000.0,,1694840000.0,,1613600000.0,2.82,,110.843,,105.53,2021-01-01,FY,False,SEC XBRL (IFRS)
BTE,Baytex Energy Corp.,2022-12-31,FY2022,CAD,2326081000.0,,890915000.0,,855605000.0,1.52,,38.301,,36.783,2022-01-01,FY,False,SEC XBRL (IFRS)
BTE,Baytex Energy Corp.,2023-12-31,FY2023,CAD,2712829000.0,,-516582000.0,,-233356000.0,-0.33,,-19.042,,-8.602,2023-01-01,FY,False,SEC XBRL (IFRS)
BTE,Baytex Energy Corp.,2024-12-31,FY2024,CAD,1612841000.0,,-16718000.0,,236597000.0,0.29,,-1.037,,14.67,2024-01-01,FY,False,SEC XBRL (IFRS)
BTE,Baytex Energy Corp.,2025-12-31,FY2025,CAD,1480815000.0,,-153110000.0,,-603779000.0,-0.78,,-10.34,,-40.773,2025-01-01,FY,False,SEC XBRL (IFRS)
BAM,Brookfield Asset Management Ltd.,2023-12-31,FY2023,USD,4062000000.0,,,,2137000000.0,1.13,,,,52.61,2023-01-01,FY,False,SEC XBRL (IFRS)
BAM,Brookfield Asset Management Ltd.,2024-12-31,FY2024,USD,3980000000.0,,,,2108000000.0,,,,,52.965,2024-01-01,FY,False,SEC XBRL (IFRS)
BAM,Brookfield Asset Management Ltd.,2025-12-31,FY2025,USD,4817000000.0,,,,2398000000.0,,,,,49.782,2025-01-01,FY,False,SEC XBRL (IFRS)
BIP.UN,Brookfield Infrastructure Partners L.P.,2020-12-31,FY2020,USD,8885000000.0,2337000000.0,2025000000.0,3730000000.0,904000000.0,0.23,26.303,22.791,41.981,10.174,2020-01-01,FY,False,SEC XBRL (IFRS)
BIP.UN,Brookfield Infrastructure Partners L.P.,2021-12-31,FY2021,USD,11537000000.0,3290000000.0,2884000000.0,4920000000.0,2719000000.0,1.16,28.517,24.998,42.645,23.568,2021-01-01,FY,False,SEC XBRL (IFRS)
BIP.UN,Brookfield Infrastructure Partners L.P.,2022-12-31,FY2022,USD,14427000000.0,3917000000.0,3484000000.0,5642000000.0,1375000000.0,0.14,27.15,24.149,39.107,9.531,2022-01-01,FY,False,SEC XBRL (IFRS)
BIP.UN,Brookfield Infrastructure Partners L.P.,2023-12-31,FY2023,USD,17931000000.0,4461000000.0,4048000000.0,6787000000.0,1448000000.0,0.14,24.879,22.575,37.851,8.075,2023-01-01,FY,False,SEC XBRL (IFRS)
BIP.UN,Brookfield Infrastructure Partners L.P.,2024-12-31,FY2024,USD,21039000000.0,5363000000.0,4958000000.0,8602000000.0,1683000000.0,0.04,25.491,23.566,40.886,7.999,2024-01-01,FY,False,SEC XBRL (IFRS)
BIP.UN,Brookfield Infrastructure Partners L.P.,2025-12-31,FY2025,USD,23100000000.0,6224000000.0,5798000000.0,9822000000.0,2532000000.0,0.9,26.944,25.1,42.519,10.961,2025-01-01,FY,False,SEC XBRL (IFRS)
BN,Brookfield Corporation,2020-12-31,FY2020,USD,62752000000.0,27602000000.0,,,707000000.0,-0.12,43.986,,,1.127,2020-01-01,FY,False,SEC XBRL (IFRS)
BN,Brookfield Corporation,2021-12-31,FY2021,USD,75731000000.0,31582000000.0,,,12388000000.0,2.39,41.703,,,16.358,2021-01-01,FY,False,SEC XBRL (IFRS)
BN,Brookfield Corporation,2022-12-31,FY2022,USD,92769000000.0,38725000000.0,,,5195000000.0,1.19,41.743,,,5.6,2022-01-01,FY,False,SEC XBRL (IFRS)
BN,Brookfield Corporation,2023-12-31,FY2023,USD,95924000000.0,43700000000.0,,,5105000000.0,0.61,45.557,,,5.322,2023-01-01,FY,False,SEC XBRL (IFRS)
BN,Brookfield Corporation,2024-12-31,FY2024,USD,86006000000.0,45882000000.0,,,1853000000.0,0.2,53.347,,,2.155,2024-01-01,FY,False,SEC XBRL (IFRS)
BN,Brookfield Corporation,2025-12-31,FY2025,USD,75100000000.0,46749000000.0,,,3235000000.0,0.49,62.249,,,4.308,2025-01-01,FY,False,SEC XBRL (IFRS)
DOO,BRP Inc.,2021-01-31,FY2021,CAD,5952900000.0,1472300000.0,465600000.0,,362900000.0,4.1,24.732,7.821,,6.096,2020-02-01,FY,False,SEC XBRL (IFRS)
DOO,BRP Inc.,2022-01-31,FY2022,CAD,7647900000.0,2132200000.0,1187000000.0,,794600000.0,9.31,27.88,15.521,,10.39,2021-02-01,FY,False,SEC XBRL (IFRS)
DOO,BRP Inc.,2023-01-31,FY2023,CAD,10033400000.0,2499400000.0,1367100000.0,,865400000.0,10.67,24.911,13.625,,8.625,2022-02-01,FY,False,SEC XBRL (IFRS)
DOO,BRP Inc.,2024-01-31,FY2024,CAD,9963000000.0,2634000000.0,1407000000.0,,744500000.0,9.47,26.438,14.122,,7.473,2023-02-01,FY,False,SEC XBRL (IFRS)
DOO,BRP Inc.,2025-01-31,FY2025,CAD,7902900000.0,1777900000.0,554300000.0,,-213000000.0,-2.86,22.497,7.014,,-2.695,2024-02-01,FY,False,SEC XBRL (IFRS)
DOO,BRP Inc.,2026-01-31,FY2026,CAD,8442700000.0,1887300000.0,399400000.0,,289300000.0,3.95,22.354,4.731,,3.427,2025-02-01,FY,False,SEC XBRL (IFRS)
BLX,Boralex Inc.,2020-12-31,FY2020,USD,99157000.0,,99157000.0,,63593000.0,1.6,,100.0,,64.134,2020-01-01,FY,False,SEC XBRL (IFRS)
BLX,Boralex Inc.,2021-12-31,FY2021,USD,104206000.0,,104206000.0,,62697000.0,1.62,,100.0,,60.166,2021-01-01,FY,False,SEC XBRL (IFRS)
BLX,Boralex Inc.,2022-12-31,FY2022,USD,166672000.0,,166672000.0,,92040000.0,2.54,,100.0,,55.222,2022-01-01,FY,False,SEC XBRL (IFRS)
BLX,Boralex Inc.,2023-12-31,FY2023,USD,266119000.0,,266119000.0,,166158000.0,4.55,,100.0,,62.437,2023-01-01,FY,False,SEC XBRL (IFRS)
BLX,Boralex Inc.,2024-12-31,FY2024,USD,303636000.0,,303636000.0,,205873000.0,,,100.0,,67.803,2024-01-01,FY,False,SEC XBRL (IFRS)
CAE,CAE Inc.,2021-03-31,FY2021,CAD,2981900000.0,765000000.0,48400000.0,367900000.0,-47500000.0,,25.655,1.623,12.338,-1.593,2020-04-01,FY,False,SEC XBRL (IFRS)
CAE,CAE Inc.,2022-03-31,FY2022,CAD,3371300000.0,955500000.0,284200000.0,594700000.0,150000000.0,,28.342,8.43,17.64,4.449,2021-04-01,FY,False,SEC XBRL (IFRS)
CAE,CAE Inc.,2023-03-31,FY2023,CAD,4010600000.0,1083500000.0,466000000.0,808200000.0,231900000.0,,27.016,11.619,20.152,5.782,2022-04-01,FY,False,SEC XBRL (IFRS)
CAE,CAE Inc.,2024-03-31,FY2024,CAD,4282800000.0,1154500000.0,-185400000.0,189400000.0,-296300000.0,,26.957,-4.329,4.422,-6.918,2023-04-01,FY,False,SEC XBRL (IFRS)
CAE,CAE Inc.,2025-03-31,FY2025,CAD,4707900000.0,1300100000.0,729200000.0,1143900000.0,415000000.0,,27.615,15.489,24.297,8.815,2024-04-01,FY,False,SEC XBRL (IFRS)
CCO,Cameco Corporation,2020-12-31,FY2020,CAD,1800073000.0,106449000.0,-78726000.0,129936000.0,-53197000.0,-0.13,5.914,-4.373,7.218,-2.955,2020-01-01,FY,False,SEC XBRL (IFRS)
CCO,Cameco Corporation,2021-12-31,FY2021,CAD,1474984000.0,1934000.0,-136212000.0,54203000.0,-102654000.0,-0.26,0.131,-9.235,3.675,-6.96,2021-01-01,FY,False,SEC XBRL (IFRS)
CCO,Cameco Corporation,2022-12-31,FY2022,CAD,1868003000.0,233291000.0,15051000.0,192427000.0,89264000.0,0.22,12.489,0.806,10.301,4.779,2022-01-01,FY,False,SEC XBRL (IFRS)
CCO,Cameco Corporation,2023-12-31,FY2023,CAD,2587758000.0,561666000.0,282861000.0,503185000.0,360816000.0,0.83,21.705,10.931,19.445,13.943,2023-01-01,FY,False,SEC XBRL (IFRS)
CCO,Cameco Corporation,2024-12-31,FY2024,CAD,3135772000.0,782582000.0,510114000.0,790816000.0,171842000.0,0.39,24.957,16.268,25.219,5.48,2024-01-01,FY,False,SEC XBRL (IFRS)
CCO,Cameco Corporation,2025-12-31,FY2025,CAD,3481933000.0,970273000.0,618142000.0,911236000.0,589542000.0,1.35,27.866,17.753,26.17,16.931,2025-01-01,FY,False,SEC XBRL (IFRS)
CNR,Canadian National Railway Company,2020-12-31,FY2020,CAD,13819000000.0,,4777000000.0,,3562000000.0,5.0,,34.568,,25.776,2020-01-01,FY,False,SEC XBRL (IFRS)
CNR,Canadian National Railway Company,2022-12-31,FY2022,CAD,17107000000.0,,6840000000.0,8569000000.0,5118000000.0,7.44,,39.984,50.091,29.918,2022-01-01,FY,False,SEC XBRL (IFRS)
CNR,Canadian National Railway Company,2023-12-31,FY2023,CAD,16828000000.0,,6597000000.0,8414000000.0,5625000000.0,8.53,,39.203,50.0,33.426,2023-01-01,FY,False,SEC XBRL (IFRS)
CNR,Canadian National Railway Company,2024-12-31,FY2024,CAD,17046000000.0,,6247000000.0,8139000000.0,4448000000.0,7.01,,36.648,47.747,26.094,2024-01-01,FY,False,SEC XBRL (IFRS)
CNR,Canadian National Railway Company,2025-12-31,FY2025,CAD,17304000000.0,,6587000000.0,8525000000.0,4720000000.0,7.57,,38.066,49.266,27.277,2025-01-01,FY,False,SEC XBRL (IFRS)
CNQ,Canadian Natural Resources Limited,2020-12-31,FY2020,CAD,16893000000.0,,-873000000.0,5173000000.0,-435000000.0,-0.37,,-5.168,30.622,-2.575,2020-01-01,FY,False,SEC XBRL (IFRS)
CNQ,Canadian Natural Resources Limited,2021-12-31,FY2021,CAD,30057000000.0,,9911000000.0,15635000000.0,7664000000.0,6.46,,32.974,52.018,25.498,2021-01-01,FY,False,SEC XBRL (IFRS)
CNQ,Canadian Natural Resources Limited,2022-12-31,FY2022,CAD,42298000000.0,,13704000000.0,21057000000.0,10937000000.0,4.76,,32.399,49.782,25.857,2022-01-01,FY,False,SEC XBRL (IFRS)
CNQ,Canadian Natural Resources Limited,2023-12-31,FY2023,CAD,35968000000.0,,10165000000.0,16578000000.0,8233000000.0,3.74,,28.261,46.091,22.89,2023-01-01,FY,False,SEC XBRL (IFRS)
CNQ,Canadian Natural Resources Limited,2024-12-31,FY2024,CAD,35656000000.0,,8059000000.0,14740000000.0,6106000000.0,2.85,,22.602,41.339,17.125,2024-01-01,FY,False,SEC XBRL (IFRS)
CNQ,Canadian Natural Resources Limited,2025-12-31,FY2025,CAD,38762000000.0,,13241000000.0,22625000000.0,10820000000.0,5.16,,34.16,58.369,27.914,2025-01-01,FY,False,SEC XBRL (IFRS)
BB,BlackBerry Limited,2021-02-28,FY2021,USD,893000000.0,643000000.0,-1107000000.0,-909000000.0,-1104000000.0,-1.97,72.004,-123.964,-101.792,-123.628,2020-03-01,FY,False,SEC XBRL (IFRS)
BB,BlackBerry Limited,2022-02-28,FY2022,USD,718000000.0,467000000.0,-2000000.0,174000000.0,12000000.0,-0.31,65.042,-0.279,24.234,1.671,2021-03-01,FY,False,SEC XBRL (IFRS)
BB,BlackBerry Limited,2023-02-28,FY2023,USD,526300000.0,366600000.0,-206800000.0,-102100000.0,-734400000.0,-1.35,69.656,-39.293,-19.4,-139.54,2022-03-01,FY,False,SEC XBRL (IFRS)
BB,BlackBerry Limited,2024-02-29,FY2024,USD,759100000.0,490700000.0,11000000.0,69500000.0,-130200000.0,-0.22,64.642,1.449,9.156,-17.152,2023-03-01,FY,False,SEC XBRL (IFRS)
BB,BlackBerry Limited,2025-02-28,FY2025,USD,534900000.0,394900000.0,800000.0,45500000.0,-79000000.0,-0.13,73.827,0.15,8.506,-14.769,2024-03-01,FY,False,SEC XBRL (IFRS)
BB,BlackBerry Limited,2026-02-28,FY2026,USD,549100000.0,418200000.0,48300000.0,66100000.0,53200000.0,0.09,76.161,8.796,12.038,9.689,2025-03-01,FY,False,SEC XBRL (IFRS)
CLS,Celestica Inc.,2020-12-31,FY2020,USD,5748100000.0,437600000.0,127900000.0,,,0.47,7.613,2.225,,,2020-01-01,FY,False,SEC XBRL (IFRS)
CLS,Celestica Inc.,2021-12-31,FY2021,USD,5634700000.0,487000000.0,167700000.0,,,0.82,8.643,2.976,,,2021-01-01,FY,False,SEC XBRL (IFRS)
CLS,Celestica Inc.,2022-12-31,FY2022,USD,7250000000.0,636300000.0,263300000.0,379200000.0,180100000.0,1.18,8.777,3.632,5.23,2.484,2022-01-01,FY,False,SEC XBRL (IFRS)
CLS,Celestica Inc.,2023-12-31,FY2023,USD,7961000000.0,778500000.0,383200000.0,514000000.0,244400000.0,2.03,9.779,4.813,6.456,3.07,2023-01-01,FY,False,SEC XBRL (IFRS)
CLS,Celestica Inc.,2024-12-31,FY2024,USD,,,,,428000000.0,,,,,,2024-01-01,FY,False,SEC XBRL (IFRS)
CLS,Celestica Inc.,2025-12-31,FY2025,USD,,,,,832500000.0,,,,,,2025-01-01,FY,False,SEC XBRL (IFRS)
BEP.UN,Brookfield Renewable Partners L.P.,2020-12-31,FY2020,USD,3810000000.0,,,,-45000000.0,-0.61,,,,-1.181,2020-01-01,FY,False,SEC XBRL (IFRS)
BEP.UN,Brookfield Renewable Partners L.P.,2021-12-31,FY2021,USD,4096000000.0,,,,-66000000.0,-0.69,,,,-1.611,2021-01-01,FY,False,SEC XBRL (IFRS)
BEP.UN,Brookfield Renewable Partners L.P.,2022-12-31,FY2022,USD,4711000000.0,,,,138000000.0,-0.6,,,,2.929,2022-01-01,FY,False,SEC XBRL (IFRS)
BEP.UN,Brookfield Renewable Partners L.P.,2023-12-31,FY2023,USD,5038000000.0,,,,616000000.0,-0.32,,,,12.227,2023-01-01,FY,False,SEC XBRL (IFRS)
BEP.UN,Brookfield Renewable Partners L.P.,2024-12-31,FY2024,USD,5876000000.0,,,,-9000000.0,-0.89,,,,-0.153,2024-01-01,FY,False,SEC XBRL (IFRS)
BEP.UN,Brookfield Renewable Partners L.P.,2025-12-31,FY2025,USD,6407000000.0,,,,712000000.0,-0.25,,,,11.113,2025-01-01,FY,False,SEC XBRL (IFRS)
CVE,Cenovus Energy Inc.,2020-12-31,FY2020,CAD,13543000000.0,,-3230000000.0,,-2379000000.0,-1.94,,-23.85,,-17.566,2020-01-01,FY,False,SEC XBRL (IFRS)
CVE,Cenovus Energy Inc.,2021-12-31,FY2021,CAD,46357000000.0,,1315000000.0,,587000000.0,0.27,,2.837,,1.266,2021-01-01,FY,False,SEC XBRL (IFRS)
CVE,Cenovus Energy Inc.,2022-12-31,FY2022,CAD,66897000000.0,,8731000000.0,,6450000000.0,3.2,,13.051,,9.642,2022-01-01,FY,False,SEC XBRL (IFRS)
CVE,Cenovus Energy Inc.,2023-12-31,FY2023,CAD,52204000000.0,,5040000000.0,,4109000000.0,2.09,,9.654,,7.871,2023-01-01,FY,False,SEC XBRL (IFRS)
CVE,Cenovus Energy Inc.,2024-12-31,FY2024,CAD,54277000000.0,,4071000000.0,,3142000000.0,1.67,,7.5,,5.789,2024-01-01,FY,False,SEC XBRL (IFRS)
CVE,Cenovus Energy Inc.,2025-12-31,FY2025,CAD,49696000000.0,,4477000000.0,,3930000000.0,2.15,,9.009,,7.908,2025-01-01,FY,False,SEC XBRL (IFRS)
CM,Canadian Imperial Bank of Commerce,2020-10-31,FY2020,CAD,18741000000.0,,4890000000.0,,3792000000.0,8.22,,26.093,,20.234,2019-11-01,FY,False,SEC XBRL (IFRS)
CM,Canadian Imperial Bank of Commerce,2021-10-31,FY2021,CAD,20015000000.0,,8322000000.0,,6446000000.0,6.96,,41.579,,32.206,2020-11-01,FY,False,SEC XBRL (IFRS)
CM,Canadian Imperial Bank of Commerce,2022-10-31,FY2022,CAD,21833000000.0,,7973000000.0,,6243000000.0,6.68,,36.518,,28.594,2021-11-01,FY,False,SEC XBRL (IFRS)
CM,Canadian Imperial Bank of Commerce,2023-10-31,FY2023,CAD,23332000000.0,,6973000000.0,,5039000000.0,5.17,,29.886,,21.597,2022-11-01,FY,False,SEC XBRL (IFRS)
CM,Canadian Imperial Bank of Commerce,2024-10-31,FY2024,CAD,25606000000.0,,9166000000.0,,7154000000.0,7.28,,35.796,,27.939,2023-11-01,FY,False,SEC XBRL (IFRS)
CM,Canadian Imperial Bank of Commerce,2025-10-31,FY2025,CAD,29133000000.0,,10939000000.0,,8454000000.0,8.57,,37.548,,29.019,2024-11-01,FY,False,SEC XBRL (IFRS)
CIGI,Colliers International Group Inc.,2020-12-31,FY2020,USD,2786857000.0,,164578000.0,290484000.0,94489000.0,1.22,,5.906,10.423,3.391,2020-01-01,FY,False,SEC XBRL (IFRS)
CIGI,Colliers International Group Inc.,2021-12-31,FY2021,USD,4089129000.0,,-131501000.0,13593000.0,-237557000.0,-9.09,,-3.216,0.332,-5.809,2021-01-01,FY,False,SEC XBRL (IFRS)
CIGI,Colliers International Group Inc.,2022-12-31,FY2022,USD,4459487000.0,,332496000.0,509917000.0,194544000.0,1.05,,7.456,11.434,4.362,2022-01-01,FY,False,SEC XBRL (IFRS)
CIGI,Colliers International Group Inc.,2023-12-31,FY2023,USD,4335141000.0,,300935000.0,503471000.0,144691000.0,1.41,,6.942,11.614,3.338,2023-01-01,FY,False,SEC XBRL (IFRS)
CIGI,Colliers International Group Inc.,2024-12-31,FY2024,USD,4822024000.0,,389212000.0,610814000.0,236936000.0,3.22,,8.072,12.667,4.914,2024-01-01,FY,False,SEC XBRL (IFRS)
CIGI,Colliers International Group Inc.,2025-12-31,FY2025,USD,5558462000.0,,370958000.0,626973000.0,224553000.0,2.02,,6.674,11.28,4.04,2025-01-01,FY,False,SEC XBRL (IFRS)
GIB.A,CGI Inc.,2020-09-30,FY2020,CAD,12164115000.0,,1516267000.0,,1117862000.0,4.2,,12.465,,9.19,2019-10-01,FY,False,SEC XBRL (IFRS)
GIB.A,CGI Inc.,2021-09-30,FY2021,CAD,12126793000.0,,1837992000.0,,1369072000.0,5.41,,15.156,,11.29,2020-10-01,FY,False,SEC XBRL (IFRS)
GIB.A,CGI Inc.,2022-09-30,FY2022,CAD,12867201000.0,,1966959000.0,,1466142000.0,6.04,,15.287,,11.394,2021-10-01,FY,False,SEC XBRL (IFRS)
GIB.A,CGI Inc.,2023-09-30,FY2023,CAD,14296360000.0,,2197913000.0,,1631249000.0,6.86,,15.374,,11.41,2022-10-01,FY,False,SEC XBRL (IFRS)
GIB.A,CGI Inc.,2024-09-30,FY2024,CAD,14676152000.0,,2290951000.0,,1692715000.0,7.31,,15.61,,11.534,2023-10-01,FY,False,SEC XBRL (IFRS)
BBUC,Brookfield Business Corporation,2020-12-31,FY2020,USD,37635000000.0,9893000000.0,734000000.0,2899000000.0,580000000.0,-1.13,26.287,1.95,7.703,1.541,2020-01-01,FY,False,SEC XBRL (IFRS)
BBUC,Brookfield Business Corporation,2021-12-31,FY2021,USD,46587000000.0,,2318000000.0,4601000000.0,2153000000.0,3.28,,4.976,9.876,4.621,2021-01-01,FY,False,SEC XBRL (IFRS)
BBUC,Brookfield Business Corporation,2022-12-31,FY2022,USD,57385000000.0,,-79000000.0,3144000000.0,240000000.0,0.48,,-0.138,5.479,0.418,2022-01-01,FY,False,SEC XBRL (IFRS)
BBUC,Brookfield Business Corporation,2023-12-31,FY2023,USD,55068000000.0,,3722000000.0,7314000000.0,3777000000.0,6.49,,6.759,13.282,6.859,2023-01-01,FY,False,SEC XBRL (IFRS)
BBUC,Brookfield Business Corporation,2024-12-31,FY2024,USD,40620000000.0,,594000000.0,3798000000.0,895000000.0,-0.5,,1.462,9.35,2.203,2024-01-01,FY,False,SEC XBRL (IFRS)
BBUC,Brookfield Business Corporation,2025-12-31,FY2025,USD,27457000000.0,,480000000.0,3510000000.0,387000000.0,-0.3,,1.748,12.784,1.409,2025-01-01,FY,False,SEC XBRL (IFRS)
CURA,"Curaleaf Holdings, Inc.",2020-12-31,FY2020,USD,626637000.0,390513000.0,72437000.0,132360000.0,-56754000.0,-0.1,62.319,11.56,21.122,-9.057,2020-01-01,FY,False,SEC XBRL (IFRS)
CURA,"Curaleaf Holdings, Inc.",2021-12-31,FY2021,USD,1195990000.0,677946000.0,165991000.0,262208000.0,-118773000.0,-0.16,56.685,13.879,21.924,-9.931,2021-01-01,FY,False,SEC XBRL (IFRS)
DML,Denison Mines Corp.,2020-12-31,FY2020,CAD,14423000.0,4150000.0,-12907000.0,,-16283000.0,-0.03,28.773,-89.489,,-112.896,2020-01-01,FY,False,SEC XBRL (IFRS)
DML,Denison Mines Corp.,2021-12-31,FY2021,CAD,20000000.0,,21573000.0,,18977000.0,0.02,,107.865,,94.885,2021-01-01,FY,False,SEC XBRL (IFRS)
DML,Denison Mines Corp.,2022-11-30,FY2022,CAD,0.0,,,,,,,,,,2021-12-01,FY,False,SEC XBRL (IFRS)
DML,Denison Mines Corp.,2022-12-31,FY2022,CAD,8973000.0,,16049000.0,,14354000.0,0.02,,178.859,,159.969,2022-01-01,FY,False,SEC XBRL (IFRS)
DML,Denison Mines Corp.,2023-11-30,FY2023,CAD,0.0,,,,,,,,,,2022-12-01,FY,False,SEC XBRL (IFRS)
DML,Denison Mines Corp.,2023-12-31,FY2023,CAD,1855000.0,,92483000.0,,90375000.0,,,4985.606,,4871.968,2023-01-01,FY,False,SEC XBRL (IFRS)
DML,Denison Mines Corp.,2024-11-30,FY2024,CAD,0.0,,,,,,,,,,2023-12-01,FY,False,SEC XBRL (IFRS)
DML,Denison Mines Corp.,2024-12-31,FY2024,CAD,4023000.0,,-94500000.0,,-91119000.0,,,-2348.993,,-2264.952,2024-01-01,FY,False,SEC XBRL (IFRS)
DML,Denison Mines Corp.,2025-12-31,FY2025,CAD,4918000.0,,-61354000.0,,-217288000.0,,,-1247.54,,-4418.219,2025-01-01,FY,False,SEC XBRL (IFRS)
EMA,Emera Incorporated,2020-12-31,FY2020,CAD,5506000000.0,,1147000000.0,2046000000.0,984000000.0,3.78,,20.832,37.159,17.871,2020-01-01,FY,False,SEC XBRL (IFRS)
EMA,Emera Incorporated,2021-12-31,FY2021,CAD,5765000000.0,,930000000.0,1845000000.0,561000000.0,1.98,,16.132,32.003,9.731,2021-01-01,FY,False,SEC XBRL (IFRS)
EMA,Emera Incorporated,2022-12-31,FY2022,CAD,7588000000.0,,1629000000.0,2588000000.0,1009000000.0,3.55,,21.468,34.106,13.297,2022-01-01,FY,False,SEC XBRL (IFRS)
EMA,Emera Incorporated,2023-12-31,FY2023,CAD,7563000000.0,,1794000000.0,2854000000.0,1045000000.0,3.57,,23.721,37.736,13.817,2023-01-01,FY,False,SEC XBRL (IFRS)
EMA,Emera Incorporated,2024-12-31,FY2024,CAD,7200000000.0,,1080000000.0,2245000000.0,568000000.0,1.71,,15.0,31.181,7.889,2024-01-01,FY,False,SEC XBRL (IFRS)
EMA,Emera Incorporated,2025-12-31,FY2025,CAD,8776000000.0,,1975000000.0,3273000000.0,1090000000.0,3.38,,22.505,37.295,12.42,2025-01-01,FY,False,SEC XBRL (IFRS)
ENB,Enbridge Inc.,2020-12-31,FY2020,CAD,39087000000.0,18418000000.0,7957000000.0,11669000000.0,3416000000.0,1.48,47.121,20.357,29.854,8.739,2020-01-01,FY,False,SEC XBRL (IFRS)
ENB,Enbridge Inc.,2021-12-31,FY2021,CAD,47071000000.0,18369000000.0,7805000000.0,11657000000.0,6314000000.0,2.87,39.024,16.581,24.765,13.414,2021-01-01,FY,False,SEC XBRL (IFRS)
ENB,Enbridge Inc.,2022-12-31,FY2022,CAD,53309000000.0,20720000000.0,5178000000.0,9495000000.0,2938000000.0,1.28,38.868,9.713,17.811,5.511,2022-01-01,FY,False,SEC XBRL (IFRS)
ENB,Enbridge Inc.,2023-12-31,FY2023,CAD,43649000000.0,22283000000.0,8651000000.0,13264000000.0,6058000000.0,2.84,51.05,19.819,30.388,13.879,2023-01-01,FY,False,SEC XBRL (IFRS)
ENB,Enbridge Inc.,2024-12-31,FY2024,CAD,53473000000.0,,9649000000.0,14816000000.0,5631000000.0,2.34,,18.045,27.707,10.531,2024-01-01,FY,False,SEC XBRL (IFRS)
ENB,Enbridge Inc.,2025-12-31,FY2025,CAD,65194000000.0,,10958000000.0,16619000000.0,7789000000.0,3.22,,16.808,25.492,11.947,2025-01-01,FY,False,SEC XBRL (IFRS)
CG,Centerra Gold Inc.,2020-12-31,FY2020,USD,721262000.0,215485000.0,43914000.0,139724000.0,408538000.0,1.37,29.876,6.088,19.372,56.642,2020-01-01,FY,False,SEC XBRL (IFRS)
CG,Centerra Gold Inc.,2021-12-31,FY2021,USD,900141000.0,291960000.0,333915000.0,454420000.0,-381768000.0,-1.29,32.435,37.096,50.483,-42.412,2021-01-01,FY,False,SEC XBRL (IFRS)
CG,Centerra Gold Inc.,2022-12-31,FY2022,USD,850194000.0,178519000.0,-36793000.0,60260000.0,-77209000.0,-0.31,20.997,-4.328,7.088,-9.081,2022-01-01,FY,False,SEC XBRL (IFRS)
CG,Centerra Gold Inc.,2023-12-31,FY2023,USD,1094897000.0,264005000.0,17845000.0,142763000.0,-81278000.0,-0.38,24.112,1.63,13.039,-7.423,2023-01-01,FY,False,SEC XBRL (IFRS)
EDR,Endeavour Silver Corp.,2020-12-31,FY2020,USD,138461000.0,27335000.0,-793000.0,27343000.0,1159000.0,0.01,19.742,-0.573,19.748,0.837,2020-01-01,FY,False,SEC XBRL (IFRS)
EDR,Endeavour Silver Corp.,2021-12-31,FY2021,USD,165320000.0,36368000.0,22230000.0,46207000.0,13955000.0,0.08,21.999,13.447,27.95,8.441,2021-01-01,FY,False,SEC XBRL (IFRS)
EDR,Endeavour Silver Corp.,2022-12-31,FY2022,USD,210160000.0,51525000.0,23464000.0,48643000.0,6201000.0,0.03,24.517,11.165,23.146,2.951,2022-01-01,FY,False,SEC XBRL (IFRS)
EDR,Endeavour Silver Corp.,2023-12-31,FY2023,USD,205463000.0,36611000.0,8700000.0,36585000.0,6123000.0,0.03,17.819,4.234,17.806,2.98,2023-01-01,FY,False,SEC XBRL (IFRS)
EDR,Endeavour Silver Corp.,2024-12-31,FY2024,USD,217600000.0,42000000.0,8300000.0,38200000.0,-31500000.0,-0.13,19.301,3.814,17.555,-14.476,2024-01-01,FY,False,SEC XBRL (IFRS)
EDR,Endeavour Silver Corp.,2025-12-31,FY2025,USD,467500000.0,82800000.0,35700000.0,108700000.0,-119100000.0,-0.42,17.711,7.636,23.251,-25.476,2025-01-01,FY,False,SEC XBRL (IFRS)
EFX,Equifax Inc.,2020-12-31,FY2020,USD,4127500000.0,,676600000.0,1075900000.0,526200000.0,4.24,,16.392,26.067,12.749,2020-01-01,FY,False,SEC XBRL (IFRS)
EFX,Equifax Inc.,2021-12-31,FY2021,USD,4923900000.0,,1138000000.0,1627600000.0,748500000.0,6.02,,23.112,33.055,15.201,2021-01-01,FY,False,SEC XBRL (IFRS)
EFX,Equifax Inc.,2022-12-31,FY2022,USD,5122200000.0,,1056000000.0,1624600000.0,700200000.0,5.65,,20.616,31.717,13.67,2022-01-01,FY,False,SEC XBRL (IFRS)
EFX,Equifax Inc.,2023-12-31,FY2023,USD,5265200000.0,,933600000.0,1553400000.0,551700000.0,4.4,,17.732,29.503,10.478,2023-01-01,FY,False,SEC XBRL (IFRS)
EFX,Equifax Inc.,2024-12-31,FY2024,USD,5681100000.0,,1042100000.0,1722700000.0,607300000.0,4.84,,18.343,30.323,10.69,2024-01-01,FY,False,SEC XBRL (IFRS)
EFX,Equifax Inc.,2025-12-31,FY2025,USD,6074500000.0,,1095200000.0,1822100000.0,664300000.0,5.32,,18.029,29.996,10.936,2025-01-01,FY,False,SEC XBRL (IFRS)
EQX,Equinox Gold Corp.,2020-12-31,FY2020,USD,845388000.0,290183000.0,172956000.0,304870000.0,22288000.0,,34.325,20.459,36.063,2.636,2020-01-01,FY,False,SEC XBRL (IFRS)
EQX,Equinox Gold Corp.,2021-12-31,FY2021,USD,1082286000.0,230590000.0,146473000.0,343365000.0,554889000.0,,21.306,13.534,31.726,51.27,2021-01-01,FY,False,SEC XBRL (IFRS)
EQX,Equinox Gold Corp.,2022-12-31,FY2022,USD,952196000.0,84970000.0,10392000.0,197564000.0,-106027000.0,,8.924,1.091,20.748,-11.135,2022-01-01,FY,False,SEC XBRL (IFRS)
EQX,Equinox Gold Corp.,2023-12-31,FY2023,USD,1088191000.0,108984000.0,49620000.0,264595000.0,28884000.0,,10.015,4.56,24.315,2.654,2023-01-01,FY,False,SEC XBRL (IFRS)
EQX,Equinox Gold Corp.,2024-12-31,FY2024,USD,912840000.0,206123000.0,151704000.0,261500000.0,339287000.0,0.75,22.58,16.619,28.647,37.168,2024-01-01,FY,False,SEC XBRL (IFRS)
EQX,Equinox Gold Corp.,2025-12-31,FY2025,USD,1817195000.0,642912000.0,432339000.0,772033000.0,221471000.0,,35.379,23.792,42.485,12.188,2025-01-01,FY,False,SEC XBRL (IFRS)
AG,First Majestic Silver Corp.,2020-12-31,FY2020,USD,363876000.0,169571000.0,40357000.0,94762000.0,23087000.0,0.11,46.601,11.091,26.042,6.345,2020-01-01,FY,False,SEC XBRL (IFRS)
AG,First Majestic Silver Corp.,2021-12-31,FY2021,USD,584117000.0,218032000.0,49202000.0,165815000.0,-4923000.0,-0.02,37.327,8.423,28.387,-0.843,2021-01-01,FY,False,SEC XBRL (IFRS)
AG,First Majestic Silver Corp.,2022-12-31,FY2022,USD,624221000.0,152534000.0,-39193000.0,96589000.0,-114276000.0,-0.43,24.436,-6.279,15.474,-18.307,2022-01-01,FY,False,SEC XBRL (IFRS)
AG,First Majestic Silver Corp.,2023-12-31,FY2023,USD,573801000.0,163744000.0,-178784000.0,-54120000.0,-135112000.0,-0.48,28.537,-31.158,-9.432,-23.547,2023-01-01,FY,False,SEC XBRL (IFRS)
AG,First Majestic Silver Corp.,2024-12-31,FY2024,USD,560604000.0,215901000.0,-3755000.0,120246000.0,-101885000.0,-0.34,38.512,-0.67,21.449,-18.174,2024-01-01,FY,False,SEC XBRL (IFRS)
AG,First Majestic Silver Corp.,2025-12-31,FY2025,USD,1257157000.0,713485000.0,397067000.0,660507000.0,210975000.0,0.34,56.754,31.585,52.54,16.782,2025-01-01,FY,False,SEC XBRL (IFRS)
DSG,Descartes Systems Group Inc.,2021-01-31,FY2021,USD,,258754000.0,71396000.0,,52100000.0,0.61,,,,,2020-02-01,FY,False,SEC XBRL (IFRS)
DSG,Descartes Systems Group Inc.,2022-01-31,FY2022,USD,,322880000.0,103434000.0,,86282000.0,1.0,,,,,2021-02-01,FY,False,SEC XBRL (IFRS)
DSG,Descartes Systems Group Inc.,2023-01-31,FY2023,USD,,372688000.0,130434000.0,,102236000.0,1.18,,,,,2022-02-01,FY,False,SEC XBRL (IFRS)
DSG,Descartes Systems Group Inc.,2024-01-31,FY2024,USD,,434636000.0,142849000.0,,115907000.0,1.34,,,,,2023-02-01,FY,False,SEC XBRL (IFRS)
DSG,Descartes Systems Group Inc.,2025-01-31,FY2025,USD,,492426000.0,181124000.0,,143273000.0,1.64,,,,,2024-02-01,FY,False,SEC XBRL (IFRS)
DSG,Descartes Systems Group Inc.,2026-01-31,FY2026,USD,,561927000.0,209978000.0,,163767000.0,1.87,,,,,2025-02-01,FY,False,SEC XBRL (IFRS)
ERO,Ero Copper Corp.,2020-12-31,FY2020,USD,324076000.0,188137000.0,151146000.0,151282000.0,52498000.0,0.56,58.053,46.639,46.681,16.199,2020-01-01,FY,False,SEC XBRL (IFRS)
ERO,Ero Copper Corp.,2021-12-31,FY2021,USD,489915000.0,318858000.0,272164000.0,272452000.0,202632000.0,2.21,65.084,55.553,55.612,41.361,2021-01-01,FY,False,SEC XBRL (IFRS)
ERO,Ero Copper Corp.,2022-12-31,FY2022,USD,426392000.0,187175000.0,129785000.0,130098000.0,103067000.0,1.1,43.897,30.438,30.511,24.172,2022-01-01,FY,False,SEC XBRL (IFRS)
ERO,Ero Copper Corp.,2023-12-31,FY2023,USD,427480000.0,156845000.0,95198000.0,96701000.0,94304000.0,0.98,36.691,22.27,22.621,22.06,2023-01-01,FY,False,SEC XBRL (IFRS)
ERO,Ero Copper Corp.,2024-12-31,FY2024,USD,470259000.0,180553000.0,108921000.0,110598000.0,-67790000.0,-0.66,38.394,23.162,23.519,-14.415,2024-01-01,FY,False,SEC XBRL (IFRS)
ERO,Ero Copper Corp.,2025-12-31,FY2025,USD,785844000.0,344629000.0,270598000.0,272142000.0,266906000.0,2.53,43.855,34.434,34.631,33.964,2025-01-01,FY,False,SEC XBRL (IFRS)
FVI,Fortuna Mining Corp.,2020-12-31,FY2020,USD,278966000.0,110221000.0,57238000.0,99395000.0,21553000.0,0.12,39.511,20.518,35.63,7.726,2020-01-01,FY,False,SEC XBRL (IFRS)
FVI,Fortuna Mining Corp.,2021-12-31,FY2021,USD,599853000.0,205477000.0,136879000.0,257956000.0,59399000.0,0.23,34.255,22.819,43.003,9.902,2021-01-01,FY,False,SEC XBRL (IFRS)
FVI,Fortuna Mining Corp.,2022-12-31,FY2022,USD,681491000.0,146796000.0,-113552000.0,57895000.0,-135906000.0,-0.44,21.54,-16.662,8.495,-19.942,2022-01-01,FY,False,SEC XBRL (IFRS)
FVI,Fortuna Mining Corp.,2023-12-31,FY2023,USD,842428000.0,190025000.0,-407000.0,215843000.0,-43630000.0,-0.17,22.557,-0.048,25.622,-5.179,2023-01-01,FY,False,SEC XBRL (IFRS)
FVI,Fortuna Mining Corp.,2024-12-31,FY2024,USD,677243000.0,233361000.0,156147000.0,382926000.0,141906000.0,0.41,34.457,23.056,56.542,20.953,2024-01-01,FY,False,SEC XBRL (IFRS)
FVI,Fortuna Mining Corp.,2025-12-31,FY2025,USD,947059000.0,466898000.0,408391000.0,,311064000.0,0.9,49.3,43.122,,32.845,2025-01-01,FY,False,SEC XBRL (IFRS)
FSV,FirstService Corporation,2020-12-31,FY2020,USD,,,169412000.0,267794000.0,109590000.0,2.02,,,,,2020-01-01,FY,False,SEC XBRL (IFRS)
FSV,FirstService Corporation,2021-12-31,FY2021,USD,,,201642000.0,300607000.0,156130000.0,3.05,,,,,2021-01-01,FY,False,SEC XBRL (IFRS)
FSV,FirstService Corporation,2022-12-31,FY2022,USD,,,219026000.0,329166000.0,145007000.0,2.72,,,,,2022-01-01,FY,False,SEC XBRL (IFRS)
FSV,FirstService Corporation,2023-12-31,FY2023,USD,,,244892000.0,372826000.0,147021000.0,2.24,,,,,2023-01-01,FY,False,SEC XBRL (IFRS)
FSV,FirstService Corporation,2024-12-31,FY2024,USD,,,337512000.0,502781000.0,187774000.0,2.97,,,,,2024-01-01,FY,False,SEC XBRL (IFRS)
FSV,FirstService Corporation,2025-12-31,FY2025,USD,,,338078000.0,523287000.0,190747000.0,3.17,,,,,2025-01-01,FY,False,SEC XBRL (IFRS)
FNV,Franco-Nevada Corporation,2020-12-31,FY2020,USD,1020200000.0,620400000.0,336500000.0,577500000.0,326200000.0,1.71,60.812,32.984,56.607,31.974,2020-01-01,FY,False,SEC XBRL (IFRS)
FNV,Franco-Nevada Corporation,2021-12-31,FY2021,USD,1300000000.0,822100000.0,860700000.0,1160300000.0,733700000.0,3.83,63.238,66.208,89.254,56.438,2021-01-01,FY,False,SEC XBRL (IFRS)
FNV,Franco-Nevada Corporation,2022-12-31,FY2022,USD,1315700000.0,852600000.0,820700000.0,1106900000.0,700600000.0,3.65,64.802,62.377,84.13,53.249,2022-01-01,FY,False,SEC XBRL (IFRS)
FNV,Franco-Nevada Corporation,2023-12-31,FY2023,USD,1219000000.0,766600000.0,-428000000.0,-154900000.0,-466400000.0,-2.43,62.888,-35.111,-12.707,-38.261,2023-01-01,FY,False,SEC XBRL (IFRS)
FNV,Franco-Nevada Corporation,2024-12-31,FY2024,USD,1113600000.0,759300000.0,726600000.0,951900000.0,552100000.0,2.87,68.184,65.248,85.48,49.578,2024-01-01,FY,False,SEC XBRL (IFRS)
FNV,Franco-Nevada Corporation,2025-12-31,FY2025,USD,1822800000.0,1347300000.0,1354200000.0,1660900000.0,1112100000.0,5.76,73.914,74.292,91.118,61.011,2025-01-01,FY,False,SEC XBRL (IFRS)
GIL,Gildan Activewear Inc.,2021-01-03,FY2020,USD,1981276000.0,249059000.0,-180843000.0,-33653000.0,,-1.14,12.571,-9.128,-1.699,,2019-12-30,FY,False,SEC XBRL (IFRS)
GIL,Gildan Activewear Inc.,2022-01-02,FY2021,USD,2922570000.0,940209000.0,651889000.0,787291000.0,,3.07,32.171,22.305,26.938,,2021-01-04,FY,False,SEC XBRL (IFRS)
GIL,Gildan Activewear Inc.,2023-01-01,FY2022,USD,3240482000.0,992412000.0,603385000.0,728311000.0,,2.93,30.625,18.62,22.475,,2022-01-03,FY,False,SEC XBRL (IFRS)
GIL,Gildan Activewear Inc.,2023-12-31,FY2023,USD,3195911000.0,880054000.0,643853000.0,765497000.0,,3.03,27.537,20.146,23.952,,2023-01-02,FY,False,SEC XBRL (IFRS)
GIL,Gildan Activewear Inc.,2024-12-29,FY2024,USD,3270590000.0,1003679000.0,618239000.0,756441000.0,400865000.0,2.46,30.688,18.903,23.129,12.257,2024-01-01,FY,False,SEC XBRL (IFRS)
GIL,Gildan Activewear Inc.,2025-12-28,FY2025,USD,3619236000.0,1129867000.0,619938000.0,767504000.0,398879000.0,2.61,31.218,17.129,21.206,11.021,2024-12-30,FY,False,SEC XBRL (IFRS)
FTS,Fortis Inc.,2020-12-31,FY2020,CAD,8935000000.0,6373000000.0,2508000000.0,3936000000.0,1389000000.0,2.6,71.326,28.069,44.051,15.546,2020-01-01,FY,False,SEC XBRL (IFRS)
FTS,Fortis Inc.,2021-12-31,FY2021,CAD,9448000000.0,6497000000.0,2469000000.0,3974000000.0,1405000000.0,2.61,68.766,26.133,42.062,14.871,2021-01-01,FY,False,SEC XBRL (IFRS)
FTS,Fortis Inc.,2022-12-31,FY2022,CAD,11043000000.0,7091000000.0,2740000000.0,4408000000.0,1514000000.0,2.78,64.213,24.812,39.917,13.71,2022-01-01,FY,False,SEC XBRL (IFRS)
FTS,Fortis Inc.,2023-12-31,FY2023,CAD,11517000000.0,7746000000.0,3084000000.0,4857000000.0,1710000000.0,3.1,67.257,26.778,42.172,14.848,2023-01-01,FY,False,SEC XBRL (IFRS)
FTS,Fortis Inc.,2024-12-31,FY2024,CAD,11508000000.0,8259000000.0,3292000000.0,5219000000.0,1828000000.0,3.24,71.767,28.606,45.351,15.885,2024-01-01,FY,False,SEC XBRL (IFRS)
FTS,Fortis Inc.,2025-12-31,FY2025,CAD,12170000000.0,8799000000.0,3492000000.0,5549000000.0,1961000000.0,3.4,72.301,28.694,45.596,16.113,2025-01-01,FY,False,SEC XBRL (IFRS)
CP,Canadian Pacific Kansas City Limited,2020-12-31,FY2020,CAD,7710000000.0,,3311000000.0,4090000000.0,,3.59,,42.944,53.048,,2020-01-01,FY,False,SEC XBRL (IFRS)
CP,Canadian Pacific Kansas City Limited,2021-12-31,FY2021,CAD,7995000000.0,,3206000000.0,4017000000.0,2852000000.0,4.18,,40.1,50.244,35.672,2021-01-01,FY,False,SEC XBRL (IFRS)
CP,Canadian Pacific Kansas City Limited,2022-12-31,FY2022,CAD,8814000000.0,,3329000000.0,4182000000.0,3517000000.0,3.77,,37.769,47.447,39.902,2022-01-01,FY,False,SEC XBRL (IFRS)
CP,Canadian Pacific Kansas City Limited,2023-12-31,FY2023,CAD,12555000000.0,,4388000000.0,5931000000.0,3923000000.0,4.21,,34.95,47.24,31.247,2023-01-01,FY,False,SEC XBRL (IFRS)
CP,Canadian Pacific Kansas City Limited,2024-12-31,FY2024,CAD,14546000000.0,,5179000000.0,7079000000.0,3713000000.0,3.98,,35.604,48.666,25.526,2024-01-01,FY,False,SEC XBRL (IFRS)
CP,Canadian Pacific Kansas City Limited,2025-12-31,FY2025,CAD,15078000000.0,,5609000000.0,7628000000.0,4137000000.0,4.51,,37.2,50.59,27.437,2025-01-01,FY,False,SEC XBRL (IFRS)
GRT.UN,Granite Real Estate Investment Trust,2020-12-31,FY2020,CAD,340199000.0,,293035000.0,294186000.0,429927000.0,,,86.136,86.475,126.375,2020-01-01,FY,False,SEC XBRL (IFRS)
GRT.UN,Granite Real Estate Investment Trust,2021-12-31,FY2021,CAD,393488000.0,,332676000.0,333996000.0,1310272000.0,,,84.545,84.881,332.989,2021-01-01,FY,False,SEC XBRL (IFRS)
GRT.UN,Granite Real Estate Investment Trust,2022-12-31,FY2022,CAD,455579000.0,,380358000.0,381956000.0,155822000.0,,,83.489,83.84,34.203,2022-01-01,FY,False,SEC XBRL (IFRS)
GRT.UN,Granite Real Estate Investment Trust,2023-12-31,FY2023,CAD,521250000.0,,435238000.0,436510000.0,138496000.0,,,83.499,83.743,26.57,2023-01-01,FY,False,SEC XBRL (IFRS)
GRT.UN,Granite Real Estate Investment Trust,2024-12-31,FY2024,CAD,569139000.0,,471986000.0,473275000.0,361882000.0,,,82.93,83.156,63.584,2024-01-01,FY,False,SEC XBRL (IFRS)
H,Hydro One Limited,2020-12-31,FY2020,CAD,7290000000.0,3436000000.0,1482000000.0,2265000000.0,1796000000.0,2.95,47.133,20.329,31.07,24.636,2020-01-01,FY,False,SEC XBRL (IFRS)
H,Hydro One Limited,2021-12-31,FY2021,CAD,7225000000.0,3646000000.0,1612000000.0,2427000000.0,973000000.0,1.61,50.464,22.311,33.592,13.467,2021-01-01,FY,False,SEC XBRL (IFRS)
H,Hydro One Limited,2022-12-31,FY2022,CAD,7780000000.0,4056000000.0,1832000000.0,2663000000.0,1058000000.0,1.75,52.134,23.548,34.229,13.599,2022-01-01,FY,False,SEC XBRL (IFRS)
H,Hydro One Limited,2023-12-31,FY2023,CAD,7844000000.0,4192000000.0,1842000000.0,2708000000.0,1094000000.0,1.81,53.442,23.483,34.523,13.947,2023-01-01,FY,False,SEC XBRL (IFRS)
H,Hydro One Limited,2024-12-31,FY2024,CAD,8484000000.0,4341000000.0,1967000000.0,2887000000.0,1165000000.0,1.92,51.167,23.185,34.029,13.732,2024-01-01,FY,False,SEC XBRL (IFRS)
H,Hydro One Limited,2025-12-31,FY2025,CAD,9041000000.0,4555000000.0,2238000000.0,3204000000.0,1349000000.0,2.23,50.382,24.754,35.439,14.921,2025-01-01,FY,False,SEC XBRL (IFRS)
GFL,GFL Environmental Inc.,2020-12-31,FY2020,CAD,4196200000.0,190100000.0,-1355800000.0,,-994900000.0,-3.1,4.53,-32.31,,-23.71,2020-01-01,FY,False,SEC XBRL (IFRS)
GFL,GFL Environmental Inc.,2021-12-31,FY2021,CAD,5136600000.0,473700000.0,-736200000.0,,-606800000.0,-1.83,9.222,-14.332,,-11.813,2021-01-01,FY,False,SEC XBRL (IFRS)
GFL,GFL Environmental Inc.,2022-12-31,FY2022,CAD,6761300000.0,797600000.0,-359300000.0,,-311100000.0,-1.08,11.797,-5.314,,-4.601,2022-01-01,FY,False,SEC XBRL (IFRS)
GFL,GFL Environmental Inc.,2023-12-31,FY2023,CAD,7515500000.0,1269400000.0,192100000.0,,32200000.0,-0.13,16.89,2.556,,0.428,2023-01-01,FY,False,SEC XBRL (IFRS)
GFL,GFL Environmental Inc.,2024-12-31,FY2024,CAD,6138800000.0,1128800000.0,-1123900000.0,,-737700000.0,-2.11,18.388,-18.308,,-12.017,2024-01-01,FY,False,SEC XBRL (IFRS)
GFL,GFL Environmental Inc.,2025-12-31,FY2025,CAD,6615900000.0,1367300000.0,226900000.0,,3813400000.0,9.99,20.667,3.43,,57.64,2025-01-01,FY,False,SEC XBRL (IFRS)
IMG,Iamgold Corporation,2020-12-31,FY2020,USD,1241700000.0,250300000.0,145400000.0,,58800000.0,0.09,20.158,11.71,,4.735,2020-01-01,FY,False,SEC XBRL (IFRS)
IMG,Iamgold Corporation,2021-12-31,FY2021,USD,875500000.0,62200000.0,-104600000.0,,-255100000.0,-0.53,7.105,-11.947,,-29.138,2021-01-01,FY,False,SEC XBRL (IFRS)
IMG,Iamgold Corporation,2022-12-31,FY2022,USD,958800000.0,147900000.0,41300000.0,,-52800000.0,-0.15,15.426,4.307,,-5.507,2022-01-01,FY,False,SEC XBRL (IFRS)
IMG,Iamgold Corporation,2023-12-31,FY2023,USD,987100000.0,124100000.0,-300000.0,,103800000.0,0.19,12.572,-0.03,,10.516,2023-01-01,FY,False,SEC XBRL (IFRS)
IMG,Iamgold Corporation,2024-12-31,FY2024,USD,1633000000.0,549900000.0,944000000.0,,847800000.0,1.5,33.674,57.808,,51.917,2024-01-01,FY,False,SEC XBRL (IFRS)
IMG,Iamgold Corporation,2025-12-31,FY2025,USD,2852800000.0,1206200000.0,1093600000.0,,732300000.0,1.14,42.281,38.334,,25.67,2025-01-01,FY,False,SEC XBRL (IFRS)
IMO,Imperial Oil Limited,2020-12-31,FY2020,CAD,22388000000.0,,,,-1857000000.0,-2.53,,,,-8.295,2020-01-01,FY,False,SEC XBRL (IFRS)
IMO,Imperial Oil Limited,2021-12-31,FY2021,CAD,37590000000.0,,,,2479000000.0,3.48,,,,6.595,2021-01-01,FY,False,SEC XBRL (IFRS)
IMO,Imperial Oil Limited,2022-12-31,FY2022,CAD,59670000000.0,,,,7340000000.0,11.44,,,,12.301,2022-01-01,FY,False,SEC XBRL (IFRS)
IMO,Imperial Oil Limited,2023-12-31,FY2023,CAD,50969000000.0,,,,4889000000.0,8.49,,,,9.592,2023-01-01,FY,False,SEC XBRL (IFRS)
IMO,Imperial Oil Limited,2024-12-31,FY2024,CAD,51532000000.0,,,,4790000000.0,9.03,,,,9.295,2024-01-01,FY,False,SEC XBRL (IFRS)
IMO,Imperial Oil Limited,2025-12-31,FY2025,CAD,47078000000.0,,,,3268000000.0,6.48,,,,6.942,2025-01-01,FY,False,SEC XBRL (IFRS)
LSPD,Lightspeed Commerce Inc.,2021-03-31,FY2021,USD,221728000.0,127669000.0,-129717000.0,,-124278000.0,-1.18,57.579,-58.503,,-56.05,2020-04-01,FY,False,SEC XBRL (IFRS)
LSPD,Lightspeed Commerce Inc.,2022-03-31,FY2022,USD,548372000.0,271173000.0,-318342000.0,,-288433000.0,-2.04,49.451,-58.052,,-52.598,2021-04-01,FY,False,SEC XBRL (IFRS)
LSPD,Lightspeed Commerce Inc.,2023-03-31,FY2023,USD,730506000.0,331961000.0,-1099040000.0,,-1070009000.0,-7.11,45.443,-150.449,,-146.475,2022-04-01,FY,False,SEC XBRL (IFRS)
LSPD,Lightspeed Commerce Inc.,2024-03-31,FY2024,USD,909270000.0,385250000.0,-203019000.0,,-163964000.0,-1.07,42.369,-22.328,,-18.032,2023-04-01,FY,False,SEC XBRL (IFRS)
LSPD,Lightspeed Commerce Inc.,2025-03-31,FY2025,USD,1076826000.0,450205000.0,-696007000.0,,-667196000.0,-4.34,41.809,-64.635,,-61.959,2024-04-01,FY,False,SEC XBRL (IFRS)
IAU,I-80 Gold Corp.,2021-12-31,FY2021,USD,0.0,0.0,-28447000.0,-28447000.0,88223000.0,0.58,,,,,2021-01-01,FY,False,SEC XBRL (IFRS)
IAU,I-80 Gold Corp.,2022-12-31,FY2022,USD,36958000.0,3569000.0,-58859000.0,-54331000.0,-79197000.0,-0.33,9.657,-159.259,-147.007,-214.289,2022-01-01,FY,False,SEC XBRL (IFRS)
IAU,I-80 Gold Corp.,2023-12-31,FY2023,USD,54910000.0,-5144000.0,-76004000.0,-68802000.0,-65196000.0,-0.24,-9.368,-138.416,-125.3,-118.732,2023-01-01,FY,False,SEC XBRL (IFRS)
EFR,Energy Fuels Inc.,2020-12-31,FY2020,USD,1658000.0,1658000.0,-24627000.0,-21926000.0,,-0.23,100.0,-1485.344,-1322.437,,2020-01-01,FY,False,SEC XBRL (IFRS)
EFR,Energy Fuels Inc.,2021-12-31,FY2021,USD,3184000.0,1370000.0,-35425000.0,-32236000.0,,0.01,43.028,-1112.594,-1012.437,,2021-01-01,FY,False,SEC XBRL (IFRS)
EFR,Energy Fuels Inc.,2022-12-31,FY2022,USD,12515000.0,4671000.0,-44938000.0,-41669000.0,-59944000.0,-0.38,37.323,-359.073,-332.952,-478.977,2022-01-01,FY,False,SEC XBRL (IFRS)
EFR,Energy Fuels Inc.,2023-12-31,FY2023,USD,37928000.0,19747000.0,-32367000.0,-29616000.0,99756000.0,0.62,52.064,-85.338,-78.085,263.014,2023-01-01,FY,False,SEC XBRL (IFRS)
EFR,Energy Fuels Inc.,2024-12-31,FY2024,USD,78114000.0,22196000.0,-47515000.0,-44388000.0,-47841000.0,-0.28,28.415,-60.828,-56.825,-61.245,2024-01-01,FY,False,SEC XBRL (IFRS)
EFR,Energy Fuels Inc.,2025-12-31,FY2025,USD,65922000.0,13753000.0,-101155000.0,-95724000.0,-86111000.0,-0.38,20.863,-153.446,-145.208,-130.626,2025-01-01,FY,False,SEC XBRL (IFRS)
HBM,Hudbay Minerals Inc.,2020-12-31,FY2020,USD,1092418000.0,39000000.0,-37187000.0,326416000.0,-144584000.0,-0.55,3.57,-3.404,29.88,-13.235,2020-01-01,FY,False,SEC XBRL (IFRS)
HBM,Hudbay Minerals Inc.,2021-12-31,FY2021,USD,1501998000.0,131019000.0,18268000.0,378035000.0,-244358000.0,-0.93,8.723,1.216,25.169,-16.269,2021-01-01,FY,False,SEC XBRL (IFRS)
HBM,Hudbay Minerals Inc.,2022-12-31,FY2022,USD,1461440000.0,276888000.0,214309000.0,553372000.0,70382000.0,0.27,18.946,14.664,37.865,4.816,2022-01-01,FY,False,SEC XBRL (IFRS)
HBM,Hudbay Minerals Inc.,2023-12-31,FY2023,USD,1690000000.0,392500000.0,297100000.0,690200000.0,69500000.0,0.22,23.225,17.58,40.84,4.112,2023-01-01,FY,False,SEC XBRL (IFRS)
HBM,Hudbay Minerals Inc.,2024-12-31,FY2024,USD,2021200000.0,553800000.0,400300000.0,828300000.0,67800000.0,0.2,27.4,19.805,40.981,3.354,2024-01-01,FY,False,SEC XBRL (IFRS)
HBM,Hudbay Minerals Inc.,2025-12-31,FY2025,USD,2211000000.0,743200000.0,916500000.0,1357700000.0,564300000.0,1.44,33.614,41.452,61.407,25.522,2025-01-01,FY,False,SEC XBRL (IFRS)
MFC,Manulife Financial Corporation,2020-12-31,FY2020,CAD,78908000000.0,,6771000000.0,,5576000000.0,2.93,,8.581,,7.066,2020-01-01,FY,False,SEC XBRL (IFRS)
MFC,Manulife Financial Corporation,2021-12-31,FY2021,CAD,61821000000.0,,8125000000.0,,6912000000.0,3.54,,13.143,,11.181,2021-01-01,FY,False,SEC XBRL (IFRS)
MFC,Manulife Financial Corporation,2022-12-31,FY2022,CAD,6186000000.0,,-3138000000.0,,-1979000000.0,-1.15,,-50.727,,-31.992,2022-01-01,FY,False,SEC XBRL (IFRS)
MFC,Manulife Financial Corporation,2023-12-31,FY2023,CAD,6746000000.0,,6452000000.0,,5607000000.0,2.61,,95.642,,83.116,2023-01-01,FY,False,SEC XBRL (IFRS)
MFC,Manulife Financial Corporation,2024-12-31,FY2024,CAD,7588000000.0,,7090000000.0,,5878000000.0,2.84,,93.437,,77.464,2024-01-01,FY,False,SEC XBRL (IFRS)
MFC,Manulife Financial Corporation,2025-12-31,FY2025,CAD,8129000000.0,,7094000000.0,,6060000000.0,3.07,,87.268,,74.548,2025-01-01,FY,False,SEC XBRL (IFRS)
MG,Magna International Inc.,2020-12-31,FY2020,USD,32647000000.0,4440000000.0,,,677000000.0,2.52,13.6,,,2.074,2020-01-01,FY,False,SEC XBRL (IFRS)
MG,Magna International Inc.,2021-12-31,FY2021,USD,36242000000.0,5145000000.0,,,1553000000.0,5.0,14.196,,,4.285,2021-01-01,FY,False,SEC XBRL (IFRS)
MG,Magna International Inc.,2022-12-31,FY2022,USD,37840000000.0,4652000000.0,,,641000000.0,2.03,12.294,,,1.694,2022-01-01,FY,False,SEC XBRL (IFRS)
MG,Magna International Inc.,2023-12-31,FY2023,USD,42797000000.0,5612000000.0,,,1286000000.0,4.23,13.113,,,3.005,2023-01-01,FY,False,SEC XBRL (IFRS)
MG,Magna International Inc.,2024-12-31,FY2024,USD,42836000000.0,5799000000.0,,,1096000000.0,3.52,13.538,,,2.559,2024-01-01,FY,False,SEC XBRL (IFRS)
MG,Magna International Inc.,2025-12-31,FY2025,USD,42010000000.0,5989000000.0,,,883000000.0,2.93,14.256,,,2.102,2025-01-01,FY,False,SEC XBRL (IFRS)
LAC,Lithium Americas Corp.,2021-12-31,FY2021,USD,,,-2653000.0,,-47026000.0,-0.29,,,,,2021-01-01,FY,False,SEC XBRL (IFRS)
LAC,Lithium Americas Corp.,2022-12-31,FY2022,USD,,,-6941000.0,,-67798000.0,-0.42,,,,,2022-01-01,FY,False,SEC XBRL (IFRS)
LAC,Lithium Americas Corp.,2023-12-31,FY2023,USD,,,23691000.0,,-3934000.0,-0.02,,,,,2023-01-01,FY,False,SEC XBRL (IFRS)
NXE,NexGen Energy Ltd.,2020-12-31,FY2020,CAD,,,-113788000.0,,-114490000.0,-0.3,,,,,2020-01-01,FY,False,SEC XBRL (IFRS)
NXE,NexGen Energy Ltd.,2021-12-31,FY2021,CAD,,,-125826000.0,,-126948000.0,,,,,,2021-01-01,FY,False,SEC XBRL (IFRS)
NXE,NexGen Energy Ltd.,2022-12-31,FY2022,CAD,,,-61310000.0,,-60268000.0,-0.12,,,,,2022-01-01,FY,False,SEC XBRL (IFRS)
NXE,NexGen Energy Ltd.,2023-12-31,FY2023,CAD,,,68756000.0,,70168000.0,0.16,,,,,2023-01-01,FY,False,SEC XBRL (IFRS)
NXE,NexGen Energy Ltd.,2024-12-31,FY2024,CAD,,,-82126000.0,,-77559000.0,-0.14,,,,,2024-01-01,FY,False,SEC XBRL (IFRS)
NXE,NexGen Energy Ltd.,2025-12-31,FY2025,CAD,,,-295568000.0,,-309676000.0,-0.53,,,,,2025-01-01,FY,False,SEC XBRL (IFRS)
K,Kinross Gold Corporation,2020-12-31,FY2020,USD,4213400000.0,2296300000.0,1899400000.0,2741700000.0,1358700000.0,1.06,54.5,45.08,65.071,32.247,2020-01-01,FY,False,SEC XBRL (IFRS)
K,Kinross Gold Corporation,2021-12-31,FY2021,USD,2599600000.0,541100000.0,72100000.0,767800000.0,218700000.0,0.17,20.815,2.774,29.535,8.413,2021-01-01,FY,False,SEC XBRL (IFRS)
K,Kinross Gold Corporation,2022-12-31,FY2022,USD,3455100000.0,515400000.0,117700000.0,901700000.0,-605700000.0,-0.47,14.917,3.407,26.098,-17.531,2022-01-01,FY,False,SEC XBRL (IFRS)
K,Kinross Gold Corporation,2023-12-31,FY2023,USD,4239700000.0,1159600000.0,801400000.0,1788200000.0,415400000.0,0.34,27.351,18.902,42.178,9.798,2023-01-01,FY,False,SEC XBRL (IFRS)
K,Kinross Gold Corporation,2024-12-31,FY2024,USD,5148800000.0,1878300000.0,1540300000.0,2687800000.0,994000000.0,0.77,36.48,29.916,52.202,19.305,2024-01-01,FY,False,SEC XBRL (IFRS)
K,Kinross Gold Corporation,2025-12-31,FY2025,USD,7051100000.0,3715800000.0,3277600000.0,4382600000.0,2470000000.0,1.95,52.698,46.484,62.155,35.03,2025-01-01,FY,False,SEC XBRL (IFRS)
NG,NovaGold Resources Inc.,2020-11-30,FY2020,USD,0.0,,-33237000.0,,-33564000.0,,,,,,2019-12-01,FY,False,SEC XBRL (IFRS)
NG,NovaGold Resources Inc.,2021-11-30,FY2021,USD,0.0,,-36835000.0,,-40536000.0,,,,,,2020-12-01,FY,False,SEC XBRL (IFRS)
NG,NovaGold Resources Inc.,2022-11-30,FY2022,USD,,,-48272000.0,,-53343000.0,,,,,,2021-12-01,FY,False,SEC XBRL (IFRS)
NG,NovaGold Resources Inc.,2023-11-30,FY2023,USD,,,-40312000.0,,-46803000.0,,,,,,2022-12-01,FY,False,SEC XBRL (IFRS)
NG,NovaGold Resources Inc.,2024-11-30,FY2024,USD,0.0,,-37857000.0,,-45621000.0,,,,,,2023-12-01,FY,False,SEC XBRL (IFRS)
NG,NovaGold Resources Inc.,2025-11-30,FY2025,USD,0.0,,-47290000.0,,-94659000.0,,,,,,2024-12-01,FY,False,SEC XBRL (IFRS)
NTR,Nutrien Ltd.,2020-12-31,FY2020,USD,20908000000.0,5239000000.0,902000000.0,2891000000.0,459000000.0,0.81,25.057,4.314,13.827,2.195,2020-01-01,FY,False,SEC XBRL (IFRS)
NTR,Nutrien Ltd.,2021-12-31,FY2021,USD,27712000000.0,9409000000.0,4781000000.0,6732000000.0,3179000000.0,5.52,33.953,17.252,24.293,11.472,2021-01-01,FY,False,SEC XBRL (IFRS)
NTR,Nutrien Ltd.,2022-12-31,FY2022,USD,37884000000.0,15424000000.0,10809000000.0,12821000000.0,7687000000.0,14.18,40.714,28.532,33.843,20.291,2022-01-01,FY,False,SEC XBRL (IFRS)
NTR,Nutrien Ltd.,2023-12-31,FY2023,USD,29056000000.0,8474000000.0,2745000000.0,4914000000.0,1282000000.0,2.53,29.164,9.447,16.912,4.412,2023-01-01,FY,False,SEC XBRL (IFRS)
NTR,Nutrien Ltd.,2024-12-31,FY2024,USD,25972000000.0,7530000000.0,1856000000.0,4195000000.0,700000000.0,1.36,28.993,7.146,16.152,2.695,2024-01-01,FY,False,SEC XBRL (IFRS)
NTR,Nutrien Ltd.,2025-12-31,FY2025,USD,26885000000.0,8347000000.0,3736000000.0,6105000000.0,2297000000.0,4.66,31.047,13.896,22.708,8.544,2025-01-01,FY,False,SEC XBRL (IFRS)
OLA,Orla Mining Ltd.,2020-12-31,FY2020,USD,,,,,-27694000.0,0.13,,,,,2020-01-01,FY,False,SEC XBRL (IFRS)
OLA,Orla Mining Ltd.,2021-12-31,FY2021,USD,4124000.0,2733000.0,,,-26278000.0,-0.11,66.271,,,-637.197,2021-01-01,FY,False,SEC XBRL (IFRS)
OLA,Orla Mining Ltd.,2022-12-31,FY2022,USD,193230000.0,127861000.0,,,45770000.0,0.16,66.17,,,23.687,2022-01-01,FY,False,SEC XBRL (IFRS)
OLA,Orla Mining Ltd.,2023-12-31,FY2023,USD,233643000.0,141527000.0,49409000.0,78058000.0,-27010000.0,-0.09,60.574,21.147,33.409,-11.56,2023-01-01,FY,False,SEC XBRL (IFRS)
OLA,Orla Mining Ltd.,2024-12-31,FY2024,USD,343918000.0,217640000.0,206829000.0,247512000.0,88981000.0,0.27,63.283,60.139,71.968,25.873,2024-01-01,FY,False,SEC XBRL (IFRS)
OLA,Orla Mining Ltd.,2025-12-31,FY2025,USD,1057881000.0,562287000.0,618548000.0,764241000.0,106895000.0,0.3,53.152,58.47,72.243,10.105,2025-01-01,FY,False,SEC XBRL (IFRS)
OTEX,Open Text Corporation,2021-06-30,FY2021,USD,3386115000.0,2351649000.0,740903000.0,,310864000.0,1.14,69.45,21.881,,9.181,2020-07-01,FY,False,SEC XBRL (IFRS)
OTEX,Open Text Corporation,2022-06-30,FY2022,USD,3493844000.0,2431643000.0,644773000.0,,397259000.0,1.46,69.598,18.455,,11.37,2021-07-01,FY,False,SEC XBRL (IFRS)
OTEX,Open Text Corporation,2023-06-30,FY2023,USD,4484980000.0,3168393000.0,516292000.0,,150566000.0,0.56,70.645,11.512,,3.357,2022-07-01,FY,False,SEC XBRL (IFRS)
OTEX,Open Text Corporation,2024-06-30,FY2024,USD,5769577000.0,4191028000.0,887085000.0,,465284000.0,1.71,72.64,15.375,,8.064,2023-07-01,FY,False,SEC XBRL (IFRS)
OTEX,Open Text Corporation,2025-06-30,FY2025,USD,5168405000.0,3734287000.0,892689000.0,,436066000.0,1.65,72.252,17.272,,8.437,2024-07-01,FY,False,SEC XBRL (IFRS)
PPTA,Perpetua Resources Corp.,2020-12-31,FY2020,USD,277818.0,,-29958232.0,-29673818.0,-220632107.0,6.45,,-10783.402,-10681.028,-79416.059,2020-01-01,FY,False,SEC XBRL (IFRS)
PPTA,Perpetua Resources Corp.,2021-12-31,FY2021,USD,,,,,,0.66,,,,,2021-01-01,FY,False,SEC XBRL (IFRS)
PPTA,Perpetua Resources Corp.,2022-12-31,FY2022,USD,,,,,,-0.46,,,,,2022-01-01,FY,False,SEC XBRL (IFRS)
PPTA,Perpetua Resources Corp.,2023-12-31,FY2023,USD,,,,,,-0.3,,,,,2023-01-01,FY,False,SEC XBRL (IFRS)
PPTA,Perpetua Resources Corp.,2024-12-31,FY2024,USD,,,,,,-0.22,,,,,2024-01-01,FY,False,SEC XBRL (IFRS)
PPTA,Perpetua Resources Corp.,2025-12-31,FY2025,USD,,,,,,-1.08,,,,,2025-01-01,FY,False,SEC XBRL (IFRS)
OR,Osisko Gold Royalties Ltd.,2020-12-31,FY2020,CAD,213630000.0,104325000.0,41703000.0,,16229000.0,0.1,48.834,19.521,,7.597,2020-01-01,FY,False,SEC XBRL (IFRS)
OR,Osisko Gold Royalties Ltd.,2021-12-31,FY2021,CAD,224877000.0,138870000.0,112154000.0,,-56675000.0,-0.14,61.754,49.873,,-25.203,2021-01-01,FY,False,SEC XBRL (IFRS)
OR,Osisko Gold Royalties Ltd.,2022-12-31,FY2022,CAD,217809000.0,150378000.0,122969000.0,,-183190000.0,-0.66,69.041,56.457,,-84.106,2022-01-01,FY,False,SEC XBRL (IFRS)
OR,Osisko Gold Royalties Ltd.,2023-12-31,FY2023,CAD,247320000.0,174281000.0,87654000.0,,-48343000.0,-0.26,70.468,35.442,,-19.547,2023-01-01,FY,False,SEC XBRL (IFRS)
PAAS,Pan American Silver Corp.,2020-12-31,FY2020,USD,1338812000.0,360177000.0,209977000.0,464446000.0,176455000.0,0.85,26.903,15.684,34.691,13.18,2020-01-01,FY,False,SEC XBRL (IFRS)
PAAS,Pan American Silver Corp.,2021-12-31,FY2021,USD,1632750000.0,367938000.0,320911000.0,623869000.0,98562000.0,0.46,22.535,19.655,38.21,6.037,2021-01-01,FY,False,SEC XBRL (IFRS)
PAAS,Pan American Silver Corp.,2022-12-31,FY2022,USD,1494700000.0,48400000.0,-262300000.0,53700000.0,-340100000.0,-1.62,3.238,-17.549,3.593,-22.754,2022-01-01,FY,False,SEC XBRL (IFRS)
PAAS,Pan American Silver Corp.,2023-12-31,FY2023,USD,2316100000.0,296800000.0,38100000.0,522300000.0,-104900000.0,-0.32,12.815,1.645,22.551,-4.529,2023-01-01,FY,False,SEC XBRL (IFRS)
PAAS,Pan American Silver Corp.,2024-12-31,FY2024,USD,2819000000.0,549000000.0,531000000.0,1102000000.0,113000000.0,0.31,19.475,18.836,39.092,4.009,2024-01-01,FY,False,SEC XBRL (IFRS)
PAAS,Pan American Silver Corp.,2025-12-31,FY2025,USD,3619000000.0,1405000000.0,1233000000.0,1730000000.0,980000000.0,2.56,38.823,34.07,47.803,27.079,2025-01-01,FY,False,SEC XBRL (IFRS)
MX,Methanex Corporation,2020-12-31,FY2020,USD,2649963000.0,542430000.0,-52450000.0,304679000.0,-125327000.0,-2.06,20.469,-1.979,11.497,-4.729,2020-01-01,FY,False,SEC XBRL (IFRS)
MX,Methanex Corporation,2021-12-31,FY2021,USD,4414559000.0,1302635000.0,711965000.0,1075049000.0,555911000.0,6.13,29.508,16.128,24.352,12.593,2021-01-01,FY,False,SEC XBRL (IFRS)
MX,Methanex Corporation,2022-12-31,FY2022,USD,4311188000.0,1072876000.0,610613000.0,983033000.0,462288000.0,4.86,24.886,14.163,22.802,10.723,2022-01-01,FY,False,SEC XBRL (IFRS)
MX,Methanex Corporation,2023-12-31,FY2023,USD,3723475000.0,925681000.0,263573000.0,655403000.0,284122000.0,2.57,24.861,7.079,17.602,7.631,2023-01-01,FY,False,SEC XBRL (IFRS)
MX,Methanex Corporation,2024-12-31,FY2024,USD,3719829000.0,1041748000.0,361965000.0,747668000.0,250245000.0,2.39,28.005,9.731,20.1,6.727,2024-01-01,FY,False,SEC XBRL (IFRS)
MX,Methanex Corporation,2025-12-31,FY2025,USD,3589224000.0,1280834000.0,431062000.0,877073000.0,144794000.0,0.93,35.686,12.01,24.436,4.034,2025-01-01,FY,False,SEC XBRL (IFRS)
RY,Royal Bank of Canada,2020-10-31,FY2020,CAD,47181000000.0,,14389000000.0,16995000000.0,11437000000.0,7.82,,30.497,36.021,24.241,2019-11-01,FY,False,SEC XBRL (IFRS)
RY,Royal Bank of Canada,2021-10-31,FY2021,CAD,49693000000.0,,20631000000.0,23194000000.0,16050000000.0,11.06,,41.517,46.675,32.298,2020-11-01,FY,False,SEC XBRL (IFRS)
RY,Royal Bank of Canada,2022-10-31,FY2022,CAD,48985000000.0,,20109000000.0,22743000000.0,15807000000.0,11.06,,41.051,46.428,32.269,2021-11-01,FY,False,SEC XBRL (IFRS)
RY,Royal Bank of Canada,2023-10-31,FY2023,CAD,51464000000.0,,18183000000.0,20929000000.0,14612000000.0,10.32,,35.331,40.667,28.393,2022-11-01,FY,False,SEC XBRL (IFRS)
RY,Royal Bank of Canada,2024-10-31,FY2024,CAD,57344000000.0,,19862000000.0,22775000000.0,16240000000.0,11.25,,34.637,39.716,28.32,2023-11-01,FY,False,SEC XBRL (IFRS)
RY,Royal Bank of Canada,2025-10-31,FY2025,CAD,66605000000.0,,25651000000.0,28696000000.0,20369000000.0,14.07,,38.512,43.084,30.582,2024-11-01,FY,False,SEC XBRL (IFRS)
RCI.B,Rogers Communications Inc.,2020-12-31,FY2020,CAD,13916000000.0,5857000000.0,5857000000.0,8475000000.0,1592000000.0,3.13,42.088,42.088,60.901,11.44,2020-01-01,FY,False,SEC XBRL (IFRS)
RCI.B,Rogers Communications Inc.,2021-12-31,FY2021,CAD,14655000000.0,5887000000.0,5887000000.0,8472000000.0,1558000000.0,3.07,40.171,40.171,57.81,10.631,2021-01-01,FY,False,SEC XBRL (IFRS)
RCI.B,Rogers Communications Inc.,2022-12-31,FY2022,CAD,15396000000.0,6393000000.0,6393000000.0,8969000000.0,1680000000.0,3.32,41.524,41.524,58.255,10.912,2022-01-01,FY,False,SEC XBRL (IFRS)
RCI.B,Rogers Communications Inc.,2023-12-31,FY2023,CAD,19308000000.0,8581000000.0,8581000000.0,12702000000.0,849000000.0,1.62,44.443,44.443,65.786,4.397,2023-01-01,FY,False,SEC XBRL (IFRS)
RCI.B,Rogers Communications Inc.,2024-12-31,FY2024,CAD,20604000000.0,9617000000.0,9617000000.0,14233000000.0,1734000000.0,3.2,46.675,46.675,69.079,8.416,2024-01-01,FY,False,SEC XBRL (IFRS)
RCI.B,Rogers Communications Inc.,2025-12-31,FY2025,CAD,21712000000.0,9820000000.0,9820000000.0,14622000000.0,6906000000.0,12.74,45.228,45.228,67.345,31.807,2025-01-01,FY,False,SEC XBRL (IFRS)
PPL,Pembina Pipeline Corporation,2020-12-31,FY2020,CAD,5953000000.0,2008000000.0,4000000.0,,-316000000.0,-0.86,33.731,0.067,,-5.308,2020-01-01,FY,False,SEC XBRL (IFRS)
PPL,Pembina Pipeline Corporation,2021-12-31,FY2021,CAD,8627000000.0,2647000000.0,2115000000.0,,1242000000.0,1.99,30.683,24.516,,14.397,2021-01-01,FY,False,SEC XBRL (IFRS)
PPL,Pembina Pipeline Corporation,2022-12-31,FY2022,CAD,11611000000.0,3123000000.0,3705000000.0,,2971000000.0,5.12,26.897,31.909,,25.588,2022-01-01,FY,False,SEC XBRL (IFRS)
PPL,Pembina Pipeline Corporation,2023-12-31,FY2023,CAD,6331000000.0,2840000000.0,2655000000.0,,1776000000.0,2.99,44.859,41.937,,28.052,2023-01-01,FY,False,SEC XBRL (IFRS)
PPL,Pembina Pipeline Corporation,2024-12-31,FY2024,CAD,7384000000.0,3316000000.0,2281000000.0,,1874000000.0,3.0,44.908,30.891,,25.379,2024-01-01,FY,False,SEC XBRL (IFRS)
PPL,Pembina Pipeline Corporation,2025-12-31,FY2025,CAD,7778000000.0,3193000000.0,2809000000.0,,1694000000.0,2.66,41.052,36.115,,21.779,2025-01-01,FY,False,SEC XBRL (IFRS)
QSR,Restaurant Brands International Inc.,2020-12-31,FY2020,USD,4968000000.0,3358000000.0,1422000000.0,1611000000.0,750000000.0,1.6,67.593,28.623,32.428,15.097,2020-01-01,FY,False,SEC XBRL (IFRS)
QSR,Restaurant Brands International Inc.,2021-12-31,FY2021,USD,5739000000.0,3849000000.0,1879000000.0,2080000000.0,1253000000.0,2.69,67.067,32.741,36.243,21.833,2021-01-01,FY,False,SEC XBRL (IFRS)
QSR,Restaurant Brands International Inc.,2022-12-31,FY2022,USD,6505000000.0,4193000000.0,1898000000.0,2088000000.0,1482000000.0,3.25,64.458,29.178,32.098,22.782,2022-01-01,FY,False,SEC XBRL (IFRS)
QSR,Restaurant Brands International Inc.,2023-12-31,FY2023,USD,7022000000.0,4587000000.0,2051000000.0,2242000000.0,1718000000.0,3.76,65.323,29.208,31.928,24.466,2023-01-01,FY,False,SEC XBRL (IFRS)
QSR,Restaurant Brands International Inc.,2024-12-31,FY2024,USD,8406000000.0,,2419000000.0,2683000000.0,1445000000.0,3.18,,28.777,31.918,17.19,2024-01-01,FY,False,SEC XBRL (IFRS)
QSR,Restaurant Brands International Inc.,2025-12-31,FY2025,USD,9434000000.0,,2202000000.0,2503000000.0,1075000000.0,2.35,,23.341,26.532,11.395,2025-01-01,FY,False,SEC XBRL (IFRS)
SKE,Skeena Resources Limited,2020-12-31,FY2020,CAD,395000.0,,,,-60311000.0,-1.43,,,,-15268.608,2020-01-01,FY,False,SEC XBRL (IFRS)
SKE,Skeena Resources Limited,2021-12-31,FY2021,CAD,228000.0,,,,-117567000.0,-1.97,,,,-51564.474,2021-01-01,FY,False,SEC XBRL (IFRS)
SKE,Skeena Resources Limited,2022-12-31,FY2022,CAD,361000.0,,-88890000.0,,-88890000.0,-1.26,,-24623.269,,-24623.269,2022-01-01,FY,False,SEC XBRL (IFRS)
SKE,Skeena Resources Limited,2023-12-31,FY2023,CAD,2040000.0,,-109624000.0,,-108980000.0,-1.29,,-5373.725,,-5342.157,2023-01-01,FY,False,SEC XBRL (IFRS)
SKE,Skeena Resources Limited,2024-12-31,FY2024,CAD,3694000.0,,-151939000.0,,-151939000.0,-1.53,,-4113.129,,-4113.129,2024-01-01,FY,False,SEC XBRL (IFRS)
SKE,Skeena Resources Limited,2025-12-31,FY2025,CAD,3065000.0,,-179379000.0,,-182841000.0,-1.59,,-5852.496,,-5965.449,2025-01-01,FY,False,SEC XBRL (IFRS)
SVM,Silvercorp Metals Inc.,2021-03-31,FY2021,USD,192105000.0,84162000.0,71724000.0,93158000.0,60509000.0,0.26,43.81,37.336,48.493,31.498,2020-04-01,FY,False,SEC XBRL (IFRS)
SVM,Silvercorp Metals Inc.,2022-03-31,FY2022,USD,217923000.0,84301000.0,62565000.0,87647000.0,43284000.0,0.17,38.684,28.71,40.219,19.862,2021-04-01,FY,False,SEC XBRL (IFRS)
SVM,Silvercorp Metals Inc.,2023-03-31,FY2023,USD,208129000.0,70783000.0,33747000.0,35429000.0,21100000.0,0.12,34.009,16.214,17.023,10.138,2022-04-01,FY,False,SEC XBRL (IFRS)
SVM,Silvercorp Metals Inc.,2024-03-31,FY2024,USD,215187000.0,80589000.0,63921000.0,91207000.0,49678000.0,0.2,37.451,29.705,42.385,23.086,2023-04-01,FY,False,SEC XBRL (IFRS)
SVM,Silvercorp Metals Inc.,2025-03-31,FY2025,USD,298895000.0,123551000.0,103152000.0,134166000.0,78769000.0,0.28,41.336,34.511,44.887,26.353,2024-04-01,FY,False,SEC XBRL (IFRS)
SHOP,Shopify Inc.,2020-12-31,FY2020,USD,,1541520000.0,90153000.0,160213000.0,319509000.0,2.59,,,,,2020-01-01,FY,False,SEC XBRL (IFRS)
SHOP,Shopify Inc.,2021-12-31,FY2021,USD,,2481144000.0,268643000.0,334951000.0,2914659000.0,2.29,,,,,2021-01-01,FY,False,SEC XBRL (IFRS)
SHOP,Shopify Inc.,2022-12-31,FY2022,USD,5600000000.0,2754000000.0,-822000000.0,-729000000.0,-3460000000.0,-2.73,49.179,-14.679,-13.018,-61.786,2022-01-01,FY,False,SEC XBRL (IFRS)
SHOP,Shopify Inc.,2023-12-31,FY2023,USD,7060000000.0,3515000000.0,-1418000000.0,-1348000000.0,132000000.0,0.1,49.788,-20.085,-19.093,1.87,2023-01-01,FY,False,SEC XBRL (IFRS)
SHOP,Shopify Inc.,2024-12-31,FY2024,USD,8880000000.0,4472000000.0,1075000000.0,1111000000.0,2019000000.0,1.55,50.36,12.106,12.511,22.736,2024-01-01,FY,False,SEC XBRL (IFRS)
SHOP,Shopify Inc.,2025-12-31,FY2025,USD,11556000000.0,5555000000.0,1468000000.0,1499000000.0,1231000000.0,0.94,48.07,12.703,12.972,10.652,2025-01-01,FY,False,SEC XBRL (IFRS)
SOBO,South Bow Corporation,2023-12-31,FY2023,USD,2005000000.0,1654000000.0,1074000000.0,1318000000.0,442000000.0,2.13,82.494,53.566,65.736,22.045,2023-01-01,FY,False,SEC XBRL (IFRS)
SOBO,South Bow Corporation,2024-12-31,FY2024,USD,2120000000.0,1744000000.0,1091000000.0,1337000000.0,316000000.0,1.52,82.264,51.462,63.066,14.906,2024-01-01,FY,False,SEC XBRL (IFRS)
SOBO,South Bow Corporation,2025-12-31,FY2025,USD,1986000000.0,1673000000.0,,,433000000.0,2.07,84.24,,,21.803,2025-01-01,FY,False,SEC XBRL (IFRS)
STN,Stantec Inc.,2020-12-31,FY2020,CAD,4730100000.0,1930500000.0,216700000.0,,171100000.0,1.53,40.813,4.581,,3.617,2020-01-01,FY,False,SEC XBRL (IFRS)
STN,Stantec Inc.,2021-12-31,FY2021,CAD,4576800000.0,1963300000.0,263000000.0,,200700000.0,1.8,42.897,5.746,,4.385,2021-01-01,FY,False,SEC XBRL (IFRS)
STN,Stantec Inc.,2022-12-31,FY2022,CAD,5677200000.0,2417300000.0,325100000.0,,247000000.0,2.22,42.579,5.726,,4.351,2022-01-01,FY,False,SEC XBRL (IFRS)
STN,Stantec Inc.,2023-12-31,FY2023,CAD,6479600000.0,2744700000.0,407700000.0,,316500000.0,2.85,42.359,6.292,,4.885,2023-01-01,FY,False,SEC XBRL (IFRS)
STN,Stantec Inc.,2024-12-31,FY2024,CAD,7500000000.0,,465300000.0,,361500000.0,3.17,,6.204,,4.82,2024-01-01,FY,False,SEC XBRL (IFRS)
STN,Stantec Inc.,2025-12-31,FY2025,CAD,8144200000.0,,630000000.0,,479400000.0,4.2,,7.736,,5.886,2025-01-01,FY,False,SEC XBRL (IFRS)
RBA,"RB Global, Inc.",2020-12-31,FY2020,USD,1377260000.0,,263160000.0,338081000.0,170358000.0,1.54,,19.108,24.547,12.369,2020-01-01,FY,False,SEC XBRL (IFRS)
RBA,"RB Global, Inc.",2021-12-31,FY2021,USD,1417000000.0,,241000000.0,328900000.0,151900000.0,1.36,,17.008,23.211,10.72,2021-01-01,FY,False,SEC XBRL (IFRS)
RBA,"RB Global, Inc.",2022-12-31,FY2022,USD,1733800000.0,,453500000.0,550700000.0,319800000.0,2.86,,26.156,31.763,18.445,2022-01-01,FY,False,SEC XBRL (IFRS)
RBA,"RB Global, Inc.",2023-12-31,FY2023,USD,3679600000.0,,471300000.0,823500000.0,206000000.0,1.04,,12.808,22.38,5.598,2023-01-01,FY,False,SEC XBRL (IFRS)
RBA,"RB Global, Inc.",2024-12-31,FY2024,USD,4284200000.0,,761200000.0,1205600000.0,412800000.0,2.01,,17.768,28.141,9.635,2024-01-01,FY,False,SEC XBRL (IFRS)
RBA,"RB Global, Inc.",2025-12-31,FY2025,USD,4590700000.0,,713400000.0,1196800000.0,427600000.0,2.04,,15.54,26.07,9.314,2025-01-01,FY,False,SEC XBRL (IFRS)
SLF,Sun Life Financial Inc.,2020-12-31,FY2020,CAD,43337000000.0,,3287000000.0,,2792000000.0,4.1,,7.585,,6.443,2020-01-01,FY,False,SEC XBRL (IFRS)
SLF,Sun Life Financial Inc.,2021-12-31,FY2021,CAD,35688000000.0,,5097000000.0,,4370000000.0,6.69,,14.282,,12.245,2021-01-01,FY,False,SEC XBRL (IFRS)
SLF,Sun Life Financial Inc.,2022-12-31,FY2022,CAD,5769000000.0,,3626000000.0,,3080000000.0,4.89,,62.853,,53.389,2022-01-01,FY,False,SEC XBRL (IFRS)
SLF,Sun Life Financial Inc.,2023-12-31,FY2023,CAD,40943000000.0,,3930000000.0,,3469000000.0,5.26,,9.599,,8.473,2023-01-01,FY,False,SEC XBRL (IFRS)
SLF,Sun Life Financial Inc.,2024-12-31,FY2024,CAD,38796000000.0,,4339000000.0,,3299000000.0,5.26,,11.184,,8.503,2024-01-01,FY,False,SEC XBRL (IFRS)
SLF,Sun Life Financial Inc.,2025-12-31,FY2025,CAD,41900000000.0,,4798000000.0,,3782000000.0,6.15,,11.451,,9.026,2025-01-01,FY,False,SEC XBRL (IFRS)
SSRM,SSR Mining Inc.,2020-12-31,FY2020,USD,853089000.0,308642000.0,202713000.0,311971000.0,140468000.0,0.87,36.179,23.762,36.57,16.466,2020-01-01,FY,False,SEC XBRL (IFRS)
TRP,TC Energy Corporation,2020-12-31,FY2020,CAD,12999000000.0,12999000000.0,6773000000.0,9363000000.0,4913000000.0,4.74,100.0,52.104,72.029,37.795,2020-01-01,FY,False,SEC XBRL (IFRS)
TRP,TC Energy Corporation,2021-12-31,FY2021,CAD,13387000000.0,13300000000.0,4059000000.0,6581000000.0,2046000000.0,1.86,99.35,30.32,49.16,15.283,2021-01-01,FY,False,SEC XBRL (IFRS)
TRP,TC Energy Corporation,2022-12-31,FY2022,CAD,12309000000.0,12287000000.0,2450000000.0,5034000000.0,785000000.0,0.64,99.821,19.904,40.897,6.377,2022-01-01,FY,False,SEC XBRL (IFRS)
TRP,TC Energy Corporation,2023-12-31,FY2023,CAD,13267000000.0,13187000000.0,5097000000.0,7875000000.0,3068000000.0,2.75,99.397,38.419,59.358,23.125,2023-01-01,FY,False,SEC XBRL (IFRS)
TRP,TC Energy Corporation,2024-12-31,FY2024,CAD,13771000000.0,13554000000.0,7964000000.0,10752000000.0,5379000000.0,4.43,98.424,57.832,78.077,39.06,2024-01-01,FY,False,SEC XBRL (IFRS)
TRP,TC Energy Corporation,2025-12-31,FY2025,CAD,15239000000.0,15031000000.0,8036000000.0,10805000000.0,4094000000.0,3.27,98.635,52.733,70.904,26.865,2025-01-01,FY,False,SEC XBRL (IFRS)
SU,Suncor Energy Inc.,2020-12-31,FY2020,CAD,25052000000.0,,-6097000000.0,,-4319000000.0,-2.83,,-24.337,,-17.24,2020-01-01,FY,False,SEC XBRL (IFRS)
SU,Suncor Energy Inc.,2021-12-31,FY2021,CAD,39101000000.0,,5570000000.0,,4119000000.0,2.77,,14.245,,10.534,2021-01-01,FY,False,SEC XBRL (IFRS)
SU,Suncor Energy Inc.,2022-12-31,FY2022,CAD,62907000000.0,,12316000000.0,,9077000000.0,6.53,,19.578,,14.429,2022-01-01,FY,False,SEC XBRL (IFRS)
SU,Suncor Energy Inc.,2023-12-31,FY2023,CAD,52206000000.0,,10589000000.0,,8295000000.0,6.33,,20.283,,15.889,2023-01-01,FY,False,SEC XBRL (IFRS)
SU,Suncor Energy Inc.,2024-12-31,FY2024,CAD,54881000000.0,,8187000000.0,,6016000000.0,4.72,,14.918,,10.962,2024-01-01,FY,False,SEC XBRL (IFRS)
SU,Suncor Energy Inc.,2025-12-31,FY2025,CAD,52377000000.0,,7948000000.0,,5918000000.0,4.85,,15.175,,11.299,2025-01-01,FY,False,SEC XBRL (IFRS)
SEA,Seabridge Gold Inc.,2020-12-31,FY2020,CAD,110000.0,,-15742000.0,,-14942000.0,-0.23,,-14310.909,,-13583.636,2020-01-01,FY,False,SEC XBRL (IFRS)
SEA,Seabridge Gold Inc.,2021-12-31,FY2021,CAD,83000.0,,5525000.0,,895000.0,0.01,,6656.627,,1078.313,2021-01-01,FY,False,SEC XBRL (IFRS)
SEA,Seabridge Gold Inc.,2022-12-31,FY2022,CAD,72000.0,,874000.0,,-7394000.0,-0.09,,1213.889,,-10269.444,2022-01-01,FY,False,SEC XBRL (IFRS)
SEA,Seabridge Gold Inc.,2023-12-31,FY2023,CAD,,,-37961000.0,,-29266000.0,-0.35,,,,,2023-01-01,FY,False,SEC XBRL (IFRS)
SEA,Seabridge Gold Inc.,2024-12-31,FY2024,CAD,,,-19872000.0,,-31247000.0,-0.35,,,,,2024-01-01,FY,False,SEC XBRL (IFRS)
SEA,Seabridge Gold Inc.,2025-12-31,FY2025,CAD,,,-65082000.0,,-53172000.0,-0.53,,,,,2025-01-01,FY,False,SEC XBRL (IFRS)
TECK.B,Teck Resources Limited,2020-12-31,FY2020,CAD,8948000000.0,1333000000.0,-910000000.0,600000000.0,-944000000.0,-1.62,14.897,-10.17,6.705,-10.55,2020-01-01,FY,False,SEC XBRL (IFRS)
TECK.B,Teck Resources Limited,2021-12-31,FY2021,CAD,12766000000.0,5214000000.0,4983000000.0,6470000000.0,2915000000.0,5.31,40.843,39.033,50.681,22.834,2021-01-01,FY,False,SEC XBRL (IFRS)
TECK.B,Teck Resources Limited,2022-12-31,FY2022,CAD,17316000000.0,8571000000.0,6986000000.0,8660000000.0,3298000000.0,6.19,49.498,40.344,50.012,19.046,2022-01-01,FY,False,SEC XBRL (IFRS)
TECK.B,Teck Resources Limited,2023-12-31,FY2023,CAD,6476000000.0,1112000000.0,222000000.0,1106000000.0,2308000000.0,4.59,17.171,3.428,17.078,35.639,2023-01-01,FY,False,SEC XBRL (IFRS)
TECK.B,Teck Resources Limited,2024-12-31,FY2024,CAD,9065000000.0,1607000000.0,-9000000.0,1670000000.0,283000000.0,0.78,17.728,-0.099,18.423,3.122,2024-01-01,FY,False,SEC XBRL (IFRS)
TECK.B,Teck Resources Limited,2025-12-31,FY2025,CAD,10756000000.0,2657000000.0,2248000000.0,3934000000.0,1072000000.0,2.83,24.702,20.9,36.575,9.967,2025-01-01,FY,False,SEC XBRL (IFRS)
SII,Sprott Inc.,2020-12-31,FY2020,USD,121776000.0,,34662000.0,,26978000.0,1.05,,28.464,,22.154,2020-01-01,FY,False,SEC XBRL (IFRS)
SII,Sprott Inc.,2021-12-31,FY2021,USD,164645000.0,,45190000.0,,33185000.0,1.28,,27.447,,20.155,2021-01-01,FY,False,SEC XBRL (IFRS)
SII,Sprott Inc.,2022-12-31,FY2022,USD,145182000.0,,25079000.0,,17632000.0,0.67,,17.274,,12.145,2022-01-01,FY,False,SEC XBRL (IFRS)
SII,Sprott Inc.,2023-12-31,FY2023,USD,151367000.0,,50291000.0,,41799000.0,1.6,,33.225,,27.614,2023-01-01,FY,False,SEC XBRL (IFRS)
SII,Sprott Inc.,2024-12-31,FY2024,USD,178655000.0,,69006000.0,,49294000.0,1.91,,38.625,,27.592,2024-01-01,FY,False,SEC XBRL (IFRS)
SII,Sprott Inc.,2025-12-31,FY2025,USD,285082000.0,,90358000.0,,67345000.0,2.61,,31.695,,23.623,2025-01-01,FY,False,SEC XBRL (IFRS)
T,Telus Corporation,2020-12-31,FY2020,CAD,15463000000.0,13463000000.0,2482000000.0,,1260000000.0,0.94,87.066,16.051,,8.148,2020-01-01,FY,False,SEC XBRL (IFRS)
T,Telus Corporation,2021-12-31,FY2021,CAD,17258000000.0,15058000000.0,3074000000.0,,1698000000.0,1.22,87.252,17.812,,9.839,2021-01-01,FY,False,SEC XBRL (IFRS)
T,Telus Corporation,2022-12-31,FY2022,CAD,18412000000.0,16112000000.0,2954000000.0,,1718000000.0,1.15,87.508,16.044,,9.331,2022-01-01,FY,False,SEC XBRL (IFRS)
T,Telus Corporation,2023-12-31,FY2023,CAD,20116000000.0,17716000000.0,2362000000.0,,867000000.0,0.58,88.069,11.742,,4.31,2023-01-01,FY,False,SEC XBRL (IFRS)
T,Telus Corporation,2024-12-31,FY2024,CAD,20386000000.0,17886000000.0,2804000000.0,,938000000.0,0.67,87.737,13.755,,4.601,2024-01-01,FY,False,SEC XBRL (IFRS)
T,Telus Corporation,2025-12-31,FY2025,CAD,20506000000.0,18106000000.0,2363000000.0,,777000000.0,0.72,88.296,11.523,,3.789,2025-01-01,FY,False,SEC XBRL (IFRS)
TFII,TFI International Inc.,2020-12-31,FY2020,USD,3781134000.0,,416567000.0,715796000.0,275675000.0,3.03,,11.017,18.931,7.291,2020-01-01,FY,False,SEC XBRL (IFRS)
TFII,TFI International Inc.,2021-12-31,FY2021,USD,7220429000.0,,979229000.0,1372261000.0,823232000.0,7.91,,13.562,19.005,11.401,2021-01-01,FY,False,SEC XBRL (IFRS)
TFII,TFI International Inc.,2022-12-31,FY2022,USD,8812491000.0,,1146038000.0,1576631000.0,823232000.0,9.02,,13.005,17.891,9.342,2022-01-01,FY,False,SEC XBRL (IFRS)
TFII,TFI International Inc.,2023-12-31,FY2023,USD,7521167000.0,,757635000.0,1199610000.0,504877000.0,5.8,,10.073,15.95,6.713,2023-01-01,FY,False,SEC XBRL (IFRS)
TFII,TFI International Inc.,2024-12-31,FY2024,USD,8396830000.0,,718962000.0,1301031000.0,422484000.0,4.96,,8.562,15.494,5.031,2024-01-01,FY,False,SEC XBRL (IFRS)
TFII,TFI International Inc.,2025-12-31,FY2025,USD,7884671000.0,,565316000.0,1175820000.0,310553000.0,3.72,,7.17,14.913,3.939,2025-01-01,FY,False,SEC XBRL (IFRS)
TRI,Thomson Reuters Corporation,2020-12-31,FY2020,USD,5984000000.0,,1929000000.0,,1122000000.0,2.25,,32.236,,18.75,2020-01-01,FY,False,SEC XBRL (IFRS)
TRI,Thomson Reuters Corporation,2021-12-31,FY2021,USD,6348000000.0,,1242000000.0,,5689000000.0,11.5,,19.565,,89.619,2021-01-01,FY,False,SEC XBRL (IFRS)
TRI,Thomson Reuters Corporation,2022-12-31,FY2022,USD,6627000000.0,,1834000000.0,,1338000000.0,2.75,,27.675,,20.19,2022-01-01,FY,False,SEC XBRL (IFRS)
TRI,Thomson Reuters Corporation,2023-12-31,FY2023,USD,6794000000.0,,2332000000.0,,2695000000.0,5.8,,34.324,,39.667,2023-01-01,FY,False,SEC XBRL (IFRS)
TRI,Thomson Reuters Corporation,2024-12-31,FY2024,USD,7258000000.0,,2109000000.0,,2207000000.0,4.89,,29.058,,30.408,2024-01-01,FY,False,SEC XBRL (IFRS)
TRI,Thomson Reuters Corporation,2025-12-31,FY2025,USD,7476000000.0,,2132000000.0,,1502000000.0,3.33,,28.518,,20.091,2025-01-01,FY,False,SEC XBRL (IFRS)
VET,Vermilion Energy Inc.,2020-12-31,FY2020,CAD,1140844000.0,,-1877399000.0,,-1517427000.0,-9.61,,-164.562,,-133.009,2020-01-01,FY,False,SEC XBRL (IFRS)
VET,Vermilion Energy Inc.,2021-12-31,FY2021,CAD,2040730000.0,,1381893000.0,,1148696000.0,6.97,,67.716,,56.288,2021-01-01,FY,False,SEC XBRL (IFRS)
VET,Vermilion Energy Inc.,2022-12-31,FY2022,CAD,3415211000.0,,2051099000.0,,1313062000.0,7.8,,60.058,,38.447,2022-01-01,FY,False,SEC XBRL (IFRS)
VET,Vermilion Energy Inc.,2023-12-31,FY2023,CAD,2007861000.0,,-278282000.0,,-237587000.0,-1.45,,-13.86,,-11.833,2023-01-01,FY,False,SEC XBRL (IFRS)
VET,Vermilion Energy Inc.,2024-12-31,FY2024,CAD,1546420000.0,,-6586000.0,,-46739000.0,-0.3,,-0.426,,-3.022,2024-01-01,FY,False,SEC XBRL (IFRS)
VET,Vermilion Energy Inc.,2025-12-31,FY2025,CAD,1765141000.0,,-668093000.0,,-653601000.0,-4.25,,-37.849,,-37.028,2025-01-01,FY,False,SEC XBRL (IFRS)
TD,Toronto-Dominion Bank,2020-10-31,FY2020,CAD,43646000000.0,,,,11895000000.0,6.43,,,,27.253,2019-11-01,FY,False,SEC XBRL (IFRS)
TD,Toronto-Dominion Bank,2021-10-31,FY2021,CAD,42693000000.0,,,,14298000000.0,7.72,,,,33.49,2020-11-01,FY,False,SEC XBRL (IFRS)
TD,Toronto-Dominion Bank,2022-10-31,FY2022,CAD,49032000000.0,,,,17429000000.0,9.47,,,,35.546,2021-11-01,FY,False,SEC XBRL (IFRS)
TD,Toronto-Dominion Bank,2023-10-31,FY2023,CAD,50690000000.0,,,,10634000000.0,5.52,,,,20.978,2022-11-01,FY,False,SEC XBRL (IFRS)
TD,Toronto-Dominion Bank,2024-10-31,FY2024,CAD,57223000000.0,,,,8842000000.0,4.72,,,,15.452,2023-11-01,FY,False,SEC XBRL (IFRS)
TD,Toronto-Dominion Bank,2025-10-31,FY2025,CAD,67777000000.0,,,,20538000000.0,11.56,,,,30.302,2024-11-01,FY,False,SEC XBRL (IFRS)
TA,TransAlta Corporation,2020-12-31,FY2020,CAD,2101000000.0,1133000000.0,-99000000.0,555000000.0,-253000000.0,-1.22,53.927,-4.712,26.416,-12.042,2020-01-01,FY,False,SEC XBRL (IFRS)
TA,TransAlta Corporation,2021-12-31,FY2021,CAD,2721000000.0,1489000000.0,-239000000.0,290000000.0,-425000000.0,-2.13,54.723,-8.784,10.658,-15.619,2021-01-01,FY,False,SEC XBRL (IFRS)
TA,TransAlta Corporation,2022-12-31,FY2022,CAD,2976000000.0,1635000000.0,531000000.0,1130000000.0,161000000.0,0.01,54.94,17.843,37.97,5.41,2022-01-01,FY,False,SEC XBRL (IFRS)
TA,TransAlta Corporation,2023-12-31,FY2023,CAD,3355000000.0,2183000000.0,1089000000.0,1710000000.0,796000000.0,2.33,65.067,32.459,50.969,23.726,2023-01-01,FY,False,SEC XBRL (IFRS)
TA,TransAlta Corporation,2024-12-31,FY2024,CAD,2845000000.0,1794000000.0,585000000.0,1116000000.0,239000000.0,0.59,63.058,20.562,39.227,8.401,2024-01-01,FY,False,SEC XBRL (IFRS)
TA,TransAlta Corporation,2025-12-31,FY2025,CAD,2405000000.0,1420000000.0,140000000.0,719000000.0,-158000000.0,-0.64,59.044,5.821,29.896,-6.57,2025-01-01,FY,False,SEC XBRL (IFRS)
VZLA,Vizsla Silver Corp.,2021-04-30,FY2021,CAD,38790.0,,-11099272.0,,-11099272.0,-0.13,,-28613.746,,-28613.746,2020-05-01,FY,False,SEC XBRL (IFRS)
VZLA,Vizsla Silver Corp.,2022-04-30,FY2022,CAD,139864.0,,-15270556.0,,-15270556.0,-0.11,,-10918.146,,-10918.146,2021-05-01,FY,False,SEC XBRL (IFRS)
VZLA,Vizsla Silver Corp.,2023-04-30,FY2023,CAD,959740.0,,-13591728.0,,-13591728.0,-0.08,,-1416.189,,-1416.189,2022-05-01,FY,False,SEC XBRL (IFRS)
VZLA,Vizsla Silver Corp.,2024-04-30,FY2024,CAD,1632960.0,,-15948389.0,,-15948389.0,-0.08,,-976.655,,-976.655,2023-05-01,FY,False,SEC XBRL (IFRS)
VZLA,Vizsla Silver Corp.,2025-04-30,FY2025,CAD,,,-7850996.0,,-7850997.0,-0.03,,,,,2024-05-01,FY,False,SEC XBRL (IFRS)
WFG,West Fraser Timber Co. Ltd.,2020-12-31,FY2020,USD,4373000000.0,1814000000.0,831000000.0,,588000000.0,8.56,41.482,19.003,,13.446,2020-01-01,FY,False,SEC XBRL (IFRS)
WFG,West Fraser Timber Co. Ltd.,2021-12-31,FY2021,USD,10518000000.0,5873000000.0,3945000000.0,,2947000000.0,27.03,55.838,37.507,,28.019,2021-01-01,FY,False,SEC XBRL (IFRS)
WFG,West Fraser Timber Co. Ltd.,2022-12-31,FY2022,USD,9701000000.0,4559000000.0,2559000000.0,,1975000000.0,20.86,46.995,26.379,,20.359,2022-01-01,FY,False,SEC XBRL (IFRS)
WFG,West Fraser Timber Co. Ltd.,2023-12-31,FY2023,USD,6454000000.0,1769000000.0,-284000000.0,,-167000000.0,-2.01,27.409,-4.4,,-2.588,2023-01-01,FY,False,SEC XBRL (IFRS)
WFG,West Fraser Timber Co. Ltd.,2024-12-31,FY2024,USD,6174000000.0,1841000000.0,7000000.0,,-5000000.0,-0.07,29.819,0.113,,-0.081,2024-01-01,FY,False,SEC XBRL (IFRS)
WFG,West Fraser Timber Co. Ltd.,2025-12-31,FY2025,USD,5462000000.0,1278000000.0,-1187000000.0,,-937000000.0,-12.08,23.398,-21.732,,-17.155,2025-01-01,FY,False,SEC XBRL (IFRS)
WCN,Waste Connections Inc.,2020-12-31,FY2020,USD,5445990000.0,2169182000.0,412428000.0,1164832000.0,203992000.0,0.78,39.831,7.573,21.389,3.746,2020-01-01,FY,False,SEC XBRL (IFRS)
WCN,Waste Connections Inc.,2021-12-31,FY2021,USD,6151361000.0,2497287000.0,1039625000.0,1852634000.0,618489000.0,2.36,40.597,16.901,30.117,10.055,2021-01-01,FY,False,SEC XBRL (IFRS)
WCN,Waste Connections Inc.,2022-12-31,FY2022,USD,7211859000.0,2875847000.0,1242190000.0,2161150000.0,836001000.0,3.24,39.877,17.224,29.967,11.592,2022-01-01,FY,False,SEC XBRL (IFRS)
WCN,Waste Connections Inc.,2023-12-31,FY2023,USD,8021951000.0,3277438000.0,1236312000.0,2239523000.0,762826000.0,2.95,40.856,15.412,27.917,9.509,2023-01-01,FY,False,SEC XBRL (IFRS)
WCN,Waste Connections Inc.,2024-12-31,FY2024,USD,8919591000.0,3727885000.0,1067659000.0,2231428000.0,616570000.0,2.39,41.794,11.97,25.017,6.913,2024-01-01,FY,False,SEC XBRL (IFRS)
WCN,Waste Connections Inc.,2025-12-31,FY2025,USD,9466915000.0,4011533000.0,1710174000.0,2942280000.0,1076557000.0,4.17,42.374,18.065,31.08,11.372,2025-01-01,FY,False,SEC XBRL (IFRS)
WPM,Wheaton Precious Metals Corp.,2020-12-31,FY2020,USD,1096224000.0,585572000.0,519874000.0,,149074000.0,1.128,53.417,47.424,,13.599,2020-01-01,FY,False,SEC XBRL (IFRS)
WPM,Wheaton Precious Metals Corp.,2021-12-31,FY2021,USD,1201665000.0,658925000.0,754657000.0,,754885000.0,1.673,54.834,62.801,,62.82,2021-01-01,FY,False,SEC XBRL (IFRS)
WPM,Wheaton Precious Metals Corp.,2022-12-31,FY2022,USD,1065053000.0,565480000.0,511904000.0,,669126000.0,1.479,53.094,48.064,,62.826,2022-01-01,FY,False,SEC XBRL (IFRS)
WPM,Wheaton Precious Metals Corp.,2023-12-31,FY2023,USD,1016045000.0,573440000.0,505270000.0,,537644000.0,1.186,56.438,49.729,,52.915,2023-01-01,FY,False,SEC XBRL (IFRS)
WPM,Wheaton Precious Metals Corp.,2024-12-31,FY2024,USD,1284639000.0,802587000.0,620832000.0,,529140000.0,1.165,62.476,48.327,,41.19,2024-01-01,FY,False,SEC XBRL (IFRS)
WPM,Wheaton Precious Metals Corp.,2025-12-31,FY2025,USD,2314600000.0,1671648000.0,1581641000.0,,1471720000.0,3.237,72.222,68.333,,63.584,2025-01-01,FY,False,SEC XBRL (IFRS)
TFPM,Triple Flag Precious Metals Corp.,2021-12-31,FY2021,USD,150421000.0,83253000.0,68744000.0,,45527000.0,0.31,55.347,45.701,,30.266,2021-01-01,FY,False,SEC XBRL (IFRS)
TFPM,Triple Flag Precious Metals Corp.,2022-12-31,FY2022,USD,151885000.0,87004000.0,64107000.0,,55086000.0,0.35,57.283,42.208,,36.268,2022-01-01,FY,False,SEC XBRL (IFRS)
TFPM,Triple Flag Precious Metals Corp.,2023-12-31,FY2023,USD,204024000.0,102076000.0,40932000.0,,36282000.0,0.18,50.031,20.062,,17.783,2023-01-01,FY,False,SEC XBRL (IFRS)
TFPM,Triple Flag Precious Metals Corp.,2024-12-31,FY2024,USD,268991000.0,155210000.0,-17984000.0,,-23084000.0,-0.11,57.701,-6.686,,-8.582,2024-01-01,FY,False,SEC XBRL (IFRS)
TFPM,Triple Flag Precious Metals Corp.,2025-12-31,FY2025,USD,388704000.0,262918000.0,220819000.0,,240005000.0,1.18,67.64,56.809,,61.745,2025-01-01,FY,False,SEC XBRL (IFRS)
