ticker,shares_outstanding,currency,sector,company,market_cap_info,pe_forward,dividend_yield,beta
VNP,89935323.0,USD,Materials,5N Plus Inc.,2679173376.0,24.06691,,
ARE,68529529.0,CAD,Industrials,Aecon Group Inc.,3375079168.0,23.20377,1.7,1.235
ABRA,164504146.0,CAD,Materials,AbraSilver Resource Corp.,2391890176.0,-130.69662,,1.921
AAV,167435718.0,CAD,Energy,Advantage Energy Ltd.,1808305664.0,8.950252,,0.452
AC,287071362.0,CAD,Industrials,Air Canada,7616003584.0,11.027976,,1.646
AEM,506364864.0,USD,Materials,Agnico Eagle Mines Limited,107263270912.0,12.112904,1.21,0.619
AQN,,USD,Utilities,Algonquin Power & Utilities Corp.,,14.335146,4.32,0.9
AGI,418604465.0,USD,Materials,Alamos Gold Inc.,16919992320.0,9.213962,0.58,1.331
ATD,917962609.0,USD,Consumer Discretionary,Alimentation Couche-Tard Inc.,85489860608.0,18.300419,0.94,0.738
AAUC,126547893.0,USD,Materials,Allied Gold Corporation,3337068032.0,2.5636399,,0.608
AP.UN,183955983.0,CAD,Real Estate,Allied Properties Real Estate Investment Trust,2038379264.0,5.395604,7.33,1.094
ALA,312005563.0,CAD,Energy,AltaGas Ltd.,17341270016.0,19.771973,2.4,0.49
AIF,,CAD,Real Estate,Altus Group Limited,,15.914198,1.28,0.81
USA,337542787.0,USD,Materials,Americas Gold And Silver Corporation,2082638976.0,12.212984,,2.198
ARX,565874000.0,CAD,Energy,ARC Resources Ltd.,18713452544.0,13.175299,2.51,0.114
ARIS,206430693.0,USD,Materials,Aris Mining Corporation,4283436800.0,4.915794,,1.94
ACO.X,100985167.0,CAD,Utilities,ATCO Ltd.,8996572160.0,15.415881,2.6,0.427
ATZ,96253101.0,CAD,Consumer Discretionary,Aritzia Inc.,16065310720.0,23.240551,,1.729
ATH,481300000.0,CAD,Energy,Athabasca Oil Corporation,4841878016.0,11.303371,,0.354
ATRL,162583235.0,CAD,Industrials,AtkinsRéalis Group Inc.,14821088256.0,18.674818,0.09,0.948
ASM,175271023.0,USD,Materials,Avino Silver & Gold Mines Ltd.,1456502272.0,7.276708,,2.927
ATS,97007132.0,CAD,Industrials,ATS Corporation,3839542528.0,17.6135,,1.239
AYA,143349749.0,USD,Materials,Aya Gold & Silver Inc.,4612994560.0,16.884089,,1.697
BTO,1332417631.0,USD,Materials,B2Gold Corp.,7301648896.0,3.8750844,2.16,1.35
BDGI,33659562.0,USD,Industrials,Badger Infrastructure Solutions Ltd.,3201360896.0,23.018854,0.86,1.011
BMO,700416619.0,CAD,Financials,Bank of Montreal,177240440832.0,15.531773,2.72,1.152
BNS,1219093484.0,CAD,Financials,Bank of Nova Scotia,149558394880.0,13.205001,3.71,1.209
ABX,1675508360.0,USD,Materials,Barrick Gold Corporation,90041819136.0,8.638827,1.9,1.106
BHC,373990561.0,USD,Healthcare,Bausch Health Companies Inc.,3392094208.0,1.5820066,,0.379
BTE,708888000.0,CAD,Energy,Baytex Energy Corp.,4224972544.0,15.684211,1.41,0.569
BIR,274329604.0,CAD,Energy,Birchcliff Energy Ltd.,1706330112.0,8.638888,1.88,0.143
BCE,932525817.0,CAD,Communication Services,BCE Inc.,28861675520.0,11.574247,5.75,0.595
BDT,55403298.0,CAD,Industrials,Bird Construction Inc.,3890419456.0,18.914225,1.26,0.735
BB,586100431.0,USD,Information Technology,BlackBerry Limited,7314532864.0,38.96062,,1.46
BEI.UN,47766328.0,CAD,Real Estate,Boardwalk Real Estate Investment Trust,3686757632.0,14.085837,2.65,0.836
BBD.B,86557529.0,USD,Industrials,Bombardier Inc.,35860381696.0,25.167356,,2.094
BLX,,CAD,Energy,Boralex Inc.,,59.822582,1.78,-0.031
BYD,27830064.0,USD,Consumer Discretionary,Boyd Group Services Inc.,4156976640.0,20.316196,0.43,0.718
BAM,1596765155.0,USD,Financials,Brookfield Asset Management Ltd.,116820901888.0,24.100918,4.21,1.254
BBUC,206492638.0,USD,Industrials,Brookfield Business Corporation,9017533440.0,,0.85,1.372
BN,2233510540.0,USD,Financials,Brookfield Corporation,140292145152.0,,0.67,1.838
BIP.UN,457606976.0,USD,Utilities,Brookfield Infrastructure Partners L.P.,44280442880.0,26.9723,4.36,1.027
BEP.UN,303275965.0,USD,Energy,Brookfield Renewable Partners L.P.,22712311808.0,-18.640911,4.85,0.995
DOO,,CAD,Consumer Discretionary,BRP Inc.,,18.88798,1.15,1.027
CAE,321579686.0,CAD,Industrials,CAE Inc.,12123553792.0,25.368416,,1.041
CCO,435532978.0,CAD,Energy,Cameco Corporation,57046110208.0,49.65445,0.2,0.992
CM,912800674.0,CAD,Financials,Canadian Imperial Bank of Commerce,151579688960.0,14.918078,2.58,1.277
CAR.UN,153216000.0,CAD,Real Estate,Canadian Apartment Properties Real Estate Investment Trust,5372917248.0,13.785715,4.48,0.926
CNR,604900000.0,CAD,Industrials,Canadian National Railway Company,108307341312.0,19.939463,2.05,1.002
CNQ,2085710000.0,CAD,Energy,Canadian Natural Resources Limited,135425146880.0,12.620903,3.74,0.878
CP,879079224.0,CAD,Industrials,Canadian Pacific Kansas City Limited,112012271616.0,21.263388,0.8,1.219
CTC.A,49189530.0,CAD,Consumer Discretionary,Canadian Tire Corporation Limited,10800901120.0,12.933014,3.52,0.975
CU,205731737.0,CAD,Utilities,Canadian Utilities Limited,15133411328.0,20.017002,3.32,0.599
CPX,157080000.0,CAD,Utilities,Capital Power Corporation,10574625792.0,23.338696,4.22,0.41
CJT,14921249.0,CAD,Industrials,Cargojet Inc.,1320679808.0,21.15091,1.82,1.159
CS,763949339.0,USD,Materials,Capstone Copper Corp.,11031428096.0,10.717493,,2.176
CCL.B,160112031.0,CAD,Consumer Discretionary,CCL Industries Inc.,16327977984.0,17.712132,1.55,0.647
CLS,114982086.0,USD,Information Technology,Celestica Inc.,60220719104.0,18.835949,,1.516
CVE,1844245000.0,CAD,Energy,Cenovus Energy Inc.,74470612992.0,11.130038,2.08,0.495
CG,195607541.0,USD,Materials,Centerra Gold Inc.,4995816448.0,8.911867,1.16,1.565
CEU,210857332.0,CAD,Energy,CES Energy Solutions Corp.,3506557184.0,13.243503,1.19,0.974
GIB.A,182952649.0,CAD,Information Technology,CGI Inc.,21713928192.0,10.73999,0.66,0.17
CCA,30013827.0,CAD,Communication Services,Cogeco Communications Inc.,2545250304.0,6.9907155,6.68,0.664
CSH.UN,324211401.0,CAD,Real Estate,Chartwell Retirement Residences,7128681984.0,91.208336,2.76,0.899
CHP.UN,328024272.0,CAD,Real Estate,Choice Properties Real Estate Investment Trust,11523067904.0,15.307693,4.89,0.782
CIGI,49778127.0,USD,Real Estate,Colliers International Group Inc.,7113651712.0,11.674688,0.31,1.25
CSU,21191530.0,USD,Information Technology,Constellation Software Inc.,68342472704.0,17.068228,0.19,0.694
CRT.UN,110302431.0,CAD,Real Estate,CT Real Estate Investment Trust,4330797056.0,13.87023,5.12,0.85
CRR.UN,110706754.0,CAD,Real Estate,Crombie Real Estate Investment Trust,4528361472.0,26.36923,5.21,0.914
CURA,232910632.0,USD,Healthcare,"Curaleaf Holdings, Inc.",3339920384.0,-13.967971,,1.628
DFY,120215798.0,CAD,Financials,Definity Financial Corporation,9831247872.0,17.631725,1.07,0.127
DML,905016962.0,CAD,Energy,Denison Mines Corp.,3801071104.0,-74.04795,,1.601
DSG,85690827.0,USD,Information Technology,Descartes Systems Group Inc.,9331730432.0,23.895853,,0.186
DSV,810857272.0,USD,Materials,Discovery Silver Corp.,7711252992.0,15.729408,,2.448
DOL,,CAD,Consumer Staples,Dollarama Inc.,,32.77,0.24,0.388
DIR.UN,,CAD,Real Estate,Dream Industrial Real Estate Investment Trust,,12.283186,4.86,1.247
DPM,219368650.0,USD,Materials,Dundee Precious Metals Inc.,11744998400.0,9.051622,0.46,1.276
ELD,260810332.0,USD,Materials,Eldorado Gold Corporation,11666045952.0,5.8987594,1.0,1.403
EMP.A,125689580.0,CAD,Consumer Staples,Empire Company Limited,11477881856.0,13.193813,1.76,0.352
EFN,,USD,Industrials,Element Fleet Management Corp.,,14.612868,1.78,0.494
EMA,305900000.0,CAD,Utilities,Emera Incorporated,22532595712.0,20.262817,3.91,0.452
ENB,2184085509.0,CAD,Energy,Enbridge Inc.,164002971648.0,23.290941,5.09,0.794
EDR,296144479.0,USD,Materials,Endeavour Silver Corp.,3470813440.0,6.908341,,2.367
EFR,249919146.0,USD,Energy,Energy Fuels Inc.,4526035968.0,38.614075,,1.573
EQB,35434112.0,CAD,Financials,EQB Inc.,4952979968.0,11.580376,1.63,1.313
EFX,122066954.0,USD,Industrials,Equifax Inc.,3825578240.0,11.265277,0.54,2.076
EQX,789157839.0,USD,Materials,Equinox Gold Corp.,10653630464.0,6.1774287,0.33,2.4
ERO,104277968.0,USD,Materials,Ero Copper Corp.,4256626688.0,6.1413655,,1.586
EIF,,CAD,Industrials,Exchange Income Corporation,,24.824339,2.2,0.919
FFH,19221125.0,USD,Financials,Fairfax Financial Holdings Limited,49992736768.0,10.370505,0.88,0.449
FTT,130564565.0,CAD,Industrials,Finning International Inc.,13023815680.0,18.6302,1.33,1.347
FCR.UN,212554778.0,CAD,Real Estate,First Capital Real Estate Investment Trust,4869629952.0,16.97037,3.95,0.887
AG,492906383.0,USD,Materials,First Majestic Silver Corp.,11445285888.0,16.271898,0.41,2.108
FSV,43922540.0,USD,Real Estate,FirstService Corporation,8737510400.0,21.26174,0.88,0.908
FM,834206136.0,USD,Materials,First Quantum Minerals Ltd.,35136761856.0,15.048641,,1.998
FTS,510900000.0,CAD,Utilities,Fortis Inc.,40672747520.0,20.540752,3.21,0.427
FVI,302957387.0,USD,Materials,Fortuna Mining Corp.,3856647168.0,5.475853,,2.12
FRU,163960334.0,CAD,Energy,Freehold Royalties Ltd.,2803721728.0,21.78344,6.31,0.781
FNV,192855530.0,USD,Materials,Franco-Nevada Corporation,59353223168.0,23.823057,0.84,0.909
GMIN,296042923.0,USD,Materials,G Mining Ventures Corp.,13588370432.0,18.624996,,0.847
GEI,172600000.0,CAD,Energy,Gibson Energy Inc.,5424818176.0,20.29824,5.55,0.602
GFL,349077362.0,CAD,Industrials,GFL Environmental Inc.,21375535104.0,47.331367,0.17,0.492
WN,377043624.0,CAD,Consumer Staples,George Weston Limited,38922215424.0,18.952866,1.23,0.508
GIL,185191848.0,USD,Consumer Discretionary,Gildan Activewear Inc.,14776457216.0,10.344775,1.81,1.11
GRT.UN,,CAD,Real Estate,Granite Real Estate Investment Trust,,13.939759,3.69,
GSY,16033683.0,CAD,Financials,goeasy Ltd.,781321344.0,9.311471,17.95,1.301
HR.UN,264567258.0,CAD,Real Estate,H&R Real Estate Investment Trust,3088498176.0,8.895161,5.44,1.09
GWO,895200000.0,CAD,Financials,Great-West Lifeco Inc.,83513204736.0,14.6819515,2.88,0.69
HBM,444144760.0,USD,Materials,Hudbay Minerals Inc.,15451796480.0,12.780256,0.13,2.265
HWX,237762877.0,CAD,Energy,Headwater Exploration Inc.,3081406976.0,22.539131,3.62,1.033
H,600096020.0,CAD,Utilities,Hydro One Limited,34793566208.0,24.293566,2.42,0.403
IAU,862051146.0,USD,Materials,I-80 Gold Corp.,1706861312.0,10.091777,,2.041
IAG,,CAD,Financials,iA Financial Corporation Inc.,,13.433848,1.96,0.715
IMG,578000000.0,USD,Materials,Iamgold Corporation,12051300352.0,6.4514666,,2.255
IMO,483592715.0,CAD,Energy,Imperial Oil Limited,86833905664.0,15.285565,1.91,0.817
IGM,230888705.0,CAD,Financials,IGM Financial Inc.,20994709504.0,14.9643545,2.85,1.117
IFC,176349221.0,CAD,Financials,Intact Financial Corporation,49935044608.0,15.133126,2.14,0.291
IPCO,112826752.0,USD,Energy,International Petroleum Corporation,3420907008.0,10.448276,,0.898
IVN,1426373110.0,USD,Materials,Ivanhoe Mines Ltd.,15447620608.0,17.932138,,1.819
IIP.UN,139856082.0,CAD,Real Estate,InterRent Real Estate Investment Trust,1922908160.0,19.911764,0.0293,0.891
JWEL,41481951.0,CAD,Consumer Staples,Jamieson Wellness Inc.,1723575040.0,16.575644,2.22,0.928
KNT,245120724.0,USD,Materials,K92 Mining Inc.,5956433408.0,6.7587676,,1.302
KEL,202198000.0,CAD,Energy,Kelt Exploration Ltd.,1949188736.0,10.365592,,0.325
KEY,,CAD,Energy,Keyera Corp.,,19.301394,3.63,0.824
KMP.UN,122126262.0,CAD,Real Estate,Killam Apartment Real Estate Investment Trust,2316380672.0,14.379845,3.87,0.944
K,1186240789.0,USD,Materials,Kinross Gold Corporation,39359467520.0,7.805746,0.7,1.413
KXS,27320045.0,USD,Information Technology,Kinaxis Inc.,4773085184.0,24.006376,,0.741
LIF,64000000.0,CAD,Materials,Labrador Iron Ore Royalty Corporation,1728000000.0,13.012048,5.05,0.83
LNR,59213688.0,CAD,Consumer Discretionary,Linamar Corporation,6257110528.0,8.000309,1.12,1.324
LB,44793140.0,CAD,Financials,Laurentian Bank of Canada,1804715648.0,13.869191,4.67,1.179
LSPD,129299592.0,USD,Information Technology,Lightspeed Commerce Inc.,1895532032.0,11.399294,,1.797
LAC,351062478.0,USD,Materials,Lithium Americas Corp.,1520100480.0,-20.83984,,3.454
L,1163888224.0,CAD,Consumer Staples,Loblaw Companies Limited,76013535232.0,22.806955,0.94,0.382
LUG,241832730.0,USD,Materials,Lundin Gold Inc.,19733551104.0,13.346876,7.02,1.467
LUN,,USD,Materials,Lundin Mining Corporation,,18.429453,0.32,2.111
MG,267519846.0,USD,Consumer Discretionary,Magna International Inc.,26393507840.0,9.129923,2.84,1.855
MFC,1665674480.0,CAD,Financials,Manulife Financial Corporation,104904179712.0,12.7973795,2.97,0.781
MFI,124430069.0,CAD,Consumer Staples,Maple Leaf Foods Inc.,3608472064.0,15.875623,2.97,0.886
MDA,161919141.0,CAD,Industrials,MDA Space Ltd.,7788310016.0,26.46274,,
MX,77364263.0,USD,Materials,Methanex Corporation,5826302464.0,9.673426,1.35,0.869
MAU,403252111.0,USD,Materials,Montage Gold Corp.,6899643392.0,7.1005573,,2.183
MRU,210933000.0,CAD,Consumer Staples,Metro Inc.,19570362368.0,16.756607,1.75,0.362
MTL,96241057.0,CAD,Industrials,Mullen Group Ltd.,2625456128.0,18.04985,3.05,0.929
NA,385142589.0,CAD,Financials,National Bank of Canada,87080738816.0,15.923803,2.33,1.189
NXE,661909421.0,CAD,Energy,NexGen Energy Ltd.,9068158976.0,-48.92857,,1.648
NFI,,USD,Consumer Discretionary,NFI Group Inc.,,12.788884,,0.558
NGEX,216858780.0,CAD,Materials,NGEx Minerals Ltd.,5855186944.0,-51.376324,,1.874
NPI,,CAD,Energy,Northland Power Inc.,,14.6226425,3.3,0.616
NWC,,CAD,Consumer Staples,North West Company Inc.,,13.335784,3.23,0.509
NG,438780614.0,USD,Materials,NovaGold Resources Inc.,3896371968.0,-26.547085,,2.158
NTR,480023548.0,USD,Materials,Nutrien Ltd.,45223018496.0,13.0004635,3.23,1.061
ONEX,76186484.0,USD,Financials,Onex Corporation,8650124288.0,5.6695,0.37,0.963
OGC,222447523.0,USD,Materials,OceanaGold Corporation,7845724160.0,6.8637924,0.99,1.509
OTEX,242662360.0,USD,Information Technology,Open Text Corporation,9017333760.0,5.9354715,4.38,1.032
OLA,375312739.0,USD,Materials,Orla Mining Ltd.,5051709440.0,5.441653,0.67,1.172
OR,187495864.0,USD,Materials,Osisko Gold Royalties Ltd.,8118571008.0,21.888033,0.77,1.323
PAAS,421350000.0,USD,Materials,Pan American Silver Corp.,26654601216.0,9.88064,1.42,1.549
POU,145935878.0,CAD,Energy,Paramount Resources Ltd.,4210249984.0,15.636856,2.03,0.703
PXT,96180254.0,USD,Energy,Parex Resources Inc.,2259274240.0,3.6528077,6.34,0.492
PPTA,125094503.0,USD,Materials,Perpetua Resources Corp.,3640250112.0,-207.64597,,0.689
PPL,581555000.0,CAD,Energy,Pembina Pipeline Corporation,39569002496.0,21.677696,4.29,0.71
PET,68111950.0,CAD,Consumer Discretionary,Pet Valu Holdings Ltd.,1317285120.0,11.042721,2.65,0.841
PEY,,CAD,Energy,Peyto Exploration & Development Corp.,,11.680555,5.6,0.311
PSK,232443000.0,CAD,Energy,PrairieSky Royalty Ltd.,7923982336.0,31.179972,3.06,0.86
POW,,CAD,Financials,Power Corporation of Canada,,13.774588,2.79,0.934
PBH,,CAD,Consumer Staples,Premium Brands Holdings Corporation,,12.59984,3.67,0.894
PMZ.UN,118070954.0,CAD,Real Estate,Primaris Real Estate Investment Trust,3123699712.0,12.948571,3.81,1.062
RBA,186300000.0,USD,Industrials,"RB Global, Inc.",29073977344.0,23.09454,1.21,0.552
QBR.B,150608193.0,CAD,Communication Services,Quebecor Inc.,14361607168.0,13.430442,2.47,0.63
RCH,,CAD,Consumer Discretionary,Richelieu Hardware Ltd.,,18.562328,1.77,0.901
QSR,346983973.0,USD,Consumer Discretionary,Restaurant Brands International Inc.,47417966592.0,16.880072,3.56,0.53
REI.UN,290616179.0,CAD,Real Estate,RioCan Real Estate Investment Trust,6354306048.0,13.450618,5.22,1.002
RCI.B,429076558.0,CAD,Communication Services,Rogers Communications Inc.,25730930688.0,9.802207,4.21,0.792
SEA,107622939.0,CAD,Materials,Seabridge Gold Inc.,4125187328.0,-119.78126,,1.846
RUS,54911755.0,CAD,Industrials,Russel Metals Inc.,3826251264.0,17.60485,2.62,1.101
RY,1389662335.0,CAD,Financials,Royal Bank of Canada,407824203776.0,16.650251,2.4,0.932
SAP,400448655.0,CAD,Consumer Staples,Saputo Inc.,15777677312.0,16.750134,2.03,0.126
SIA,106131563.0,CAD,Healthcare,Sienna Senior Living Inc.,2337017088.0,33.876926,4.2,1.039
SHOP,1219581025.0,USD,Information Technology,Shopify Inc.,225026293760.0,53.136047,,2.59
SES,218034987.0,CAD,Industrials,Secure Energy Services Inc.,5372382208.0,22.885166,1.74,0.728
SVM,221202535.0,USD,Materials,Silvercorp Metals Inc.,3176468224.0,6.1480207,0.27,1.977
SOBO,208584627.0,USD,Energy,South Bow Corporation,10625300480.0,18.739462,5.46,
SKE,124084385.0,CAD,Materials,Skeena Resources Limited,5010527744.0,8.817923,,2.242
SRU.UN,144708787.0,CAD,Real Estate,SmartCentres Real Estate Investment Trust,5714693120.0,14.555,6.26,0.85
SII,25782581.0,USD,Financials,Sprott Inc.,3798547456.0,23.92789,1.54,1.345
STN,114066995.0,CAD,Industrials,Stantec Inc.,11646239744.0,14.867214,0.95,0.722
SCR,214235608.0,CAD,Energy,Strathcona Resources Ltd.,8800799744.0,10.66091,2.82,-0.209
SSRM,207491071.0,USD,Materials,SSR Mining Inc.,7770541056.0,5.7555075,,0.877
SJ,54556381.0,CAD,Materials,Stella-Jones Inc.,4319774208.0,12.648825,1.76,0.303
SLF,554299767.0,CAD,Financials,Sun Life Financial Inc.,64149114880.0,13.546399,3.16,0.825
SPB,214568858.0,USD,Utilities,Superior Plus Corp.,1731570688.0,12.428194,2.26,0.323
SU,1180745189.0,CAD,Energy,Suncor Energy Inc.,107199856640.0,11.622415,2.55,0.569
TVE,475036000.0,CAD,Energy,Tamarack Valley Energy Ltd.,6256224256.0,14.797753,1.49,0.99
TRP,1041766896.0,CAD,Energy,TC Energy Corporation,95800885248.0,23.451166,3.72,0.978
TKO,,CAD,Materials,Taseko Mines Limited,,9.330509,,2.006
TECK.B,483000468.0,CAD,Materials,Teck Resources Limited,44654411776.0,18.233757,0.59,1.587
T,1575000000.0,CAD,Communication Services,Telus Corporation,21089251328.0,14.951706,10.78,0.733
TVK,21685695.0,CAD,Energy,TerraVest Industries Inc.,2524431872.0,22.751125,0.7,0.591
TFII,82193031.0,USD,Industrials,TFI International Inc.,16377783296.0,18.000875,1.4,1.487
TRI,436538837.0,USD,Industrials,Thomson Reuters Corporation,66842824704.0,21.710293,2.66,0.171
X,275392607.0,CAD,Financials,TMX Group Limited,14463620096.0,19.36814,1.87,0.043
TPZ,154851000.0,CAD,Energy,Topaz Energy Corp.,4835996672.0,25.185484,4.42,
TXG,93346413.0,USD,Materials,Torex Gold Resources Inc.,5272205312.0,5.1545405,1.19,1.454
TIH,81562763.0,CAD,Industrials,Toromont Industries Ltd.,18101223424.0,23.802347,1.06,0.972
TD,1652051000.0,CAD,Financials,Toronto-Dominion Bank,277379350528.0,15.623312,2.67,0.873
TOU,388601707.0,CAD,Energy,Tourmaline Oil Corp.,23654184960.0,12.089375,3.23,0.245
TA,316300000.0,CAD,Utilities,TransAlta Corporation,5690236928.0,32.22109,1.59,0.476
TCL.A,74112647.0,CAD,Consumer Discretionary,Transcontinental Inc.,452823232.0,4.7436996,13.58,1.265
TFPM,206603912.0,USD,Materials,Triple Flag Precious Metals Corp.,8683561984.0,21.779902,0.8,0.304
TSU,47237592.0,CAD,Financials,Trisura Group Ltd.,1997205376.0,11.901813,,0.574
VET,152800000.0,CAD,Energy,Vermilion Energy Inc.,2369927936.0,14.361111,3.24,0.487
VZLA,351018130.0,USD,Materials,Vizsla Silver Corp.,1677866752.0,4.2555423,,1.592
VITL.UN,250006220.0,CAD,Real Estate,Vital Infrastructure Property Trust.,1380034304.0,,6.44,1.279
WCN,252049532.0,USD,Industrials,Waste Connections Inc.,58757787648.0,26.819647,0.84,0.478
WDO,148294000.0,CAD,Materials,Wesdome Gold Mines Ltd.,4193754368.0,7.349311,0.12,0.88
WFG,76022344.0,USD,Materials,West Fraser Timber Co. Ltd.,7728587264.0,26.881058,2.0,1.12
WPM,454125089.0,USD,Materials,Wheaton Precious Metals Corp.,73758998528.0,21.792578,0.71,1.191
WCP,1215900000.0,CAD,Energy,Whitecap Resources Inc.,19782694912.0,13.336065,4.41,0.69
WPK,,USD,Consumer Discretionary,Winpak Ltd.,,12.294957,0.45,0.141
WSP,134816636.0,CAD,Industrials,WSP Global Inc.,24362715136.0,13.7509165,0.88,0.465
